voltage,current,temperature,irradiance,power,fault_type
32.247240713084175,9.401428612819831,28.247915185359673,929.597545259111,292.74164412257466,NORMAL
30.935967122017217,7.616167224336399,30.126466040849092,930.3345035229627,240.51596965473786,NORMAL
30.123506965774816,9.43981970432399,29.654196971205906,813.7017332034828,275.31283428517594,NORMAL
31.1004270591206,8.108484485919075,25.34659004285133,879.5835055926348,246.91260250710855,NORMAL
33.67111736833428,7.778987721304084,22.090025079493053,859.9085529881075,260.77656193021045,NORMAL
34.71105576835808,7.899347564316719,25.19928213779056,927.7243706586128,261.758604816153,NORMAL
33.64526911140863,7.841048247374583,18.910722301793914,1034.665661176,276.0982116226136,NORMAL
34.85038408869877,8.109227538346742,19.367409596089374,955.2699079536471,280.91834582870723,NORMAL
30.732229409068673,8.490353820222541,18.481439295613058,1022.7961206236346,254.63340769915496,NORMAL
33.97513370612389,8.123422152178822,25.280952296489353,914.0130838029838,267.2965146824422,NORMAL
35.817507766587354,9.050265646722229,31.15298518189865,1018.4482051282946,327.331465833589,NORMAL
35.5312454101387,7.676985004103839,20.74376007386803,763.5681866731614,268.0083240484135,NORMAL
32.332063738136895,8.042698063547792,29.60232512812701,857.0259980080768,254.34051254806508,NORMAL
33.25617649894949,7.781848449949525,29.230757730556554,772.3651931039312,271.3948929144938,NORMAL
34.63346861577995,7.897431363068344,18.077309639730434,994.6384285364502,279.1733090260998,NORMAL
34.37404300824592,9.042540693371892,19.036625124277265,857.5397185632818,298.88879127665297,NORMAL
35.17862055525356,8.746596253655117,22.63257234793709,769.067505085807,301.87724550325055,NORMAL
31.95109993216048,8.959212356676128,26.925804598972984,1016.1638227728979,285.4613229680366,NORMAL
30.71756547562981,8.92648957444599,28.650990680636564,918.3831592708489,281.62994880283634,NORMAL
32.962773578186344,8.545465658763987,23.985574257019696,757.6257380232286,270.6372471356306,NORMAL
30.188575114120404,8.77282082252756,22.40098373506857,902.5712073494108,275.632908486957,NORMAL
31.49575337489325,8.320765846071259,28.577715939602683,818.6394496474868,250.98275270363806,NORMAL
31.73850871748261,7.822442574508009,31.01576713279602,992.436113869325,251.5847124158998,NORMAL
35.228763541126305,9.107344153798229,20.6119808244045,1017.7676995469933,322.102732035009,NORMAL
34.844640930984376,9.292182599846987,22.452048649606095,783.0155773583031,314.9737755921919,NORMAL
32.56264673175754,9.136029531844986,30.05022816558881,752.0856391593572,297.81302722970133,NORMAL
32.50446601889267,7.944215620941461,19.678115142671558,851.2845514210884,269.65941121032904,NORMAL
31.939217592124532,8.537581243486732,27.842265424532492,859.0888807137882,285.5483917881103,NORMAL
35.77468376965267,8.00356459165073,24.961479082493398,840.2634929450309,280.1644379173095,NORMAL
30.221321684127197,8.719128667959794,25.03750632520406,765.4436253749968,257.6708470959616,NORMAL
35.449595315799925,7.979123781333945,20.028528209277123,896.8358280832689,296.59365794148687,NORMAL
31.452331629069004,8.844271094811758,28.662674614602047,821.2912631977199,284.5213089273174,NORMAL
32.20669879631552,8.764611661187159,26.869415950652524,910.7324052224276,270.7139399232911,NORMAL
35.01181497353543,8.141560129943471,20.61125914559796,762.2325424664292,287.64170745401975,NORMAL
34.065386171053696,7.533175657855712,25.169302816189933,817.9487325593814,260.34596983526654,NORMAL
31.046198574029948,8.881875476204932,23.414294848207525,1031.0189966210203,265.7531652474635,NORMAL
32.04639810630155,7.726947042481179,30.94571065589988,1013.2018060142943,241.62695178046533,NORMAL
33.95990427620507,9.134444400402431,25.772811362392474,908.8951735068019,302.1969901236542,NORMAL
30.558616606835397,9.294431515906654,30.605852800286627,939.9304371819803,279.45301340795197,NORMAL
32.09525744767596,8.951911357740478,30.559543639336077,1016.1259272795352,295.35511312587016,NORMAL
33.85218987692573,7.668279929990097,20.262801997324594,1019.5662565581238,262.350839619388,NORMAL
30.055182309699777,7.702943085732064,27.28902476751278,751.5184751538656,223.66061203475115,NORMAL
33.29240273619952,8.883790395385386,27.127457633036407,817.2807928381679,302.03819819315544,NORMAL
31.4234945249808,8.150799396318536,28.450879671652338,944.8898697141644,265.0711406885994,NORMAL
33.94567735380206,8.636617206670943,19.311446749593294,860.31474091783,286.2921222606132,NORMAL
31.463937860274502,9.44602110950489,23.503368145334647,1017.613966553134,301.1065794839328,NORMAL
34.76886782124989,8.505274186210384,26.07665438476903,897.7553081456592,286.7065175728271,NORMAL
34.33471269156903,8.061544724881712,18.340423530040354,943.6416887721504,267.8535419335295,NORMAL
35.642751506117484,9.407857154005175,30.80810146308628,861.0476100766333,319.07411323298754,NORMAL
35.56991137552635,8.356368296634628,31.533167466611374,1039.085993126776,307.7279661569595,NORMAL
31.766693352417516,8.270195457203851,29.915913401235997,845.0766015468832,254.03378347791613,NORMAL
33.3408075747501,9.372309548321562,27.74441715344962,921.0183510268095,299.8929253874293,NORMAL
33.69004336019502,9.480107700208526,19.961176213311337,905.498895709121,331.4379783744205,NORMAL
34.44461170652523,8.894031481990536,27.834777175819532,857.8473453659266,300.0281168975932,NORMAL
34.85616693287108,9.120226789358362,30.13901246012145,1023.9721657669413,318.2567179255749,NORMAL
33.0090977681232,9.09659035793355,27.09949503088871,960.590063177311,309.15201408002247,NORMAL
35.3400320509054,8.175990313703071,23.258161336959216,778.1945819522607,291.2015842472977,NORMAL
30.215653642780453,8.43119603626492,25.597024885906073,835.9623756384854,257.0681137737676,NORMAL
30.183001499634297,7.574696377498428,29.516407849235215,858.0571924233789,220.10066581422737,NORMAL
33.133459560328824,9.039987106197222,21.021494384955805,936.8671427457001,287.10612373151554,NORMAL
30.310090327011647,8.562709263136297,25.568891702541492,941.2289704494619,265.4043863543284,NORMAL
35.855112476775204,8.53260069660239,22.521390621177446,988.5558584306111,298.9262601442849,NORMAL
32.63382852423382,7.656912762684532,18.354910407816405,1038.7945244033776,258.2696604899143,NORMAL
34.17584523656219,8.31790588882854,20.42612048099184,796.9311128013259,277.1715826418648,NORMAL
33.295359988236726,8.929191845400124,27.242763274048237,833.9801690837828,310.8238315706885,NORMAL
34.42738150017461,8.608708105022801,26.564090447280932,875.880018728337,288.8986483396104,NORMAL
32.13583607190757,9.015692220928738,18.201508840816583,784.8217921520749,276.5732867821821,NORMAL
30.24437281391382,9.210921168022015,27.85121003132033,892.2521487261976,267.37505677959774,NORMAL
32.949695250701,8.446943541561131,20.42482617874021,880.1554947713919,275.4993564767924,NORMAL
33.695100588313295,8.770187301735287,18.634256136808624,862.3837843879413,299.2316591724738,NORMAL
33.018817551480524,9.212979682376645,27.22171084266523,798.880328124429,291.1383237349994,NORMAL
33.85451566923789,7.553022621083244,26.200858137828487,1032.0690724274873,257.6338270099285,NORMAL
32.32901955723913,8.786576436884706,24.415540466881232,913.6850367947804,296.60171269726237,NORMAL
32.31661582680464,9.422381127647828,30.674908987384892,808.7373404367889,291.38654546509537,NORMAL
30.60466800826456,7.5364436513031,19.322201450582998,954.902032024907,220.75980682598666,NORMAL
31.91385378176257,9.18975062193891,18.325807100301564,994.3405447766808,286.8825866722411,NORMAL
30.708988965729937,8.893474330728301,26.805199854918378,1013.2416040581159,279.5296210834596,NORMAL
34.82088558230909,8.064069145142613,20.48415361291612,975.1844254922576,289.41388803328397,NORMAL
35.94303085200404,8.325235353822853,23.208253201098962,982.9238882225991,294.4704887856559,NORMAL
35.58454395362139,9.216825503686024,24.00591638325026,975.2613203374492,336.324941163867,NORMAL
30.618743213015595,9.305105813359134,25.07353321427,997.9372398323225,279.7836670369014,NORMAL
35.3731393709772,8.278403357468326,18.15172712072418,1021.6145929257791,280.8646361450665,NORMAL
31.91588182554249,9.40012393410161,31.308500057125784,922.0313664369858,303.96853560479445,NORMAL
32.69067313186992,8.08642154339613,22.601303635178823,951.7555368231115,271.02209838820124,NORMAL
34.74947426235509,9.079236285589108,19.276885442681664,898.3260914107744,301.5397245711973,NORMAL
33.297173293942414,8.383061002746754,30.427858558616197,855.2745037656236,268.4433409883865,NORMAL
30.857950092317015,9.023021263434945,26.655052886427654,780.336802836837,266.85214495548314,NORMAL
34.20581478875472,7.6455260127283875,29.506040830064986,961.8726681469489,250.5728194968082,NORMAL
30.50902628451115,9.47327915700235,23.239791140585684,861.1926441200673,298.06107224758085,NORMAL
35.68349146430315,9.472002127645741,28.547294593625182,862.8778756592748,323.9166767361641,NORMAL
34.66288149556462,8.61680849947161,23.93910812945767,1021.9063155284208,287.0705256336468,NORMAL
32.955750625745154,7.522707289534838,24.561248987917768,766.8909827045512,238.46633397466846,NORMAL
30.705157480662628,8.798420604232128,28.444628309715924,925.0106295291479,282.6428000787973,NORMAL
32.24922347714222,8.071424172563722,30.160387794652443,817.0787515558358,272.3547131551833,NORMAL
30.0729268481389,9.439757653415278,18.604238767308065,1017.3429341094213,284.66752362179506,NORMAL
35.9577887767158,7.647593129470797,25.753959981618493,1040.7907606857298,275.62570726019624,NORMAL
33.776391828811576,8.891497377969234,24.363574906748823,938.267424025219,302.8548495584773,NORMAL
35.406948062945936,7.590892760682916,21.933484654291224,1035.1234452229676,279.25947894107503,NORMAL
32.73394051671428,8.740265195603074,21.88333656173586,806.4363479171284,285.06472032270443,NORMAL
32.12011336815632,8.667312223701744,19.08828491750979,1042.31844229985,291.9309177339403,NORMAL
34.18897028411847,8.57219273268824,22.33338662800859,994.1385059120846,298.48844115046245,NORMAL
30.97570163606935,9.321854368987685,29.515521400924364,1034.939973987577,295.2686525454957,NORMAL
33.68049117561474,8.336486072581238,31.058198766956185,1009.8191668501224,268.00773433071265,NORMAL
30.158201846983513,8.2529267337561,29.34774663094566,1046.1828387944834,240.1925363513888,NORMAL
33.56478429211281,8.261781713262042,31.578801569404444,1002.6356769407126,286.68694254986724,NORMAL
32.81215895876982,8.32963900467533,21.82769900702989,766.9126489952781,283.28179178733177,NORMAL
34.877406054780465,9.49943534657226,31.952915719034674,916.6295116807883,340.22763827695064,NORMAL
35.66859437929457,9.199294781354823,21.46287342440477,885.163240593028,315.9576735416512,NORMAL
35.724306163552335,8.712349268901761,21.200999277048478,951.510205321757,314.9192871415164,NORMAL
32.14897630819704,7.727115184399258,27.402024738299197,906.092310271138,255.18374497405577,NORMAL
33.12098100667196,9.20436300063708,25.726695742842796,918.2813914606159,316.3401008997664,NORMAL
32.420897197274385,7.768030456901282,18.402957468386745,976.5411767020857,254.87647101393097,NORMAL
34.22447860859534,7.925928323017821,19.909200658214775,754.3633997003645,267.20779104431506,NORMAL
33.5395061211278,8.284488090199465,24.124648908332205,1021.2476083481245,273.64130124507216,NORMAL
33.083936934958864,9.067306025482287,23.551598952497784,936.626010068362,310.85244627328433,NORMAL
35.69712374194585,7.794146961858075,30.972226752260923,897.6348879238615,271.50229533132386,NORMAL
32.75481453742957,9.460065150570955,24.896653315900174,848.6254830862524,313.99627413582215,NORMAL
31.44087371266916,7.651726656217328,19.804316106749088,788.4137516873317,232.20255190440812,NORMAL
30.832963035896462,8.78174948960643,20.546321181588027,853.700184997159,281.511092323398,NORMAL
32.843769841577235,8.835115477042054,20.412478196822818,807.6867056426013,276.8554936626099,NORMAL
31.013610378432986,8.057180678063917,20.478146779874457,776.6107601271167,240.40262562169931,NORMAL
32.764672608196356,7.912667436811585,23.099778054673056,901.025181256457,264.19205739459267,NORMAL
30.235872839046593,9.098820797818085,26.79060545287271,774.5277095846616,285.3883396173617,NORMAL
35.52523440319088,7.622155919709727,21.87628707406085,991.8603839379184,277.5012236898617,NORMAL
31.107126116138264,7.918698646673421,23.186609439079348,895.3568955573064,249.24090311106923,NORMAL
32.213481837418634,8.425069432266296,28.46459313387259,761.0049608671794,264.68193947652156,NORMAL
34.28009751530732,9.290413675374399,25.163484189619325,909.6340455795947,305.9656468334055,NORMAL
32.68447420094073,8.565234532910047,21.394587050886216,830.7729692848143,276.5147549658104,NORMAL
30.120427186666358,8.144158331166356,20.960272097951623,848.2492056533744,235.97808290820888,NORMAL
35.34316368443937,8.687184907108097,27.507432468022856,986.7513715822015,306.98476855789477,NORMAL
30.521521728524544,8.574213083637096,26.215775652292308,973.631842255299,259.9095747187241,NORMAL
30.76548181677338,8.067551811597449,23.08315214958089,943.7751723994804,249.95885108230885,NORMAL
32.136580355387075,9.47303049758596,26.48084747099642,821.1680375207984,292.3078375205291,NORMAL
30.917154835105993,7.991915456769016,20.24953922563378,805.9701072153917,241.77726241991817,NORMAL
31.04024157176853,9.29353084925285,19.12327243926299,907.3534168710764,285.8886290367352,NORMAL
35.894271701451636,7.724077804336105,23.569978386640383,1040.8411299826107,287.38383780322306,NORMAL
34.90243242569568,8.01580565408988,20.392426223460923,950.5929659773293,291.7838151103289,NORMAL
33.34057735808358,8.6432253789398,21.91970731124398,980.8478799575811,279.1516601798422,NORMAL
31.94207541842546,8.350872877232833,25.106545301582372,822.7229197245241,256.4702065153422,NORMAL
33.663720254649796,8.077261106480512,26.13733509991657,796.3088145822607,271.397837580287,NORMAL
33.19553659530951,7.603647073644854,22.71245989471489,790.3244030816923,241.3864169906368,NORMAL
35.93976139433967,8.144707689949445,29.33824224196489,826.3921964291292,298.03177783376475,NORMAL
34.56136715933812,8.691277481215689,24.602066639702215,873.5522742441806,295.8427003454713,NORMAL
35.57717486548695,9.161238815575459,31.510376749331176,787.2891670456634,333.4556819243721,NORMAL
35.63004274092623,7.8624661323313205,18.930947743134887,972.3361947870177,282.2262941690234,NORMAL
35.05097266054963,7.779544753252579,29.13374236603846,810.4881960143233,263.5091601754559,NORMAL
30.985594787585956,9.129149440462765,27.3127610897468,906.9196274307358,278.8788332188936,NORMAL
35.26320324487865,8.284890214845271,29.432392152602077,881.7404725710655,288.5566772630783,NORMAL
32.776078714017636,8.102755748328285,28.466531322467517,900.8161170277438,258.4647570786477,NORMAL
35.39744743964741,8.267782442746423,25.60974005559584,1021.9416332893641,296.29432370106235,NORMAL
30.701388244250186,9.37966424722695,26.78791274299985,850.4716843971258,277.5808779333776,NORMAL
34.76415113562177,8.740145511857026,25.4684552876685,1018.1677749152873,312.6125851089184,NORMAL
30.910049278396507,8.123444135591097,21.47884795740252,973.183887771803,239.38324183389597,NORMAL
33.4193381092279,9.024917371481381,30.27471891466449,852.6245246147722,311.296102686313,NORMAL
30.663790421731242,9.192904583469037,19.784841272647753,869.1861871681102,290.26973775531667,NORMAL
30.89950456409264,7.958502790465283,28.11153595750293,966.0109609638223,249.3848082791022,NORMAL
34.1636906668026,8.585448886695193,21.52518682469734,853.7087980511758,283.9715428912382,NORMAL
35.45070336800177,8.66678358953224,23.61191983469096,888.6017410932398,320.98606738084396,NORMAL
30.920108418696483,8.672459664033594,25.082441504382523,933.4362706303943,255.2313541393219,NORMAL
35.23274345366491,9.364236564967225,25.911864570248923,958.9952471630677,343.8671713227565,NORMAL
34.24343180588039,7.805078085828523,26.068037042335384,932.0145139148567,265.24487944858265,NORMAL
34.418665413748336,9.368734029538029,30.957959180694868,885.2518114212396,309.98782216507135,NORMAL
35.90904719377401,9.177796172891869,19.745277536845737,1026.2525647852117,341.75643924258765,NORMAL
33.11302834275644,8.682550871489859,23.586037854181825,766.4284916466094,282.7673822758495,NORMAL
34.817120691588066,7.509264046009205,22.668988403676018,869.450608077283,262.42866419600347,NORMAL
35.519133698476566,8.192691988731923,22.857344826547187,971.2503744329244,289.60687697366654,NORMAL
31.347628937639893,8.404879032265386,19.9719982853172,802.916095951867,263.430024383143,NORMAL
32.513552697027286,9.3296918021362,23.073514587632864,924.1765050834131,307.35354982715506,NORMAL
30.07856673953,8.827074744033421,20.49250353617652,1038.3210952408365,256.1775499671198,NORMAL
32.48774474236214,7.670699336157288,31.956239525843262,900.6585030993728,251.5807521626753,NORMAL
30.402458864330566,8.999920940798356,20.9386783033382,1019.4162868322142,265.5517651014413,NORMAL
31.144126323982,7.57309933569619,24.60893723153999,919.452339978785,225.6144722084918,NORMAL
34.653165700170064,8.406577669496055,25.34146377058612,882.2288240814685,288.4236127348181,NORMAL
33.357841987849305,7.810480491861425,20.546993826933797,1008.5356863040552,272.16390088077304,NORMAL
32.23985589767852,8.041489346287108,27.01599360534622,872.6202513294289,246.9517925049726,NORMAL
30.93691558419714,8.931944457694796,27.22493518674212,758.128797751045,268.64415708501593,NORMAL
31.38644877952843,8.843785487197456,18.275947528561097,781.2325745953722,285.8999415569684,NORMAL
31.071267972326,8.80549221570375,21.334558934654172,779.8324178278035,266.5710556980244,NORMAL
34.333601591133956,9.211392936212572,29.623078103937882,869.1550588855364,321.5761606618822,NORMAL
31.229905772494927,8.086295460522027,30.54870145929568,753.9005770532208,242.06691624706264,NORMAL
31.247317530876163,7.553064407747639,20.540096091257162,924.9124682909077,234.15851911117574,NORMAL
35.35603026646185,9.134887123476881,22.785442923770262,827.8270300293877,319.08773107461064,NORMAL
33.54176965508885,8.036127281645753,26.738084709887875,872.8234956573722,270.9488407776402,NORMAL
32.616759174811904,8.088931519083836,31.278346297470193,979.0817382479282,254.33966698107443,NORMAL
35.21080785538748,8.474862396499027,30.52373117651728,989.9565767841946,296.1750719256544,NORMAL
30.134815849920706,8.037354718769892,25.58287900525214,940.0434659478442,236.34014231882384,NORMAL
30.836136444436946,9.169860473598598,31.78163052984973,907.7070546908058,273.4793714738804,NORMAL
31.633843959116213,7.536781353094933,30.800183291846984,785.3253248670424,240.2416509270269,NORMAL
31.644331324123236,8.608356005031586,27.119885436926097,998.9225411121605,264.4084185751983,NORMAL
30.065974971950883,7.7737712601376145,30.600260985873472,1012.1670232687545,236.00280973506221,NORMAL
33.60310116260192,8.830073349092512,20.455197900728294,1024.323583777488,294.3076245177466,NORMAL
32.298831169496985,8.537835410565675,18.65752353485077,799.8850106268238,282.3261695790576,NORMAL
30.49679200755076,8.706304218932777,21.434887535538493,866.788684212593,259.90386442886575,NORMAL
32.134036298789695,8.93809181036849,22.15970401872445,919.9213920890692,286.52909359294677,NORMAL
33.98202699217589,9.373659478649516,28.256009360943505,814.482113577227,303.60244690124705,NORMAL
31.57358426579895,8.690155861400509,18.719961388779506,898.9098741603709,277.03653634458004,NORMAL
32.00546334490176,9.041824407491644,19.492375543872804,772.5413345207427,295.9912833947837,NORMAL
32.97294789723719,8.876804792855472,24.087582740452447,823.920609971732,302.0343687695469,NORMAL
34.796495273813875,8.889392941708854,21.810031921219476,927.0692000607262,305.0193679633106,NORMAL
30.549492439959806,9.334627150924486,19.91546083286546,1035.0712061462407,283.6283783468529,NORMAL
31.110797573031718,8.583801894756716,30.221241702269715,969.6674659228684,275.23560559653174,NORMAL
33.9527002002643,8.884553129035705,29.88873912191447,824.9004026577558,301.3355680002385,NORMAL
31.32725665091761,9.475336015993294,31.216830755612584,761.8280434105518,302.93850024002967,NORMAL
35.55148990449399,7.861150690254667,25.951233227736815,1024.6464892764125,266.4505457713283,NORMAL
34.18452160348104,8.094698014745102,30.941546735271423,1041.3174735496104,289.0068273036644,NORMAL
32.845285299944784,9.224085301978628,29.823691579490983,845.7301419729768,312.9327902842079,NORMAL
30.222045808292954,8.692539756964106,21.220123722027843,786.1700657331836,251.5926273436473,NORMAL
34.17773265526884,8.179749927536133,28.14673480140266,769.6069022396828,274.40146488384624,NORMAL
33.23694775425202,9.081446329677927,22.46253504104898,937.7674129311027,313.48989245392784,NORMAL
33.69517912909383,7.965918949507268,18.341610941791533,1011.0296621702789,255.5633114126067,NORMAL
35.2482100361052,8.557874268054423,31.146947779180547,989.6349707320996,316.66991964206545,NORMAL
32.10427089271026,9.034376577862254,23.62703279052939,893.9626860911726,293.7402678895458,NORMAL
35.24206268511803,9.468166938398591,28.755827794103254,875.3300346502001,331.0535910384714,NORMAL
34.42549380953335,7.977554291536604,19.546637583839527,856.386647292233,268.7881637988688,NORMAL
31.77784872273594,7.96721550209982,18.589304654909068,755.3621804200242,265.5291716891997,NORMAL
32.56663880241518,8.268653294319364,27.515061957702976,815.4761663595193,281.39890100602815,NORMAL
34.71807008649331,7.678822004624519,23.846130860988996,1013.7354922686494,278.45016410049067,NORMAL
32.80440906749922,8.726822778421415,20.338475245289054,1047.3505878410929,278.59660832431285,NORMAL
35.656390644810756,8.799293297984736,26.508315128304027,903.8065533049526,305.3007765842199,NORMAL
31.05916819203305,7.940972418140351,20.610135670019563,983.875342070026,242.94348736622928,NORMAL
30.347056059380378,9.438205260281622,30.373002389487958,1028.325684958564,300.5969803084858,NORMAL
31.043371495316922,8.292484037805318,28.61533865985728,958.8061854161376,248.51702043010488,NORMAL
34.89499874994371,7.948881143673321,21.133446607516724,911.0923268680241,279.95413014482915,NORMAL
33.48051724702687,7.68297367479551,30.284452076825325,829.6800127766119,247.69994744365465,NORMAL
35.332488479213865,9.411302996459506,30.06978664171631,992.8548224174634,337.68693484986,NORMAL
33.305144223654835,7.6739735198228205,23.718344982989784,861.8065551036942,249.44251490643094,NORMAL
34.34052068213151,8.491751470157542,19.13464702270707,816.0549605849434,296.9551971816296,NORMAL
30.4567851569418,9.202413828097537,24.93205137819564,894.1759731979944,282.8659087667159,NORMAL
34.948085795550895,8.195618415804386,27.49222613582689,919.7195891987374,279.7483718704895,NORMAL
35.271779918130946,9.094852043213857,27.218325685217955,1005.1745187282726,332.57410981782533,NORMAL
34.25017786029021,9.174026656727344,27.764600463369973,954.0422315280902,317.9389570551801,NORMAL
34.51629983734585,7.817210210586147,30.332190628785,1011.5530583235695,257.1192665613619,NORMAL
34.95490050338857,7.75773973494689,22.691663959627988,973.0524768874823,261.9718120456944,NORMAL
34.907802144714374,9.164268355915484,25.104548272651705,751.9157615150501,313.09172132873505,NORMAL
33.70156151025445,9.462372356054846,26.845389378233357,827.941074319248,323.17012196196487,NORMAL
33.23991227829514,9.059690790302287,19.497728943577417,978.3083707506084,302.3860426183395,NORMAL
35.777952023153965,8.183744332077373,26.856706503875273,1029.6084316530053,281.1591918357743,NORMAL
35.623370923418705,8.875771444601627,18.949718827472406,840.2890700840449,322.76698547238675,NORMAL
30.40410360881263,8.664340920352547,22.842362797341394,936.2746553302431,251.4649324373915,NORMAL
35.22922083691426,9.446977938354793,31.56428997399968,974.8955495228774,320.4985843215421,NORMAL
34.54957917557414,7.549173832917603,18.30972972140596,847.0830657448623,260.52456985794083,NORMAL
34.62244450684676,8.86659075321301,24.242637889274476,832.0879998844998,322.24392566381266,NORMAL
32.55708781341584,8.402774048659351,20.29073349668337,988.4428646249788,278.8684143739059,NORMAL
31.32461767673256,7.664762091231685,27.526990229045985,946.3533642843406,234.65179987820397,NORMAL
35.70518137350246,7.802115783561801,24.052687214596425,1033.0847760502797,276.33975518106234,NORMAL
33.83115568598451,8.295188795925588,21.83901283288138,1045.1932943879485,278.0914110185676,NORMAL
35.364595222074804,7.959909211782172,20.983465856351167,759.3402248653534,285.76837275052276,NORMAL
32.21115806234257,9.228716499679274,24.6249386936818,1040.4580283744165,287.91933691997497,NORMAL
35.21173900773366,9.053193705583483,28.792905825016728,1003.4349684350664,327.09958263963915,NORMAL
33.75732192978849,7.762489755364776,18.455366512877525,1026.254354344706,265.09758058805267,NORMAL
34.77922374585706,8.4630447030251,19.642314645473522,787.5557376607651,299.80001917403087,NORMAL
32.58183536939678,7.901049453400674,24.882323654380116,769.2626811225402,259.54088801246155,NORMAL
31.613960426610586,9.095118201274376,22.345067424930033,886.5660447245403,273.4902000754425,NORMAL
30.434681326767354,8.28498711281337,24.71914368603973,930.0061644357911,246.897694859643,NORMAL
34.169891316759255,9.22024479437841,28.9179138445069,761.8856476045072,314.44062462754334,NORMAL
30.629581070509047,7.984090031725055,31.81327630574005,792.7486628704539,244.5221427677898,NORMAL
33.708934405908714,8.904929941088207,25.835081568816797,752.9312542257551,294.9664894584707,NORMAL
33.10626986030827,7.675732998289667,22.90877703692853,759.96093263741,243.40594021670788,NORMAL
32.38153965720958,7.76543150808612,25.945571875661813,956.8394907411797,259.01508012245023,NORMAL
31.20090146546886,7.83496516451814,19.463949764681605,940.929074863091,249.50543990424757,NORMAL
30.189516868953852,9.37242449248738,18.727597971120613,912.3889005903211,288.86431312752387,NORMAL
35.225814742476516,8.928173864264856,29.224193162977087,851.8350577628419,324.4035175738263,NORMAL
30.48068907830805,9.289633312121055,25.66629326615231,995.1893309887481,281.8042957669563,NORMAL
33.86146617117915,8.552805321872226,28.242253304574646,774.4889946091769,276.87786156298944,NORMAL
31.482619404060877,7.819089360226377,30.204969932290822,815.7641962074133,257.87957120475954,NORMAL
32.02137475062664,7.864235831377399,29.05577909999471,947.6123326502628,251.77820655832102,NORMAL
33.33218130562579,8.938403556544527,21.198366378638184,1048.9001748170226,312.08230865189233,NORMAL
33.90195411808162,7.8990849018582905,27.523195394038076,771.6595226937527,255.2255501080807,NORMAL
31.546097331067283,8.425245913478633,30.155815075717328,968.1507209298924,272.2343695900458,NORMAL
32.55296000668845,8.191869985093925,23.194542681784437,1046.2948691208173,254.40572547173915,NORMAL
35.20218897673469,8.657350817144787,24.140615868654265,967.5772981245409,304.3514252286845,NORMAL
35.24053942848997,9.301403728022517,23.904092976228377,833.0483391705154,330.81360377581865,NORMAL
35.47418007370015,7.921324378011333,26.72153216988876,939.4680660277561,287.5530213223484,NORMAL
30.789406110763558,8.931649929364177,30.726455289318974,803.9049326610726,267.78263318162396,NORMAL
35.82837056424984,7.8619539054189795,29.961391307174107,897.6833569344104,274.56097756282486,NORMAL
35.224499407635065,8.390610510005331,25.20744295501566,857.7700108199297,298.30226433963054,NORMAL
30.981143235510135,8.282163073303522,31.571772512694025,827.4400298103383,260.612600349588,NORMAL
31.951140385348168,9.046946251373202,19.832231250056896,1040.9463135235633,287.724489065517,NORMAL
31.416302780078784,7.646993494660025,20.37661067122557,905.9321845668053,236.3244230095367,NORMAL
34.97330019529566,8.361775047323611,21.481999816226818,935.1434959812091,298.4858384375168,NORMAL
31.002251447405698,7.835238432576635,18.5133999770696,970.9206045196921,246.88900834236148,NORMAL
32.84778525449888,9.188340897938394,29.279382141300744,925.6063093190256,312.93168902885606,NORMAL
31.23504726022061,7.723839238795456,21.776494561237854,767.1260568267944,242.0064624924856,NORMAL
35.619634153769766,7.578687081337019,19.709538796140375,885.6597084850306,281.66251995674236,NORMAL
31.8969366298605,8.514469617376784,18.58202002670549,794.5029602886267,284.8016662422524,NORMAL
35.790712178616275,7.509879961868819,31.325364995925348,941.7359813446501,278.67300554039446,NORMAL
32.72843913380316,8.531192057158501,24.843852123596882,950.0592772638313,269.15120897554095,NORMAL
30.17984153923607,8.115859883182381,27.865530678313053,810.5560356368845,249.18333886898802,NORMAL
35.81947227664362,7.687801431578837,27.416429655151767,883.1250657913713,285.51063358919174,NORMAL
31.062898736684314,8.885251904452328,29.733614055073545,1033.384265842207,281.05935652729124,NORMAL
32.983048584050565,8.735694480402428,30.164669782702056,921.1829239916489,274.59888554047285,NORMAL
35.58569217304186,8.879053502063122,27.47118740088145,814.7025457193151,320.987525455583,NORMAL
32.36318643392495,8.802465954082985,19.49230242431187,947.3535913809108,299.1029375510271,NORMAL
30.289272233163338,9.454348368442634,23.69671145012019,1011.2260351011778,294.45187279477045,NORMAL
33.40209756592001,8.976898418502653,30.29921785821887,871.2420964953099,294.66087395760394,NORMAL
34.00556031338151,9.115691883882517,28.67199188687262,989.3440946575904,307.98739462771397,NORMAL
34.907005297050134,7.740418110741217,25.622847371451893,751.7275981494365,265.45521605175986,NORMAL
32.19876920922839,8.29234538321851,27.73654089365807,866.5674303811037,265.6334179124077,NORMAL
31.425264785245965,8.24650358325868,21.18177478168412,771.9587771305331,261.8294140433651,NORMAL
34.009276791330095,8.73898069201923,24.488916613208012,863.9357340537689,308.0049223084348,NORMAL
33.11449071081731,8.458363755259462,18.3589889212901,852.3743482878469,276.73875427902806,NORMAL
32.3929366853814,8.660344738454665,25.4704356541763,932.3715278380334,287.964874843536,NORMAL
34.87791443229656,8.93624615245299,31.377331743369083,755.4697748029084,302.1957090506305,NORMAL
30.045377249868853,8.794949428309206,30.572427685299814,823.0446889728898,275.53185769197233,NORMAL
30.361604341737365,9.368872053611028,22.92271762135488,780.4262485347649,284.05210297804314,NORMAL
31.540659406323048,8.069745803923846,22.302059508968014,990.9077693497991,255.52185669861808,NORMAL
31.86784619493602,8.720667566621836,28.02610943912471,831.7872002200602,275.506345383209,NORMAL
30.731316560021686,7.862298699069361,27.53564995550976,804.4315043086881,242.22678484247106,NORMAL
34.254277570334594,7.713753846189488,25.942371074804647,826.9688351104091,276.46093891385897,NORMAL
32.90127388031955,9.111985099550317,25.703171590187665,763.0237598564457,303.78774123300747,NORMAL
35.70842005323994,8.703223640292663,29.468644031975064,1015.2619390045223,302.327673161085,NORMAL
31.27226903944936,8.721961977701984,23.754398577293866,1001.9583908600162,283.66639388278065,NORMAL
32.12052827581631,7.973741117948964,28.927357213414066,832.4418106644408,264.38360003741485,NORMAL
32.54242952189258,8.835099798582942,19.337494393685354,937.1577974029719,286.1288579751876,NORMAL
33.519650779052846,7.836028415489727,28.31623242921855,1008.8391232629685,255.2207970584913,NORMAL
30.57428733312097,7.547277172092673,26.987601006205722,932.1282108266342,231.8301758792985,NORMAL
31.391682576695853,8.28181199181103,26.32266869260642,899.0300576577508,272.6614618055605,NORMAL
30.8186385153404,8.890289108095187,23.660462753460088,878.4598844776845,279.9484936547872,NORMAL
34.15461690794622,9.482511987404376,19.797520052357754,781.2328948152499,331.13726061746,NORMAL
33.47032150203845,8.048321333119612,19.111871165845812,775.6974748789291,279.99861251237684,NORMAL
31.151203948312457,8.146743124231042,21.173189631177834,856.4988917495812,242.8536579764618,NORMAL
33.11435874544962,7.63522512718443,29.20499110951306,820.1136245731299,253.84722754331077,NORMAL
35.280474525368746,8.801754738094388,25.461409011718693,847.3001259346127,305.34429082236977,NORMAL
34.01692173118914,9.488278722442335,27.2657486578913,917.3350252110074,330.2065574631628,NORMAL
32.79123367370231,7.62028468520157,25.87215542229074,1037.287585351614,241.7650532392464,NORMAL
34.140029344923995,7.901867377318113,25.501587582623138,779.0029348940159,268.43114096748013,NORMAL
34.53697997337147,8.195143048477965,27.308764142821055,988.6349882369187,295.12613974696893,NORMAL
31.407852491132722,8.298631831618616,20.133824186625844,1047.7450506475125,271.7716518037195,NORMAL
33.23974278168336,9.184066588752842,25.293411681808593,937.0757064008279,292.73296565778975,NORMAL
34.53162252298085,7.75542696727047,29.564946823535397,984.6084263011157,273.3978156126603,NORMAL
30.216962283148572,8.106256711890657,21.6835759787518,858.0409222414557,234.84590865259275,NORMAL
35.62174693818638,8.607604481424753,22.27734034921233,869.094455122285,304.9990439204301,NORMAL
33.6035660001637,8.531358855392995,30.87148762500184,899.0890448717491,300.79346715582955,NORMAL
35.10854974647057,7.917021028714672,31.02833300501483,784.9099193656428,286.7788040227305,NORMAL
32.28373976085948,9.25594864089014,30.152793661504305,991.7776200352863,307.4832291275796,NORMAL
31.828074834588243,7.661838566102505,23.641722502712263,802.0573544959526,248.61567913815776,NORMAL
32.076598359226715,9.45122040171983,26.97360908283465,996.7441690903083,292.0225085362213,NORMAL
35.172086893635736,9.345514381026788,24.818866863465104,931.8758813252932,337.40557496991244,NORMAL
31.049031763562475,8.505132152926885,23.581282388812383,793.9121976486747,260.57801881164045,NORMAL
30.409033856312963,7.551623813898974,19.892328048167517,1038.9345334767522,230.7749685240747,NORMAL
35.79493296691932,8.364995756660264,22.365425863193636,901.8425588520732,297.613294367093,NORMAL
30.633988105570463,8.781652629380412,21.024534555134395,935.8763864693489,273.05770755684244,NORMAL
30.91214911877189,7.622699254221336,28.930662204958157,887.9401271307961,225.22285210461294,NORMAL
35.9691979030186,7.615561121992734,27.730493204019744,1045.103677579024,266.7810998393441,NORMAL
30.853496212123176,7.742769878844857,22.245852065946337,780.313743303194,243.4820926502175,NORMAL
30.373750788780377,8.51884425629958,31.953755953941673,994.1910808518056,261.73054680026655,NORMAL
31.83752172471967,8.747791672583277,25.37858049476312,877.8250151671115,268.2229957057248,NORMAL
35.319625291442804,8.399569297642644,20.72471516549071,860.3278052631869,294.1221306601135,NORMAL
34.96522737340125,8.967228761122804,28.77026851097876,753.3093793285942,310.91227500190274,NORMAL
32.888064909811945,7.538384553646114,21.637384922430478,978.0869469366405,238.92599980876102,NORMAL
33.21186078871555,7.930403744034475,18.169690845014507,822.3604372798625,275.91719299916747,NORMAL
34.80922267129794,9.419153288642066,24.829956614969074,782.9208596032511,329.4458682907769,NORMAL
32.72626400735977,9.188714165479231,19.373156130979424,896.4723411065335,290.1888190764083,NORMAL
31.94805556134036,8.974714154775599,24.66425381116273,862.7664855437308,283.6990410808148,NORMAL
32.75668061043592,9.070033087674114,30.489185645163282,1036.6004059511783,305.6281964236144,NORMAL
31.892441374488076,8.876269412173084,24.126443736775485,826.4011866138153,292.7354956996385,NORMAL
30.23055809377395,9.303523984270846,24.46068450474628,941.1604430424841,285.7325628552248,NORMAL
35.37070644423922,8.773339364334415,26.595070186640864,769.995612168207,310.8904474765242,NORMAL
30.90101400490225,8.974867537442972,25.17110689137744,954.068333762506,264.6216070950813,NORMAL
30.50875209627482,8.932646776125365,19.00918070398143,771.3770183295776,259.22769565031723,NORMAL
35.73900838979688,8.975016718918013,22.945519719028898,838.9606743862965,315.93730569954977,NORMAL
34.64792118708709,8.822741222140829,20.592737950144553,802.2328006002253,293.4130134914892,NORMAL
33.96181631820803,9.028745324443472,21.710649996550057,756.2834883092738,293.8206119026935,NORMAL
35.80716020907018,8.09088955495484,28.76912406973387,937.3990706562792,286.29143083117697,NORMAL
31.23412357317333,7.742772836318813,26.610181552544134,982.3901341913364,245.3188856678394,NORMAL
33.18181279949495,7.583902446863273,31.558842886321372,989.6142574963724,246.4340469096571,NORMAL
35.8798219761531,8.703763179272645,26.15391721490145,974.4219538288596,322.0257156892096,NORMAL
33.93887164398902,7.7561914927324,22.73574508392298,1028.425092097815,255.9872683663354,NORMAL
32.23300214302508,8.364153765888393,24.151669855722332,933.8818747483576,281.54718999095473,NORMAL
31.44415627099503,7.743002752601836,20.764586858039124,1016.0774700627808,247.02227632683787,NORMAL
31.71544073543496,9.131893877937234,30.059179949088104,1003.9543016070834,301.7550747780752,NORMAL
31.513446121040168,9.010083857492557,24.44755296183796,1002.5995658670184,290.42652887912027,NORMAL
34.65868467899835,8.812323675362142,20.484002772575895,913.5080756690816,320.22650267739607,NORMAL
35.62432839898271,7.586347471594023,20.30740742021212,789.5186320363686,276.3658335881631,NORMAL
34.90671197914167,7.927022732621344,25.081937701325607,1002.21090840336,283.14806477393694,NORMAL
33.25342323295109,8.680695380917546,25.11704765682792,839.2645353956461,290.53978075356036,NORMAL
34.13331181230055,9.246645831721615,26.908078955709474,978.3364611129474,304.88987238146535,NORMAL
32.76934484651874,7.518663239654186,21.453504103302723,967.9385145339014,258.49896412417365,NORMAL
30.595068597523294,8.302988631722577,29.20099356178823,811.2106903886696,255.42983251057518,NORMAL
34.398427776178046,8.731970900520357,20.632346284615828,856.6153706057219,308.8902126760196,NORMAL
33.3253590847921,7.510459227085826,28.653870640393315,760.5934064820717,256.43919078116994,NORMAL
31.214883360991426,9.41614696023876,23.151170518229183,848.0794849014237,283.60390869470166,NORMAL
31.83362529294129,9.2533015236564,31.94868072678146,860.4928591520545,293.05237665278486,NORMAL
34.332425629216424,9.27239156093015,26.30262067861498,867.4577094533488,315.56206507756957,NORMAL
34.17370887898084,7.506436527208558,26.67425072443777,856.6479031324072,264.0696082281055,NORMAL
30.557943838938794,8.67640453389678,24.73362045840573,942.6976577715682,253.59591168865276,NORMAL
33.47990272456879,8.622969175919048,25.849241321826394,931.0462999789364,293.79073095323116,NORMAL
34.82993399808462,8.039641440256428,29.55069174252087,899.4767046790361,268.17695902078975,NORMAL
30.351305575463876,8.168476637392121,28.988557679560547,962.3042804222747,255.07938615201329,NORMAL
33.103614338649656,8.38039799591098,20.064335373887975,848.4578260827934,275.59101886273623,NORMAL
30.531602578077703,7.941223905422422,26.375154116892343,970.6989342717569,254.54114092051677,NORMAL
35.59867998806135,8.785130399070383,23.897472746117007,940.8532094124698,321.6724871748575,NORMAL
30.710017145540323,8.319809779392576,29.75723199889864,865.1498855799132,257.337848290467,NORMAL
33.52661616517319,7.868952506267279,23.071296183132038,850.3533866225796,251.3195026471123,NORMAL
30.14515058334813,9.163394087351547,21.822991339619374,905.4236298716446,270.6720530032064,NORMAL
35.644075470692044,8.018593517731547,24.01519537834509,1011.8190751453806,295.5883388077506,NORMAL
31.116608507077665,9.105286619591421,24.414616414330496,894.8906616256065,272.9411869812313,NORMAL
30.48360908254275,8.95587861394753,24.950456132974196,881.0552107845539,279.27324949267296,NORMAL
34.59307739394666,7.817816335338707,26.543152092686977,790.6062246833056,277.2405718248844,NORMAL
33.941730937602834,9.413229242166915,18.965412228989898,767.1164163453763,312.5421430388863,NORMAL
31.570234102415437,7.993957598144,30.687564127294515,824.8638599548518,246.61578263955988,NORMAL
34.55638957450778,8.39947968490108,28.873947797372537,769.6098472693155,289.89493903623224,NORMAL
30.201681601099697,7.625306406910709,30.690124346821754,791.7736113352786,231.04371504602196,NORMAL
32.46657361560424,8.194686652517685,30.597666839621816,756.5470190326469,270.4110777083799,NORMAL
35.7803666052813,8.620336366923684,31.115514468463285,765.6773637858071,305.93406638448505,NORMAL
31.560946745772306,8.96164192996146,31.738159266961453,826.9590187332743,287.1985458147603,NORMAL
31.188585796558442,8.630660509143219,24.495054813636706,1041.601598889461,272.0994122307408,NORMAL
32.097038232520916,7.728191569775866,20.117455602289084,817.5950789853705,241.87473700996398,NORMAL
35.10369634704683,8.622445576565049,25.327472759241132,784.4306615607652,313.58040912933654,NORMAL
34.3368858192509,7.635336723800004,27.909691361216762,913.0614652027938,251.20762452031545,NORMAL
32.74980384917194,8.469392574260095,20.32084356228586,1033.7094441000847,287.0782454985847,NORMAL
34.01413402397465,8.424591122001214,23.764717582183117,945.2920401452863,287.8570452339775,NORMAL
30.373638635291314,8.525005297540662,29.289650641259755,887.7719632790875,247.3339986343166,NORMAL
34.7176691963042,7.902727564271949,21.620691688432544,799.4119060296888,269.7059891542755,NORMAL
34.54050903413181,8.538771719007874,20.868337838109976,1013.3490234456123,306.12866302623763,NORMAL
35.22347055027604,7.977592422763078,24.317350818533832,1045.4968968422625,288.6420013237458,NORMAL
30.16300452735336,7.630409182520984,24.49503927537266,1022.766061758468,231.04681207711,NORMAL
32.98687504820574,7.710947399913261,27.194921466140116,996.6309481800677,251.31842099702948,NORMAL
34.653671105551965,9.428953307801624,20.852730427787648,906.9988893584224,319.79262541207123,NORMAL
34.75712651420304,8.655186731762315,26.884153845704255,989.3742478847682,297.69990600023567,NORMAL
35.49054041044226,8.56605773449228,20.21136751969487,958.7697354506407,312.9295743366649,NORMAL
31.90057006240516,9.214358513997507,30.68600556672073,833.0713462133426,308.15607857230896,NORMAL
30.844269168292552,7.90403133680498,20.579147749332364,1018.196913002361,247.5556309982653,NORMAL
30.91262569933364,8.380646836736698,26.614172350977228,775.039225496815,268.9749754605088,NORMAL
34.82162121264921,8.510413547153277,31.539772613628386,875.32829378253,310.6928317769228,NORMAL
34.00751999282176,8.769342546507882,20.32336853414099,1014.5783274913931,296.0611634019204,NORMAL
30.973400434694877,7.525215039951518,25.836579570937356,908.2198866368029,238.19422589628005,NORMAL
35.34154831810682,7.658813169286059,28.240950864765075,806.2235832292747,280.3692485572956,NORMAL
34.914381083169935,8.581587509971088,27.94339918072636,844.3050339551245,298.75694685503504,NORMAL
34.92982138626283,8.418530394346428,23.009175714556186,898.26373417509,303.71018709746335,NORMAL
32.01124828422524,7.847523186271488,27.96819628463093,997.7934638124245,241.17666664175184,NORMAL
31.43924467653567,7.783943979521988,22.871179762150334,885.1052936716238,250.81063026697672,NORMAL
33.90688550929004,8.741857134956863,22.933249252535163,1002.434265925428,295.55807438582474,NORMAL
35.87462962809093,8.768284276591473,19.76770638190304,952.8532686226301,309.0574411543502,NORMAL
34.11796318011658,7.6392822963248115,20.44834012046343,1006.7211776717359,253.5260486919063,NORMAL
35.022246751457644,8.05855217690882,27.000346740821907,958.2451720529493,282.58575612908663,NORMAL
31.831864060180386,7.925288752742192,18.464650963873968,841.1839203722171,256.14065476848873,NORMAL
35.6298289106909,9.242408964526104,28.724906871494234,986.5342029759896,334.7384929190612,NORMAL
31.561721145396017,9.31439006141166,27.39025236668168,918.132189294132,282.54212090520014,NORMAL
32.682333262838554,8.420716542403852,30.10389053331738,913.9944660563365,271.9171838332467,NORMAL
35.86080197106396,7.721441186652632,23.915677996367226,762.6074025514216,283.5399482176826,NORMAL
35.508459313194905,8.060074659100978,30.016783475187694,837.6654691385693,297.957109341265,NORMAL
34.523771421580705,9.109813553682876,18.252091778406363,1038.8431071222078,321.63403959532485,NORMAL
31.8285065723168,9.158789329717694,21.94129677780902,1011.8261518698384,280.21689461895073,NORMAL
34.222115864764774,8.58139695328982,19.35148258273617,822.5681484776517,279.35415652637874,NORMAL
32.812607792787034,8.10253052152,26.377004780168622,839.1713423125851,260.54570246590504,NORMAL
34.45915919238962,7.596285671956707,30.64052993268782,1005.6791623173544,266.1540997670174,NORMAL
33.5593294206443,9.284604996279304,20.594622513402,773.6907486572486,303.4686421761844,NORMAL
34.767469672201145,7.569340533452967,26.159295691168854,1048.631254857393,272.5275583343313,NORMAL
33.12867413426154,7.627281818573285,29.639229201399935,929.6935524531632,242.95179410071444,NORMAL
30.56314370894014,9.319253638873185,27.368803681133098,998.7860397950267,295.61998083450743,NORMAL
33.43063411228994,8.534892703510083,24.025983744493864,845.0839763373358,283.4607221476046,NORMAL
34.64327793438094,8.703846862030263,30.495326059367844,883.0140043137563,304.7588557143466,NORMAL
33.78784531855193,8.683394324612651,27.83687282319723,821.2300405124419,293.7559290863929,NORMAL
30.625348816850085,8.269022655289625,24.827338960697702,945.6672778636417,264.65102830249276,NORMAL
33.60390639929014,8.98718783235312,25.08772483293284,940.2312094128994,289.0465734644541,NORMAL
31.52634948505108,8.223706186410277,24.61490697009119,763.6946236507151,249.93057638596724,NORMAL
31.660885846747835,9.443065381802102,22.63885809944271,894.6123174336248,289.8898716922362,NORMAL
33.66468042645461,8.06136643103195,20.897896098137974,904.9717885337938,257.9635766743068,NORMAL
30.04598419589535,7.938137618203715,18.514099075011497,782.4077262392074,234.66583634602677,NORMAL
34.81551407747888,8.644097286738601,25.17734816338983,838.0466469624365,313.9422624335362,NORMAL
32.38209024742315,7.674185533591543,26.638931225649216,784.1515180429805,244.6598681483732,NORMAL
33.04447163230685,9.248445049370352,24.909652124761664,960.6776298094993,320.6709545116724,NORMAL
30.78893471938789,8.049463051039039,23.52406505836705,876.5484535616495,245.62918862972833,NORMAL
35.44566601533933,8.928065288933713,26.51067299726985,842.8118153588346,326.70793040896194,NORMAL
35.73036306890993,9.142396565100453,18.02191147268062,940.9204110550221,311.998485404996,NORMAL
31.54564332200233,7.619049400695543,26.453136341291426,955.976974047782,231.08210946831846,NORMAL
32.303033298269874,8.412473017911084,23.166742304652832,786.3075001455579,269.5458152173488,NORMAL
34.50706828685051,7.642015329066511,19.12252019714665,856.4313875507953,275.35200840798666,NORMAL
34.01143588033749,8.857339913345129,23.06687987173011,928.0982373625616,286.4935088849375,NORMAL
33.816576278457255,9.326573895152473,26.576028556827467,1012.1095780399035,322.4567463958419,NORMAL
30.723350498422143,9.304906614571683,18.93021382098085,910.1902417643291,275.6473982604538,NORMAL
30.070239664385426,8.344068520255277,22.130569907158186,895.800148139281,252.84514818039833,NORMAL
30.262434433853684,7.746006590247491,25.820993550305957,852.9502059517974,239.78514141480323,NORMAL
33.91374989155164,9.191208725979813,27.694899573369156,878.9793232170445,317.0998680491343,NORMAL
31.65228704553251,8.112626997556426,29.045792238891107,883.9258549204746,264.4451042383875,NORMAL
34.93453424200967,9.215124675322567,30.832893301776902,879.2955661539888,316.0949388466393,NORMAL
33.493192479564684,8.242344846875255,26.415038335203263,961.6757587931475,281.2635973966179,NORMAL
32.24731732212073,7.833720403397505,24.027410738470905,792.7782432245726,262.47096116845233,NORMAL
32.075264764427146,7.808919494446648,18.35626863868051,943.7467158859453,253.90219591911713,NORMAL
32.04362499948775,7.643423777695302,23.734804528533246,843.3652485190181,249.26109718211137,NORMAL
33.63467549671614,8.22918745639508,21.050495759569863,1046.4107898466775,275.51287874133374,NORMAL
34.12964541468142,7.781105935156722,24.79825579523157,758.2610159608397,265.71125609611346,NORMAL
35.784104442706216,8.2684134259716,18.545944176048764,759.286737275803,292.5635468470661,NORMAL
30.960149618779162,7.546704192656372,28.586990595302474,887.5569026645672,228.72285634055171,NORMAL
35.400499098098884,7.732277920401051,31.382863605374467,844.1900152132058,284.358135232968,NORMAL
33.61765725887677,9.153414719482974,31.7761842849465,836.5216313456237,321.9062520356895,NORMAL
32.33689136941452,8.271023809473844,22.76541945956308,912.4222822042756,258.208989487971,NORMAL
33.32226891214807,8.583409624820009,28.66662537646818,1000.0949885812756,284.31519504270517,NORMAL
31.813999496108963,8.018669794634189,20.724733713868208,767.2942746597074,251.08671089534795,NORMAL
31.621486152784698,9.432834771732814,25.807923567500616,854.1831117091523,300.6804437631045,NORMAL
30.835180208074174,8.388087498404406,26.767280499894895,896.6693495377355,256.1077160751426,NORMAL
35.96309033339819,9.260629524297855,26.72768341423216,920.8132083546848,337.05934307659896,NORMAL
31.2078726469346,8.290275486528637,18.552433460472592,892.663811246048,259.8350016371625,NORMAL
31.366498416619258,9.428057694331027,30.732364553121386,966.6429706367718,296.7124833434983,NORMAL
35.21981495788611,7.761304687646926,29.06713711984839,787.4462441900545,281.3940138465765,NORMAL
31.654605409508143,9.254181162036378,31.21658931355557,794.6387908215347,291.844081753404,NORMAL
35.88592426897611,8.466814871946294,30.089665315203632,926.6194566393959,300.05150773291376,NORMAL
31.714701333155222,7.906446182172175,28.66517467928776,865.9621520469084,251.03331214209823,NORMAL
32.953952880007094,8.654558058466263,30.11808003874373,1044.221803075029,282.56618253977695,NORMAL
34.965113532637815,9.029055589309435,26.029405320378025,1036.81414308358,306.2458757074626,NORMAL
30.655585261857727,9.207923933910845,24.148097432872476,1004.0906562621182,293.37022338307827,NORMAL
30.374745561714427,9.266929525972122,24.27646677517191,903.1297467012696,285.0439604228847,NORMAL
35.55829564038052,7.538232188859528,24.67580855644944,956.3166127291682,274.0162750351675,NORMAL
34.155194589222646,7.768870258816244,22.191538237203538,857.6146576251041,273.4254337879687,NORMAL
31.672559234487316,7.921409927734406,31.404272266533347,752.6589855340407,263.3812185740994,NORMAL
34.06092779314437,9.156938598898234,22.124671548846706,754.294583300118,319.3128278091186,NORMAL
35.00486758200405,8.980952263907039,19.99990402221174,976.0283766770907,322.83135970908523,NORMAL
33.95124309402033,9.032231865591172,29.842900155488252,934.0812342712375,294.0398370469904,NORMAL
32.925766858003264,7.65529866934321,23.705602434454033,872.1319467376883,241.1175718052699,NORMAL
32.09292320381687,7.72199619758263,29.315292940129112,1034.3064077893412,237.22251663968837,NORMAL
35.73069124375021,8.545153198673491,22.193919491354237,773.058622582849,305.3432909891741,NORMAL
34.76709326694449,8.914172954533397,18.703164160495632,771.8705506103711,306.90973242444926,NORMAL
31.77174296428766,7.964768646112096,21.93406298472199,991.0448229890653,263.91639477207866,NORMAL
32.4306161671654,9.312222004264994,22.500939817470346,892.9310959031375,293.7271431499206,NORMAL
33.84285625305506,9.457962230349619,26.448903344607302,857.3442252340647,324.8158628903476,NORMAL
30.737524070792325,9.277318160530797,25.04317531091771,884.8049226118926,287.61032595138494,NORMAL
33.74870317673641,7.643551612453026,27.55664109712763,822.5795040946589,263.4790757212108,NORMAL
34.93520876630518,9.107917015105041,25.735013543710448,906.0509676932254,306.82376033031204,NORMAL
34.65207690241881,8.042818760893429,24.95373591945125,835.2822278782551,268.4951569888165,NORMAL
33.77734618135042,7.608664069645807,28.481033277766798,845.276038578335,244.15391786181146,NORMAL
33.06677483542338,7.593703817055206,21.866373809492593,962.0929462367149,240.1184615460139,NORMAL
35.03603095413602,7.507639845317167,21.45553416882663,972.2712168456214,258.2051105777999,NORMAL
30.611354328396082,8.220467837600856,21.785506009383358,1002.8135706481664,246.94274718344758,NORMAL
34.733594830656045,9.28374428962147,24.073443874071415,1022.9829431563176,318.50183746985135,NORMAL
35.78447049894065,7.678579049051146,27.618269731045398,898.1442121370786,271.68676802851326,NORMAL
33.79627127249161,8.907714183268663,18.061085775104328,800.0859266241596,307.4612235800708,NORMAL
33.99831248146924,9.432095010257354,28.654529063510964,1035.2318123194013,327.1702873965247,NORMAL
31.78831325183666,7.710729844501713,28.9455340868291,943.2447664427748,234.03663354194137,NORMAL
32.16030279540587,9.413599630968573,25.005616039942815,879.8187408059114,301.4635945456485,NORMAL
31.253296344030982,8.23741434172959,23.177385583820474,765.7065060562417,264.33478250561024,NORMAL
32.499026591423274,9.144359773632846,29.904872015678535,813.5982164095974,301.8590661523236,NORMAL
32.83369082497789,9.26031347584297,21.02036950847036,953.3439600930133,307.3264757903841,NORMAL
31.771808865430998,7.773201807302345,27.12295664668187,971.5792374396992,242.41525490153876,NORMAL
33.86899562413388,8.290261815223007,27.984896365956647,809.764582468216,291.73940885238176,NORMAL
31.72445757879348,8.235571975512306,18.813287329124897,783.4536636963829,261.68347620551145,NORMAL
31.605556060367828,9.170960451484389,18.205707441169352,863.7282146015808,285.13871159786834,NORMAL
30.115965785505605,7.748736798001021,23.790997448860892,897.859375334234,231.12719120550642,NORMAL
33.185626070472566,8.690263349811364,18.1389334957897,889.2285478360511,301.75876940819927,NORMAL
33.11419368077729,8.855084534917907,22.366094010836363,982.1974134458287,301.23183324268103,NORMAL
33.12777628592483,9.452027646558427,19.757703006677147,755.0842994668743,321.58397707152295,NORMAL
34.842933224189295,7.740414458241153,21.718159661420486,755.2657090099887,264.124303287251,NORMAL
34.63885124351203,8.535921055425158,22.873338304356032,861.5217884718991,280.930797942588,NORMAL
31.798803165391416,8.792917483275861,31.638722213429,1004.1182480951699,266.2837649299834,NORMAL
35.391363628049035,9.066396826597252,28.925265729993725,887.3987277010715,317.5994208242205,NORMAL
31.817494372999157,7.631389717908732,21.195295088911788,823.9810904934074,242.42507203140306,NORMAL
34.48466643958017,8.447619656795894,18.80982229226025,1037.336940296461,304.21049635136876,NORMAL
34.71113725889045,9.482655803128441,25.62275265920368,1038.8305050759618,315.18464719668304,NORMAL
32.194084489568226,7.9507625360135314,20.74166317787978,792.2408846678028,259.100912475789,NORMAL
34.68793113448383,8.656596798840722,20.057477934234935,993.3371309800413,304.36187386365157,NORMAL
32.32899423676197,8.848260591072126,21.63866970939966,853.5576625482631,297.99777220539363,NORMAL
31.743027034028522,8.439976536315873,30.461975923544205,962.3164050802583,256.1813723320998,NORMAL
30.88381826567382,7.515683181543833,26.832905063208287,884.3020276231255,223.62403760487567,NORMAL
35.747604726340626,8.559319447891239,21.38650611758045,900.1810713464123,311.47110450446144,NORMAL
30.457435307841386,8.049407630095784,29.29751687237591,887.8994611207984,246.30621745896022,NORMAL
32.59689601325682,7.58779988528601,20.32049691748218,883.6624916225672,240.1457542443462,NORMAL
30.299874171958074,9.187299328103647,31.73669540829762,987.9428621990219,288.22246648303064,NORMAL
31.45186278190227,9.421253951026399,20.756959862347998,1035.4289431085497,310.9782732242686,NORMAL
34.270336834476296,9.462287463583644,25.97355691393945,827.8625349528271,322.232707778565,NORMAL
33.561365612272716,7.64616312405403,26.712805704641447,1044.3533510286884,248.66335263939723,NORMAL
34.7555706977303,9.315797587559238,31.211822299483092,1038.040681321634,324.47067296195655,NORMAL
35.86384744794902,9.014620414268878,20.263400107317466,893.070031940391,330.35759577939564,NORMAL
31.4840418949145,8.781230367097775,27.33240670665267,798.8099231425698,278.26802944923367,NORMAL
34.629761465871645,8.497791329071884,18.169443634865505,752.7115407237876,290.0691964765629,NORMAL
35.557164410590694,7.957353559207218,26.88109164420362,816.6227612079962,277.89524290245953,NORMAL
35.0882525376089,8.957722884539894,19.335589882384948,878.6106062959301,299.5121378972929,NORMAL
32.885340879618056,8.824868023402136,19.659036730374122,836.6654816727497,287.24392220532945,NORMAL
35.5171861479363,9.486510030845928,18.628758185938622,978.3023770486176,332.61208848875833,NORMAL
32.35474911737688,9.008529946694045,30.85797005003572,1035.2785783507645,293.71660853413886,NORMAL
32.14272695580301,9.075098171717558,21.514019365672205,919.2222086500553,287.57315894354855,NORMAL
33.939786442247254,7.980797825787014,20.68230124028756,1025.4717260026312,260.08076663420854,NORMAL
33.03574744640959,7.941705565926018,18.545019486559344,760.8056454874279,253.83929195710917,NORMAL
35.200622127036,8.064957487954054,31.30642838805414,924.4866878967581,282.09205159641806,NORMAL
33.48053300801673,8.533396770452535,28.62286755260255,834.7488197918557,281.5042826631444,NORMAL
35.364565815199505,9.39291302630081,30.495815184810645,875.8343981871941,341.4893682039959,NORMAL
32.85801439980659,8.495079704292204,20.865521526801977,927.339090977555,270.37051701556356,NORMAL
31.989388194403162,9.21006040323987,20.899061328951973,771.3474855520299,281.92611831620894,NORMAL
35.64470712301865,8.51384087592367,23.731769005438256,993.2635743023756,313.6647869376973,NORMAL
31.993146198693626,8.88723611494759,28.795719421926414,946.3952060597863,274.42442464092056,NORMAL
35.255298501102345,8.578189105472017,21.954613969180052,877.5684556313082,288.4415364152632,NORMAL
30.767200807334504,9.031093501031721,18.000162886575126,874.9697485446876,278.4869384505207,NORMAL
30.327806520005833,9.446156325944665,21.165754637495407,841.2596158908842,280.86452294749915,NORMAL
31.3824999727041,7.502947644172623,28.21082711723195,1040.0536499397856,228.96943401570593,NORMAL
33.97828315082054,8.98379265391743,29.877955307267346,876.7887591040827,299.23824057504436,NORMAL
31.951770804138185,8.925242666197025,29.434912531078904,804.4841903269808,281.4968384544289,NORMAL
35.4116411804949,9.113387039389478,31.78801763867466,976.2744779046243,319.2731873932227,NORMAL
33.54382700396783,8.82202850849464,19.098381428439737,913.3490877311596,302.1189163172606,NORMAL
31.00392782400636,9.061263434851114,26.17281892719756,1035.6665357092784,268.0798094580655,NORMAL
31.5919568253328,8.703107758599648,22.15183877088303,964.3272492213727,282.06950829588885,NORMAL
30.615095784398846,8.527708928413535,25.124467778274784,860.7842310646623,272.3792818934647,NORMAL
34.96503791923933,8.894418763819274,28.000572900289967,888.5148431439358,324.0863532775849,NORMAL
34.16757256351971,8.957962123311633,30.063672653022834,832.2214768026573,315.4703959377642,NORMAL
31.17144361773895,8.190683904489775,22.698546359777797,1043.5576405167421,264.4183873894598,NORMAL
34.20701916954156,8.954113523230781,25.869019121635993,1034.1272001325558,306.17894095568204,NORMAL
32.283106259219366,7.826070673863182,29.006879131654813,970.3331796226774,249.7281026948082,NORMAL
30.151160483755376,9.177994655436022,18.15985176835703,961.1099338887153,289.7404826197259,NORMAL
32.62596796888922,7.969946809991906,27.868194140607343,995.1384426046756,261.234543981241,NORMAL
35.80221165153688,7.603337443315922,25.067138376263394,965.536184196765,282.08796100188243,NORMAL
31.075533671446742,9.100006963527363,25.737899060059632,868.966104596989,272.37293148860846,NORMAL
35.19177455345348,7.8145464163594305,22.337030028927387,837.0136595887311,285.22192972066773,NORMAL
34.036217965253385,9.093362794382745,21.506550583094985,937.4622298820997,311.7242426739742,NORMAL
34.996982260729624,9.31217412096252,18.170194800683415,952.2059757176378,311.292411181523,NORMAL
33.29315199046414,8.075265458087356,22.294872393309976,855.887551035707,272.11200036970774,NORMAL
32.00429979401262,8.965398101180561,23.663383398034178,770.5059600929876,295.0732463286249,NORMAL
31.714549947556236,8.365533759198525,27.596214365106622,849.7368471446136,253.54495049879208,NORMAL
32.24352628207688,9.388897165388606,26.984281562179817,951.4437446001621,306.73574539467285,NORMAL
31.193952833756622,8.33666772820456,28.513157177086455,780.4118692659478,254.27660093135756,NORMAL
31.65791465079512,8.364037855189013,31.725162373190592,770.2507640051466,265.28317643915676,NORMAL
31.076188092073263,9.441353090819488,19.5862490661845,871.0803007084774,300.38084002944424,NORMAL
34.22732656816467,8.345457273787865,22.851338351338057,869.2837135658611,278.90941520711505,NORMAL
31.231997632240798,8.46607939511778,21.7594725849465,836.238499469175,268.5573990087567,NORMAL
35.81122399019935,8.70727440111875,19.077712538909527,772.6750841562201,325.89434945877804,NORMAL
31.783744741844004,7.68413397216495,26.38662422010534,937.0946334870798,247.85749416353912,NORMAL
31.60441216714525,7.5302213684289505,31.510215172362606,825.2679137073308,242.17743813149895,NORMAL
34.23977921927226,8.720014834158972,22.380703518991076,831.3288761292197,301.4874781317316,NORMAL
35.19657380167015,9.393467457846791,19.48268126165261,796.448583779316,345.3216461209371,NORMAL
34.41921137000875,9.265987649659547,20.836856877894803,926.2757613328206,325.3428920702422,NORMAL
34.08067131268184,8.316303381733396,18.21552848367832,924.877817041279,276.4274774740422,NORMAL
32.70152547685734,9.415162030167634,23.586494446994088,1001.9404819993281,298.3006326942382,NORMAL
34.03476298815017,9.454013908877887,19.426503412221116,752.4959826681576,319.62804858770204,NORMAL
30.555752898308203,8.996768699352463,30.803681293879826,880.2062918126277,268.2699509214219,NORMAL
32.60641991403966,8.946895635700002,18.126758262125193,926.8361968454092,295.03125170523253,NORMAL
33.82612948137562,7.984044159961755,27.996738127293774,777.4174458995329,261.9475262208838,NORMAL
35.264820279926894,8.977446301453133,18.192437756158835,824.51287811094,307.54648148920626,NORMAL
31.624837968221836,7.995119540559773,18.87536814039984,887.6821549790461,258.72889465521297,NORMAL
33.64039034830462,8.84574333719616,19.13608849950735,1035.4472130530362,307.6469044402276,NORMAL
34.83054191097398,9.145967610083535,31.05794711385866,913.2761898341093,309.0112218478617,NORMAL
33.700701647115245,8.985762987335878,28.330843506956356,906.4347072500641,289.75830318938637,NORMAL
32.22667763058077,9.341533216926715,26.182284736603965,911.499582976714,294.08799367006714,NORMAL
32.21069351949947,9.290692178306339,27.330482665375698,986.2161080256999,297.8933811213051,NORMAL
33.781483316736946,7.996767217486415,27.87645162396881,878.2804001110012,268.5905676091655,NORMAL
33.89593394746129,9.372561242937854,18.89608885252069,997.4229712041023,311.09590019998444,NORMAL
32.663516727038264,7.543826657550018,22.21464508968038,900.7893727890391,235.4717357751134,NORMAL
32.94657437629899,9.354221257716855,19.475505053509274,979.3322184226513,305.40570269104364,NORMAL
33.93104228714603,8.020473195970458,20.232891675579015,798.138784281368,260.4542534799157,NORMAL
31.113880229407457,8.828438769977936,30.34366856580911,994.2377056773486,279.7723850695011,NORMAL
30.662591180466617,8.0783748925919,22.337296254514566,824.9870839192863,248.07560278741343,NORMAL
33.21332288927803,8.21377195034222,22.953048222310105,998.5666793718244,280.69876149465716,NORMAL
31.846774990084473,9.327576887746519,31.339410238035086,848.0227626090123,292.7288882501937,NORMAL
33.03380492053175,9.382241625067348,30.268472063992363,780.770388775077,306.6065312620056,NORMAL
33.32022713849863,8.50626494510308,20.7140829511165,1007.6450313504464,288.44572471679356,NORMAL
35.02745024911082,9.217528558698945,28.476981951320354,881.7631803749152,326.4357076517677,NORMAL
30.96219243671846,8.847290834949815,20.50954558034993,958.1848771530471,266.5243626545964,NORMAL
30.70530780090132,7.830568980285915,18.027889893066984,965.621885356059,246.0278823351279,NORMAL
33.089600099479554,7.822725602110768,19.169760725149658,755.7386899311861,250.19872461466247,NORMAL
35.34513320989888,7.983073683403363,22.95979858104102,781.6036453444,274.32887152352123,NORMAL
33.11534742468123,8.715505366191305,21.434932398326954,767.3196477675351,285.47201167075826,NORMAL
31.405220225558004,7.939107846459604,31.438079237988376,934.8901457777172,250.7475772958356,NORMAL
32.49465062113993,8.357888666860289,25.57267005373313,958.9289421108322,277.07669071522616,NORMAL
31.0301634462327,8.500225504153255,23.767413330477428,1011.1580898808153,267.2297366977248,NORMAL
33.19502439849589,7.730789284357835,26.478930450527763,785.1611717040701,252.44607318899764,NORMAL
30.85705178888599,8.884147294048738,20.887529593706137,867.5578119564078,284.98556584078943,NORMAL
31.225898300393823,8.515610127917558,23.869803256324307,755.4372123137189,273.6922358483402,NORMAL
30.4142754378876,8.448510041953908,25.8494961291453,938.5279369843761,261.8023013616665,NORMAL
31.51963430113629,7.519957553316899,28.12821127296877,910.6969798042736,244.99318600089387,NORMAL
34.92833017740416,9.186652335575767,24.79132523971356,850.0885187510597,330.22978309227994,NORMAL
32.70776467817553,7.866884392806869,29.96963627386064,1014.7679630317042,256.44132585813384,NORMAL
30.454198363858726,8.275652179833862,29.249527232476446,1020.5322085638686,244.55502543994373,NORMAL
30.40184167215163,9.254700906265677,23.451669145704255,912.528289280269,294.5294491013585,NORMAL
30.399388367485336,8.796636014904191,19.037475916048137,862.6406785399502,275.53673083198504,NORMAL
32.60083339653381,9.4943647078059,25.82682998925243,846.348645790786,300.86097019403104,NORMAL
32.10312320571697,8.245066547519102,18.961991488135453,860.8722598280319,263.7458080562869,NORMAL
34.336426513432826,8.813458969443216,27.922719173208158,752.5091045630571,294.07866123842126,NORMAL
33.97010573039914,8.467978736359495,18.074388659356842,991.3483927295467,295.5057222485418,NORMAL
33.29051497796138,7.632926651552545,28.731210693456184,925.1140763194092,261.2687764868702,NORMAL
34.510481954375045,9.106004143915674,25.252112929664747,792.0973554580545,319.63125964464973,NORMAL
33.722842710311824,8.984506374398174,20.378334084710296,808.4925599700867,314.8118436895437,NORMAL
34.499866790712424,9.316456977400646,28.622014496294888,929.1465917970905,326.3706055492438,NORMAL
35.33476754364006,8.65761350902388,26.853478540597422,796.9430148010802,305.1169724529603,NORMAL
34.29838267174859,8.04188539663273,20.83155852734349,844.1480424673247,268.6936383758574,NORMAL
31.289475822218375,8.349701685736173,30.709739194369476,902.1178940216155,253.10446588798317,NORMAL
30.461830016285244,8.89231229027585,23.35918270210943,996.5492839756078,275.1968710165921,NORMAL
34.77744870324821,8.043892078836897,27.693024914454814,829.2185954081157,292.0288111697661,NORMAL
33.818245689200246,8.149023600350684,21.77316607209182,807.2779755214931,280.9497083886812,NORMAL
31.312293677987565,8.690606531854979,21.704890376955003,948.5906834381606,280.69305279621113,NORMAL
34.66815145886792,9.021702661861564,20.62811367969153,776.5154840953556,318.98819233915043,NORMAL
32.21008328276611,8.364692452806695,18.436087299107474,827.8729347825148,256.86340324289483,NORMAL
35.27511463560749,7.986793366437061,25.802720374022112,761.6937961983391,286.43572741139167,NORMAL
31.938164074524565,9.295838373915332,30.4336546450765,847.5871855085243,308.7962198696336,NORMAL
35.97694604099267,9.150831328247897,29.828198868573207,824.702620832727,331.7441533625336,NORMAL
30.403535483804205,7.689835873643339,31.98449656846607,847.9917748277733,239.60069298615795,NORMAL
34.8399903181609,9.216046542014459,31.966796163630192,822.4489455770604,306.3282361633289,NORMAL
32.467149107967515,7.760161339657894,18.31396244826877,858.1280481424458,259.09910949913524,NORMAL
33.39708414735043,8.125555978420708,27.160788076898076,819.6054540926432,258.19165204237106,NORMAL
34.58612031861856,8.747486169728019,28.67223674301344,761.6814050062997,312.7408806197147,NORMAL
33.71715720021782,8.62679070142528,26.744596673603443,1009.3299740605092,293.3995878406194,NORMAL
33.485702279329075,9.481358314131532,28.594222338959952,882.6881416353406,324.0745878557917,NORMAL
32.33538283015073,7.957750924966998,26.355926276428633,1028.4546294341853,268.35940869254284,NORMAL
32.051431668632944,8.55535493244339,20.962902579978056,1048.689332849665,287.40417427622964,NORMAL
33.89705357824468,9.108828119354946,28.011402257971802,927.9474657118404,294.9714988011389,NORMAL
32.728586055315965,8.84957260433482,27.485442594371584,861.9367855267151,302.4269001553464,NORMAL
31.004142193420687,8.500718892431122,27.67237567171152,959.1407417675427,267.4749884317696,NORMAL
31.651729280711162,7.812413137373244,26.903164575573953,929.7906348418313,239.3476169674991,NORMAL
34.230834873423376,8.410343983467312,27.34864828244414,1001.2101239310452,278.38480560079535,NORMAL
30.11486920798102,9.058205172791574,26.535763952136623,959.8918708866365,282.01108079316487,NORMAL
34.816865608947005,9.421840293857649,25.503091103929656,896.5486897979716,324.8204653337515,NORMAL
30.922146257065226,8.645214465764045,21.878175340563704,1026.3922536638927,269.5525141427269,NORMAL
33.55704108304866,8.209849321754021,18.727850927687903,759.5231296118966,273.3861476060287,NORMAL
30.507392268583427,8.713693911080279,30.3336220789552,1014.8744449556166,270.06001544490925,NORMAL
31.267390988837587,9.225993662717745,30.405308094384914,808.9960754858876,295.321846727553,NORMAL
31.71911729356274,9.105280624705859,31.961330598650438,759.0078015988179,300.28784587512087,NORMAL
33.73578320159195,9.446765238329643,24.510133245369985,1004.2163791714121,304.74778451455296,NORMAL
32.01167430046978,7.63403307550242,31.65480386870699,995.092172181551,252.99367014330028,NORMAL
35.62779138860336,7.670206972239571,23.39836629518667,771.3104667132006,265.3693037178687,NORMAL
31.376194662226034,8.438214422095157,21.759870344350997,780.2934320453284,255.95558369617262,NORMAL
30.883653381312545,9.446153595824597,28.630095096858632,1040.3284395808687,289.9737722073556,NORMAL
31.67021088997594,9.096586394418374,22.567554852576055,839.8150121116045,280.3845529662556,NORMAL
30.778073869345413,8.012926122033532,22.97447647863443,952.1982624437192,235.8342998440488,NORMAL
31.263041637992057,9.118047280583353,20.05690693017279,852.7935439567565,295.4527821387893,NORMAL
30.929551866860656,7.66547367123638,24.78353193112015,840.7258533835609,238.59301229108917,NORMAL
34.82282934290085,7.774296976305486,26.12978718375999,901.6526281169591,261.0874103851719,NORMAL
33.743990913173896,8.047280835721544,24.829680459616174,774.6816972831185,270.4498870937316,NORMAL
31.83878080825692,9.14476242237071,18.797702177963156,875.5821824754989,289.94778360939563,NORMAL
34.350036457794715,8.648575150180422,27.340972720718533,983.1147856955268,307.83915679135487,NORMAL
31.883252980334824,8.576045410727806,29.761513098148797,1046.835339289517,284.0829386066131,NORMAL
32.22880357574626,7.890333034437301,24.851495523692243,972.4924355508126,254.10702796054943,NORMAL
32.89908517988201,9.176460842163602,23.05965290694061,1007.9384024434937,299.08363024009196,NORMAL
31.969398634070036,8.407979822399398,28.67425742144816,787.8006083591982,260.63786610781415,NORMAL
35.70866895397855,7.850983254762715,25.948182451034764,923.7943399985813,280.0572857081455,NORMAL
33.86847149146091,7.959653451595237,25.737271748874477,861.6519765740692,273.93954294453965,NORMAL
30.847341260238895,8.641754833678952,20.593784975366532,833.5929189345109,259.07666243086857,NORMAL
31.097026679212902,9.151421903121333,21.999905947252465,1028.1371345593348,297.9552746380772,NORMAL
33.42756281962259,7.786002245331453,23.243675407314136,989.3196790044642,256.81569639825824,NORMAL
30.522103309816732,8.613569821856377,29.831691920944486,988.7779161430507,254.3631166666097,NORMAL
34.0365876864748,7.941008526871294,21.054905483730412,1012.2215319915556,263.5187645124678,NORMAL
31.579484079108067,7.501306781522599,30.189366477757247,987.7784439627404,239.90366009298597,NORMAL
34.50159458363305,7.804097134848984,24.416530324226056,855.3658162046343,258.3160742277272,NORMAL
32.916782911289545,9.34147930068527,18.560827666709724,837.4382740481382,298.49858016260066,NORMAL
31.428879921994177,9.316869103758751,24.55296675928006,889.8898238819456,300.4489039700704,NORMAL
30.926953224029553,8.474530708200101,24.019792997694836,929.0732071639968,275.18439333042613,NORMAL
34.616693364492285,8.295731406034854,29.585742731836657,801.212508993744,273.6870788883831,NORMAL
31.22669023478564,8.18082311222852,25.148130604433838,934.53874216236,265.9493640416993,NORMAL
33.059124057302746,8.502551289251459,18.70340213752175,760.4734657968671,282.52493737399067,NORMAL
32.62907167949007,9.178360789960598,20.249514185965833,757.4914986351149,297.95519804342297,NORMAL
31.424871340513544,7.5992287466776745,28.144376015866804,783.4778999871743,241.39150714960104,NORMAL
31.686298501001335,7.846992100710044,23.316521320870443,990.4337328668861,245.9591257066115,NORMAL
34.504617895266335,7.750972593598301,28.818799875311107,821.0799974719946,272.18862664901894,NORMAL
33.39468932904598,9.358289434423375,23.422515251654396,769.8495566503321,297.4899517083844,NORMAL
34.96115136583652,8.549471275322864,28.85341672568929,820.3276800034544,294.26892243246573,NORMAL
30.180623233267912,9.422984649148225,27.350150693811386,1029.961526327792,277.72246542502296,NORMAL
33.66878166735397,8.856999936585275,22.445695803606238,1004.432770504689,311.5389485373815,NORMAL
35.30913070617603,8.978133951878744,21.884505516149357,834.4848126316895,331.6990955976596,NORMAL
30.06170697561415,8.93209994648429,27.88744627577367,936.8068622849393,281.6742883319279,NORMAL
31.871276614582353,8.179943727586496,19.105151641251776,882.8394409631212,254.4756588813584,NORMAL
32.060320213065864,9.169143580511255,31.09678318938494,805.7199216015557,290.2178794170839,NORMAL
35.571783372692366,7.623616921378446,19.2930473935593,798.8372967618689,273.76768507137706,NORMAL
30.902833626035985,9.436152762901466,24.254003381619285,900.4553881050499,284.21632637673696,NORMAL
32.8257615146084,8.823827265274023,28.516479917356598,976.1604248129739,291.9049565734532,NORMAL
35.42615864996314,9.134815694612218,28.598673605780757,766.6816565041382,307.6534372526935,NORMAL
31.274683663172837,8.827047187826905,23.756764844355644,870.7218777897936,286.68013366368626,NORMAL
35.37337708879103,9.318350528107171,22.394293071210384,957.3167438217786,322.0940651240808,NORMAL
31.1436589984467,7.869264914694739,22.789506692090317,878.9872859339465,253.18852933925945,NORMAL
30.71934656083627,8.969851694789789,25.440368798650276,836.3836028027978,275.3501279117792,NORMAL
31.799652418662134,8.692163910476612,24.07381491997342,799.3216587236636,265.80984857521804,NORMAL
33.28017409243278,9.304826066572208,22.815407611807597,969.900032166787,314.579437780557,NORMAL
35.58932948585689,9.141962034598281,25.932473624676483,947.1091494702322,338.3180536303208,NORMAL
32.39711270752161,8.153589411715554,18.15135517089275,997.9653222574393,272.10324326782154,NORMAL
30.626727108600907,8.6537147622654,24.495743774336425,785.6127286527335,277.7716986072125,NORMAL
31.288175324780134,7.634468360181122,26.327863313026732,971.6600031399098,227.70012734016166,NORMAL
33.952305832362136,8.564583751902909,19.445710124250677,801.7571630839086,292.76397356463536,NORMAL
31.77814568107973,9.376631457302633,29.46236321277671,1045.070161954099,290.8108253208822,NORMAL
35.81834179678786,8.362467739583115,22.865263134392563,765.1048580908059,286.13371770514254,NORMAL
34.152067535679926,8.415857988868055,21.17130276450548,934.1910918975698,280.3156243811089,NORMAL
33.465790526066534,8.218417493965381,29.529731172565466,996.2088482300338,274.41289308482953,NORMAL
32.104914656010095,8.225119593118189,29.28000335935505,848.4538448392836,256.38398764392997,NORMAL
30.50813005125184,8.433386241768817,24.749849384877784,1002.2726131208722,250.1146826276615,NORMAL
32.2859476420104,9.116811477787381,29.53073055048563,865.3833227936304,293.1417345141509,NORMAL
31.819715345095698,9.365109756838624,19.661012720382125,1030.124826900441,303.4742572981021,NORMAL
33.18943291612039,7.565318121568992,24.658346685508114,872.3244315008196,242.5822082447148,NORMAL
33.93845762100394,9.442301814736572,25.87064335490335,964.4259829331837,306.6278457478511,NORMAL
32.50600197490197,7.732716970328992,26.579141697511147,1031.5446474642463,255.42615355101972,NORMAL
30.46081828988653,8.209332409970166,25.709287312171924,870.9623268399756,258.40618446736835,NORMAL
34.88802602825994,8.723662040206444,23.228411231857873,826.6009121289733,292.3560800545099,NORMAL
32.12938610091933,8.32634503441544,27.461520951457032,947.4479472892721,256.0198721356528,NORMAL
32.37155589258695,7.863557734434724,20.19537787443528,998.1906449211738,242.89479408774304,NORMAL
32.515097255412726,7.836407311533036,30.310623019498635,917.1121539825106,247.95708295741107,NORMAL
33.01456372299826,8.962972719406231,31.413652124872073,816.1338012736256,307.33608605868534,NORMAL
35.60582468500494,9.332841089064132,26.89580099606674,938.9461963304122,329.0871590595114,NORMAL
34.51438729382273,8.562588036701865,27.48413299719612,878.5373711546387,302.37395214306406,NORMAL
34.946829105627295,7.792872513205632,29.66101601803919,912.0889595370921,281.7226838032434,NORMAL
32.58781023804609,8.25808097076607,30.810850255241114,825.3507802645204,278.37596903129025,NORMAL
32.90412343505643,8.52819088510252,22.318555940852775,921.9126601857047,275.7078506983966,NORMAL
30.235616485449913,8.043997210688712,18.08930660769227,1043.506436117057,254.54289543435144,NORMAL
32.37093178483383,8.956741708679292,22.841285377745947,951.3279471257928,298.7936547347334,NORMAL
35.680537468153446,8.300424551699344,28.96617176138467,829.7785351896356,310.6854676992835,NORMAL
30.154617592586106,8.707057613002242,27.23308374311858,956.4136671222386,252.59096514587037,NORMAL
35.63117870083878,7.862366558100166,26.718547645357773,816.8028237369255,274.7446446808286,NORMAL
33.27875125036874,8.334386837129152,20.24315841367109,801.2809207262545,275.0876667042043,NORMAL
34.543697869653,9.295929293695577,19.17778727163136,867.9311722678203,308.27902745998153,NORMAL
30.099554883795587,8.823437365287914,26.43429218753223,798.9057341444659,258.51209754214005,NORMAL
30.14224652186711,9.169894411388807,31.64566834467972,790.6378610384072,268.9791601316717,NORMAL
35.2104571436816,9.35292759591237,23.874783359295343,765.1867416807222,314.1520687098689,NORMAL
33.44369919641406,8.285790217786358,18.401133986087164,924.975717693767,263.56530360408584,NORMAL
34.72423174889564,8.112865645406742,18.56361204212925,926.505666294946,278.8306634886777,NORMAL
35.84280248014289,8.588397325007405,21.853348534518116,962.8316593901925,300.7980163224106,NORMAL
35.42545974844539,8.249443941014754,25.698159878866875,765.1719311472687,290.0813087938967,NORMAL
34.99418123796597,9.111297610726684,21.140459823949367,817.8237213031688,328.95943862761396,NORMAL
35.58239052101595,7.690721842546007,24.300820951967154,851.2362836892687,283.79831578303356,NORMAL
30.501149488080113,7.922251885116075,28.534556726210923,765.3881546943646,241.45741562013478,NORMAL
32.65264220807832,8.168802357977498,23.524012414464934,908.9821760790699,257.70053127884205,NORMAL
33.43197526970155,9.110864658599972,28.642253017062227,796.1699714081321,293.9105441670816,NORMAL
31.60904620646948,8.222149452682075,23.718378139718755,953.9091650500036,248.3726790032981,NORMAL
30.2080362253564,8.283821125887819,27.760291689931726,808.0306028869447,253.77894804970896,NORMAL
31.558968827641795,9.272172217627032,30.53965921973263,839.1861612843979,284.7192659714923,NORMAL
32.467823832397386,7.981063170360297,27.41337380608385,997.8194053644856,263.6130505051753,NORMAL
34.94610268349609,8.293984324414948,20.188437589924053,971.3852842192777,285.7983870385492,NORMAL
34.0276249513748,8.04128788396353,19.137214887293418,1047.774538646329,264.21871008949194,NORMAL
35.93052596378089,9.454559865132895,29.113453454712555,947.8268886245993,342.35047107422633,NORMAL
35.19660927226701,8.078879043238976,24.54753697478828,935.8169908099505,281.82385778144805,NORMAL
32.564918724541606,8.160569335004169,25.899245433583506,1005.1723584045349,257.81644520838506,NORMAL
35.606598232520646,8.87817530749646,29.525824977520422,916.8572077890035,324.95774849290996,NORMAL
30.0972023840368,9.13676084955907,18.561944027195132,1016.9740129088588,288.5194702753827,NORMAL
31.76440477306067,7.920637112571587,28.71508709401257,825.907902276076,260.7916653462204,NORMAL
30.617055552944862,7.751910392758717,31.708121771408617,952.1516694810014,245.57371580201033,NORMAL
31.94597626410911,8.85296749904121,26.31938558232036,930.9450360368841,287.97901218624145,NORMAL
33.45215503877459,8.358124738605332,21.862917721327655,980.5743992739606,271.9439360604108,NORMAL
34.15412583692648,7.9666656452986535,26.754622379362353,974.1234801387087,264.4408605480282,NORMAL
30.35965980516785,7.761947485988348,26.483957541794357,1004.8339218677206,224.92793132051145,NORMAL
34.404907554249874,8.182637291900104,24.699397178873316,1028.6578649536696,276.79249299399197,NORMAL
32.79202160363692,7.527364829521362,19.142382080067737,827.5774773404352,235.18313238023575,NORMAL
33.78825195628951,8.352796713603245,25.67403283819231,802.3941557688988,276.4670630322157,NORMAL
33.98294684911635,9.430605447260799,18.70583483043093,1017.1152962565798,322.94365059193325,NORMAL
33.38351740053374,8.500557070415521,18.971517202658568,776.9630555208482,286.6421605825164,NORMAL
32.04575142861335,9.33453613315536,23.692267523032612,792.9844376107924,305.5551568579306,NORMAL
31.76012052864606,8.550940614711786,27.76965899707238,1020.0792333606212,279.51420101707174,NORMAL
34.05816640723634,8.859266364790287,31.242945016449212,838.7472292489608,286.67740495227395,NORMAL
31.63172735638919,7.935782759253488,27.265684191595973,940.1134799296588,253.36860774938808,NORMAL
30.097460659256722,8.957556108901295,22.52942577479688,949.5167967019893,271.12504528388627,NORMAL
32.05638555256744,7.7691525342082155,19.321864567246735,999.455499933667,259.47117954698234,NORMAL
33.8987282805858,7.706868229720967,23.62838103643537,968.6817600315471,268.56343745042574,NORMAL
30.70931173374653,7.500061437690765,27.96991864232847,856.9788527958617,224.666896397222,NORMAL
30.07738481873715,8.580598813523,29.916110295963744,1037.2894938817763,259.77873114308113,NORMAL
33.08676796643937,7.670112770978482,25.684219221596397,863.9937236896184,256.49811256215986,NORMAL
32.33235808725928,7.980598246900733,19.32951385319727,844.4755333766687,247.62372399420488,NORMAL
31.061381704943905,9.474672317159092,24.217449796692662,909.561529951505,305.29187267023286,NORMAL
35.973413402944125,8.665428898689363,29.3746334946184,848.0823073010026,305.66960851038533,NORMAL
32.41622232596736,8.845014525347299,27.550683649571383,844.5718303948353,276.2052804819897,NORMAL
33.79437753879305,7.756651724377529,26.09889511521062,958.0266384168926,267.3898703761505,NORMAL
34.52083266395758,9.245718843131328,24.999425887507037,969.0747568588713,322.9735482001021,NORMAL
31.119839638786097,7.551379289738817,21.983579399477073,882.9101119012859,237.74967545497697,NORMAL
35.099755983019236,7.8924914334123315,19.757697058578678,1039.0439842422984,266.1663964971388,NORMAL
32.870946420643136,8.671127457586604,25.579241892704136,775.8096471098829,272.40218543313114,NORMAL
30.632900564766214,8.671175367745224,25.620828426880493,820.1222376110233,269.2828543909377,NORMAL
34.920405012333894,7.583157919693187,24.973819209672595,956.793123630807,258.24799361709927,NORMAL
31.846625431758895,8.727275805978767,30.571094108212314,992.9773260908698,280.24475742202435,NORMAL
34.3813303065435,8.229644940415596,26.973517393382608,889.8544773382671,274.17300363665265,NORMAL
34.210429643263545,8.612929274697644,23.020702147350278,1023.4017570235892,280.53623841728853,NORMAL
31.894638907496976,7.613762795555293,28.73138242710278,960.6322362341377,238.74280247344814,NORMAL
34.053977413242436,8.2918744523919,28.58755307991408,886.2550988210119,279.89433653971804,NORMAL
35.60837949292981,8.001758199781401,19.686262759951916,925.3629339778374,298.3020122117898,NORMAL
32.26703528236312,7.624073527257563,22.750273742333945,901.7794962958676,237.68934418130783,NORMAL
33.94861330833895,9.495498778020401,24.324352663740214,856.4185670190637,319.15812547577025,NORMAL
30.690877070371208,9.266547202852447,23.807559177298927,866.1823234274524,288.94002785645677,NORMAL
32.65220052558674,8.796466937615692,18.860248061831026,994.1170031166682,299.87633320402773,NORMAL
33.89259231695632,9.409131857717622,20.120052401179485,893.2248568441062,322.14648553326293,NORMAL
33.49041988452712,8.302923558178087,22.733181731127658,788.0472067651257,275.0580959172951,NORMAL
30.97596489063291,8.968731352984436,20.92363309692426,767.5695915853602,279.2699179242886,NORMAL
33.57137839631641,9.24382612256101,26.077742573847544,853.6442561170337,319.7312912403463,NORMAL
33.241673359124526,7.6585605692623835,25.92190784438545,1022.4055636264986,251.9436607337606,NORMAL
31.7779548113988,7.78693891403604,20.120237307095003,879.8314453025457,249.82061881453265,NORMAL
30.48369243101761,9.379137178050332,28.571870644232742,925.9871754850988,295.3011471195117,NORMAL
30.48112054087268,8.453677755466249,26.82130377606329,998.5958718354868,264.9819454375281,NORMAL
31.6624154982804,9.381760339118408,19.740841780032184,1012.5400855863456,311.03843611740797,NORMAL
31.062921139335753,8.94413212840757,18.563997262891977,871.6268475417464,278.28327128435023,NORMAL
33.48387135545781,9.371874496497119,27.411509622118725,894.3833853657711,323.5244482624595,NORMAL
35.70319692572645,7.544132297364582,31.75529781158454,775.8396417191041,277.81763766112266,NORMAL
31.682008515308475,7.764359315507743,24.157978955993688,943.1869738342841,243.06202645756258,NORMAL
30.327392449696195,8.698922279317433,30.633645865549447,864.9646097841755,256.3320451604322,NORMAL
32.655464075596896,7.5967254220975615,29.486826182723846,997.902243285056,250.25766203819094,NORMAL
32.11861733363034,9.099566728891567,25.76561834703714,997.7796925650049,296.10758866338546,NORMAL
34.706432839276786,8.69712598643552,23.797974955019328,1037.3837579778412,303.0872242015494,NORMAL
33.63053711124323,7.940975278829498,26.75911105198187,921.4822948448832,258.6425812714652,NORMAL
30.35752258411886,8.708718639429541,28.691691770904487,907.0204112766024,257.1516707025522,NORMAL
33.99913186015821,7.660211453219205,24.185671867227363,799.010027519526,252.2225737841726,NORMAL
31.213763694949222,8.273414114087956,18.716102878685568,869.3380322787294,258.54673136509666,NORMAL
32.899765709797954,8.265568200806081,29.748052512990533,793.5980077261512,272.0901718134523,NORMAL
30.372248501739325,7.642311357755819,26.03412189547935,919.8055274663463,240.88887355817369,NORMAL
33.34724205396044,9.4195820408097,18.681727877599016,779.4023054342223,299.7954122307445,NORMAL
31.11166110200124,8.582540221883356,27.038010539983993,763.6755473846007,278.92526737855655,NORMAL
35.05299225990228,8.093224964314187,19.080625423170552,800.9661219657172,273.10847274504465,NORMAL
30.73970267579368,8.537123377331469,21.441864194907605,857.4419149587434,275.2746559392582,NORMAL
34.105885493552066,9.397961334094003,19.99579177046362,864.6418424497708,322.28008859910994,NORMAL
30.46054837133243,7.508374887255916,27.386080673156847,942.5458550404306,226.66887430705967,NORMAL
32.937864456192194,8.33088600118418,18.336070627828445,850.6114818652387,265.54067952501,NORMAL
30.590545134608213,9.4134408677787,26.391036150590317,968.5968852709808,282.6454598489075,NORMAL
32.358882776964094,7.973847987793447,19.357519393515947,803.7094912324751,265.7014128883087,NORMAL
34.065274831102656,8.593857751970955,24.651258220134753,1026.7302850968374,280.24385093225976,NORMAL
31.683604879427495,8.199875707141429,28.95396137097903,1047.7543860485914,253.06419987652853,NORMAL
35.24584400482249,9.161245520863583,21.145203566984733,869.7997740597668,319.9792051294244,NORMAL
35.86932401115935,7.861783802757797,29.18821159546695,850.2578142519329,288.5073420274357,NORMAL
32.52006602577398,8.65671952623308,29.656564826565834,991.2496694951652,291.83252941407875,NORMAL
30.357703952067954,8.88410110607949,19.95982327410468,874.7455704055233,271.0113452402867,NORMAL
32.41643690848098,8.539223351606015,31.951368323180667,790.5651941138565,281.6680147831534,NORMAL
32.37600579831369,7.766019597814657,20.222314687240335,1034.7819318736852,260.97711828316056,NORMAL
35.44225176249013,9.483065551654773,20.91641546011925,856.6318012092186,341.78866860921016,NORMAL
32.902815239163886,8.336779066756668,23.009357490698303,928.1341895830357,276.37705553852396,NORMAL
30.968747004385442,8.443479675036878,25.7486048669379,921.0860816194172,253.90375322499207,NORMAL
34.45362835351372,7.55039818964214,22.967645977604278,984.0637945606901,261.8007147342992,NORMAL
31.56697459506516,8.889906238686095,25.943473218185026,988.8730828369162,287.22289612586786,NORMAL
33.66064753221741,8.476355350621628,19.864549759345326,828.3999053656152,283.01135913298646,NORMAL
33.59579572203833,8.52741571043061,22.034583363433413,751.9393073369132,286.37757547422007,NORMAL
31.71375593137346,8.96921660142107,18.335247713786767,925.4483433917372,297.00517254969736,NORMAL
31.046455602668996,8.44329898150119,19.279907885439933,937.7045736784057,263.45911668717895,NORMAL
32.444193145277,8.542754042947482,30.552045218566143,808.8882906933201,263.9300282929939,NORMAL
35.16998930819461,8.654234164775813,30.469218376465793,929.0835670239518,313.8096751443953,NORMAL
32.578040180130884,8.999719862576537,30.782580536457985,921.6368891166619,283.8340718469239,NORMAL
31.612785690181187,7.897289153794811,21.455998386340262,841.9246348053109,251.0317538121735,NORMAL
33.527949776783,8.352999494483722,26.615890917491697,774.4724776834098,268.51458828737645,NORMAL
31.03097676214595,8.53615499608069,20.99592550177639,834.9853210477731,262.2446616163212,NORMAL
34.87119674406228,7.52772427182572,27.091303483312714,950.6629593122057,270.340490874416,NORMAL
35.59651763436188,7.540275697898579,20.152971877185028,1015.8513882167979,267.2941637104037,NORMAL
33.38754383360078,8.826054407446295,27.506932462938924,1029.5221209949525,309.3243976740334,NORMAL
34.320944765585644,8.074442418410301,30.31653363212081,764.7662743622285,269.6701378285065,NORMAL
35.384314304782286,8.012383028878709,21.08911483470448,791.4375879420742,293.693953086467,NORMAL
33.00034955514652,8.84978640610831,21.346929377050415,977.412126303365,299.639403995522,NORMAL
31.8755881494498,8.321365266020566,20.935663884022812,1042.9683069968712,269.11049729647885,NORMAL
35.6072632842931,8.106771087258267,28.94647278195646,979.7575931654226,294.1922632424028,NORMAL
35.7938338516008,8.28711067221263,19.830042530256602,951.5126577732183,303.42942093545264,NORMAL
33.45036344075289,7.913635786266792,25.062383183370976,843.6569209707388,262.79393069149125,NORMAL
33.87131145506798,8.99042948538167,21.251145672618804,871.597608194086,297.4881999162027,NORMAL
31.191789683171216,9.066774439991677,30.729537722117893,861.069655705373,289.91531359517165,NORMAL
35.381971736186465,9.192248421060462,20.559387439549162,1036.8875644540085,321.2288999305169,NORMAL
32.035443967043015,7.62486265455556,24.80643115746836,782.7040846922786,238.12354662851385,NORMAL
31.90165573060369,9.117652646983368,30.256841105542552,840.7398952384409,301.30160406956145,NORMAL
35.143385624218745,9.029301900769747,20.053731596212543,957.0968540702187,331.4417528525102,NORMAL
34.095242872602945,8.163233698215668,25.008110444031637,943.717513005316,278.6216390419093,NORMAL
30.719717650385817,8.12412808930404,29.233544427750857,1008.4254138286552,240.51898456866454,NORMAL
35.71432051439235,8.157645235697219,27.272392342230077,975.5475437870043,300.43314657038263,NORMAL
35.674498213355584,8.125839096057645,30.019090363721762,789.5060710308621,295.82906539154845,NORMAL
34.45186637708392,8.855446482402641,21.53240630589214,1011.912944104561,294.9839724171193,NORMAL
30.321808749124983,8.934929981223824,24.65666001325827,1004.7294059876028,267.76419566613276,NORMAL
31.009671531046276,9.172884384939739,25.684734842961003,806.7587377171064,290.7169134362198,NORMAL
33.066681830937,8.708625964480639,24.452576734892148,998.6126951454019,297.4556286887899,NORMAL
34.256332930946314,7.710802754792924,29.743954066656965,951.3038941598729,269.34809804188967,NORMAL
32.17789704242323,9.258559112314014,28.155202403288005,783.7771399587583,295.1734762076373,NORMAL
35.31828217176085,7.594393403394758,31.459832674988693,953.7487704958688,271.74470782353205,NORMAL
31.62335553892795,7.997583577478354,31.188815072840335,839.4817362702369,259.87824519926227,NORMAL
32.35873078924247,7.778508141569408,18.150014167735026,913.2772011045753,263.6781298818198,NORMAL
32.214817162855226,8.21438466798609,22.81728264989219,906.1631511914575,263.05474525440474,NORMAL
35.27948776036209,8.51104158344698,25.108609734639963,791.5114784161669,314.76017524144254,NORMAL
31.499837345212978,7.646728134919205,27.284047485652923,928.6099110470618,238.8267999648075,NORMAL
32.53315340328407,9.070127842092862,20.739976961395087,996.0759956834669,299.46908823561324,NORMAL
32.513818642677144,8.416057233167738,21.59306090060534,975.6342998090925,273.99046064324904,NORMAL
31.92512725649906,8.6921002315219,31.940282328718524,880.5786838969661,289.1704411934385,NORMAL
32.070101039547396,7.609465413849971,20.859389489158005,875.6085429983052,237.19439851969216,NORMAL
30.00136222930953,9.330003075495055,29.814311757233007,972.6876694460841,270.61450714124504,NORMAL
30.722181457259918,7.635209498944766,28.136408642820896,1028.6423882063655,232.94086841572675,NORMAL
30.714844031976288,8.524785641464213,22.883646704420823,862.4474773049993,265.0143516453061,NORMAL
34.31230867957321,7.721207197746322,18.498263231290668,1048.2990908057145,257.85155155465014,NORMAL
30.322983149450753,7.87975065819184,18.5454098488785,867.5432683851515,246.16306047151676,NORMAL
32.04746669854632,8.388366813756733,27.458214829944144,902.6682210209641,278.5425025248108,NORMAL
35.19621405027454,7.519821390982307,28.89264829076479,888.2200800725021,277.60734891281265,NORMAL
32.89939245525261,9.473791890776596,28.563971056880312,824.5814653839919,312.8786998376855,NORMAL
35.9528138368715,9.215061215503848,19.363136513077094,961.9115990429989,326.19131808820686,NORMAL
30.04189357128209,8.306961938053998,21.286561904149597,995.6607811561414,245.49734009143373,NORMAL
34.9651421637229,7.50119587766959,22.30946810036567,822.3495642923285,255.2923748753721,NORMAL
30.409119718592777,7.874248540821004,25.77769397839868,837.4083218513233,237.47099317130812,NORMAL
32.26120128208313,9.25180984999979,30.674185986147215,897.887091496758,293.40508801714196,NORMAL
30.640804224014182,9.40680575876419,18.843177228604166,839.2950832704842,282.41171346652783,NORMAL
31.92240771684129,7.828573686544819,28.96426003293176,786.7493585897968,253.27833184520819,NORMAL
30.743076160234907,7.641071275185913,30.732013051602273,807.0386298956117,242.45652470118858,NORMAL
33.267785226642815,7.655713039217539,31.376274680132944,824.0883500975677,263.84837471256503,NORMAL
31.012860034707384,9.207885764283706,18.185203380674118,903.5341369708442,293.2571521165816,NORMAL
35.6087731049567,9.318404272412973,29.47474817366703,1016.4574048983912,321.8365429874681,NORMAL
31.705105774270372,8.077937049842117,23.27875503402378,867.9962011155566,257.2529632593841,NORMAL
30.95927858019865,8.882493327571979,20.345931550263092,843.0925446313643,275.0875750299895,NORMAL
34.778643369140866,8.978938466477455,27.037480989747312,796.731978174051,313.7444086948128,NORMAL
30.524679010799314,8.254726353593302,23.78923142405943,761.9434318337261,246.27798549114962,NORMAL
35.73389680359894,9.407265215659379,22.932578759535552,762.9300326844972,325.3707562383502,NORMAL
32.35330676060124,9.39555939593846,19.97678688952059,979.0547531004637,292.08224829903344,NORMAL
35.88754546434766,8.26323299821827,28.853283544586784,852.7773248433396,300.33313407137103,NORMAL
31.15209650844022,7.792042038593925,31.132897953953837,1025.29418337133,252.14380641004064,NORMAL
33.75260070099956,9.116536422432556,18.96651711675925,850.4367125672037,301.9743318552324,NORMAL
33.81387193171568,8.211915546941281,20.079094943011533,928.9401226240632,286.40636834268645,NORMAL
32.29274096675984,7.764537430196963,20.753634762379523,821.2449915508153,245.72086430608005,NORMAL
33.85677042303786,8.701890969075437,27.74511806193855,858.750595359454,304.16347636954464,NORMAL
31.22452596693456,8.438081495036307,29.213142101580026,804.0475943197857,253.19595944549746,NORMAL
35.30210380612794,8.185859325518392,27.574181748726446,757.6045812791815,294.46999368133464,NORMAL
31.896607869281823,7.6114817071748835,26.53737866167364,822.2411448219519,240.03234847718912,NORMAL
30.48348487371908,7.79432650218989,22.171681296941813,776.9278501680471,247.35939352860797,NORMAL
30.03628225910387,8.467720437728623,19.725464413855722,842.3037268433845,265.1751906296801,NORMAL
30.97016731964392,9.431664639436665,20.881121277851904,972.4698325400489,293.4636759766208,NORMAL
35.30687236558055,8.607986511006262,25.48382906818832,808.6374001105199,293.77708775731094,NORMAL
35.49893490669309,8.155676397700068,23.209151569480543,977.9470975285165,284.8514780719473,NORMAL
35.712374679834014,8.975855537997601,26.364009396027882,1014.2685481634257,306.1117732499855,NORMAL
31.54237615313525,8.43007266844182,21.177699552601293,973.1715561906456,277.0514542642219,NORMAL
32.54262071958554,8.18426520022379,31.46171024992593,883.4557298482623,266.04575618244564,NORMAL
32.10989923405143,9.319096946024278,25.965376765945912,978.6523761544934,308.5656204540112,NORMAL
32.05109425150355,8.36738866264076,29.878604841687704,858.976605502743,276.06683155082726,NORMAL
35.64595393544662,8.746420746136014,28.382782024326445,991.5291936123405,322.53196779841494,NORMAL
32.37032002714078,7.602526918351996,23.626267797314355,952.1268689352269,244.87437107714396,NORMAL
34.493778905162394,8.213964858937327,26.886417975456414,805.9259414561924,290.3960891785242,NORMAL
33.274175812878156,7.908128777093201,22.086756428969302,974.5826125745497,262.67864234157406,NORMAL
31.296188642358434,9.434542380740595,28.01175027743643,1037.1404497619387,293.11288363396187,NORMAL
32.85060204415032,9.295910432370038,25.350690763435384,962.1836735717002,297.80820241461043,NORMAL
32.68035881221584,7.74689973162071,20.883720502277463,750.2830245802893,241.50696882276142,NORMAL
35.863702939061575,7.984707390273525,27.286349933056027,1001.7299096398834,287.81189275782936,NORMAL
30.918867000503738,8.956232874672333,26.403519741394163,969.3751768042125,284.3863041176154,NORMAL
35.85246220610847,8.64712656005342,22.782975577668424,944.5393670700712,296.6415434703628,NORMAL
35.38438390992952,7.738762022676394,22.589799730401456,994.7236141878362,276.4960441612881,NORMAL
25.96817760138721,4.446871318750043,28.545473932021803,485.001096514973,108.19803875299448,PARTIAL_SHADING
24.44067215488346,5.053596874417261,28.475476330547366,445.4544132093347,110.30166097448195,PARTIAL_SHADING
24.827498873318277,4.913208257988435,25.353477680616567,558.8308366770802,106.08207215001718,PARTIAL_SHADING
25.0587293102621,3.5829946510198125,23.220675351957297,539.9361653334188,84.02049288770252,PARTIAL_SHADING
27.334637237293403,4.370792646799503,29.531201143941377,579.811300143958,112.66598539283073,PARTIAL_SHADING
26.637939866360828,4.017808549586279,20.528266863647218,581.5212128709626,92.27048035315318,PARTIAL_SHADING
25.513875641359835,4.564941815767795,25.644165877797477,550.145799246784,100.93531928353623,PARTIAL_SHADING
25.898687024108245,4.734388454233933,29.698188646337847,581.9077844249222,115.53473284985832,PARTIAL_SHADING
27.811060291570886,4.683433937784801,21.920233691363446,566.6714129731283,118.83317169084891,PARTIAL_SHADING
27.01234585228633,4.4795717359764815,25.286566039892755,483.610631779526,109.13705770794571,PARTIAL_SHADING
24.98777952839239,5.110348794720753,21.85776954698708,421.2415724723666,114.11252763931725,PARTIAL_SHADING
27.29153719753031,4.375433649867083,22.767541319513086,539.5427959726102,105.64409873107928,PARTIAL_SHADING
28.664338450633167,5.345290279207144,25.023718199720953,481.97099850456465,141.53061281766213,PARTIAL_SHADING
24.183564717415333,4.449538012087302,23.363233942703335,630.1339712756387,91.59399630997613,PARTIAL_SHADING
26.764074378591744,4.981327162133252,24.850179875240414,421.35075754068043,126.28743370800974,PARTIAL_SHADING
26.59005215688049,4.728372488638023,22.366097827075073,520.874521276701,112.26411704387678,PARTIAL_SHADING
24.37447921000992,3.7123207070949347,28.374725196187747,459.95498805164755,78.67709846351708,PARTIAL_SHADING
26.524557256250695,5.037494262725026,20.619465185789878,544.201979909564,115.16756705974932,PARTIAL_SHADING
24.182305254128092,3.605487904324435,28.341641082084415,429.4931209070154,74.50432800080199,PARTIAL_SHADING
26.189499435714563,5.18798694388405,22.62408376489302,505.4281543814791,116.03259453689374,PARTIAL_SHADING
26.24539257067438,4.655226161274268,25.70907053752145,483.1066730435913,107.70663119953005,PARTIAL_SHADING
24.53311809468299,4.233596641292537,20.994946688729648,591.6489861780129,98.31987368578837,PARTIAL_SHADING
28.850372283333535,5.230142198750787,26.00792149339619,575.21642431097,132.56133164952624,PARTIAL_SHADING
27.153852100863105,4.411299098879755,24.820173397769324,589.4441400937894,105.19312296588541,PARTIAL_SHADING
25.5901980584726,5.349283582257273,20.562242948509724,521.4085746033351,128.8511019268831,PARTIAL_SHADING
27.051815039090783,4.592814148424264,22.49744179229355,485.81887226611207,116.19355185560144,PARTIAL_SHADING
26.79609065884229,4.52948438751356,20.995797135400288,404.00703911378076,114.86308872111604,PARTIAL_SHADING
25.884930836434208,4.706426124199009,20.79715073187285,570.7785714307616,114.91272943403465,PARTIAL_SHADING
26.8783262649871,3.752230644750821,25.817215274734767,591.5868032761631,89.82448787938286,PARTIAL_SHADING
28.39918873970734,4.797365906714729,28.992489182892026,555.8763278118342,117.59378925840073,PARTIAL_SHADING
25.548458555525947,3.903589896504914,29.088264977168624,590.1000168218707,91.51686758349496,PARTIAL_SHADING
25.50483159815811,3.8680895441004273,27.56451087988912,518.5394864697699,86.08425276876083,PARTIAL_SHADING
27.083109890826375,3.580667704276904,23.261702541282535,517.1392486477837,83.86410945267873,PARTIAL_SHADING
28.9232723879542,3.9181947291792287,21.303531300432656,450.8837184717241,105.04350154385631,PARTIAL_SHADING
26.127528296359213,4.630831879505076,20.210091569863607,408.6078271433286,108.23750332861742,PARTIAL_SHADING
28.083276216008116,5.27047775741513,20.867065675956404,534.5907755252557,139.32736129920337,PARTIAL_SHADING
25.939863771989433,5.159131662856737,21.33695654399436,633.8486224169496,123.80918243362218,PARTIAL_SHADING
28.706671963934507,4.853234467105013,23.63403931999427,634.5452931311806,122.26138044879777,PARTIAL_SHADING
25.660862610308662,4.90161683600348,27.65316299525386,632.3508709622885,109.48875765625843,PARTIAL_SHADING
27.98999017609612,4.977092106793927,20.63794556253598,496.8057853025517,122.35161579453501,PARTIAL_SHADING
25.52245212177015,5.4658937591094015,26.42777413479928,579.4190394483749,132.20167017938994,PARTIAL_SHADING
25.886008912288194,5.103680336905612,24.345309633044955,617.3834179537449,114.68356498364676,PARTIAL_SHADING
28.7384308853214,3.937543416821759,23.262205069809315,589.0480585266951,100.64068313389127,PARTIAL_SHADING
27.041056883832233,4.3891470021388574,27.42369937089782,457.0828130921527,101.57791902175069,PARTIAL_SHADING
25.49964698736533,4.4486173297368605,21.680200521926785,488.6993224140972,100.95977998887487,PARTIAL_SHADING
24.286959218441368,4.666614496368409,28.843434279712874,437.9357282382631,103.11262361443218,PARTIAL_SHADING
27.32369602455423,4.338669360838576,27.0109758736427,502.682885872753,106.74860883532789,PARTIAL_SHADING
24.036765222772136,4.883440228269378,26.613426789447246,409.6002193315861,104.09738763254762,PARTIAL_SHADING
28.895159203958336,4.341473125137234,25.01945405131842,627.4825395399296,115.62829857598814,PARTIAL_SHADING
26.910350655621116,5.095609362682145,28.643662664559734,514.2220179343167,123.07084564174352,PARTIAL_SHADING
25.93025467825918,5.433412280036921,26.971662542903502,420.8057665520181,131.9145173480318,PARTIAL_SHADING
26.40279970418134,3.6375078128449747,25.49717255163311,504.2910697439255,90.0642712087156,PARTIAL_SHADING
25.019973018046937,5.152929218984366,25.576886911854526,413.65257580336726,122.1168548312338,PARTIAL_SHADING
26.563076220516,4.0817537084631645,24.69406841989258,614.4644458793723,95.46622429062636,PARTIAL_SHADING
24.9633819824335,3.758142493861763,22.978593983902112,595.0120217600108,84.16816201599585,PARTIAL_SHADING
25.1374080184677,3.832369999219498,23.32729476510379,634.9810932214273,85.19004803224048,PARTIAL_SHADING
28.940620379773176,4.470460911530712,21.79163918290151,622.7850229483773,115.92720704167195,PARTIAL_SHADING
27.548356717522623,5.467423166418303,20.50175350319974,424.1736399468918,138.8771582369196,PARTIAL_SHADING
25.40912501647736,3.868602793900198,20.393618798197295,405.46167799655046,91.16616424839529,PARTIAL_SHADING
24.67216713684775,4.435441231942302,26.05896815179483,507.0879501422116,93.31378866538967,PARTIAL_SHADING
27.917507512939544,3.521026449083307,27.61889894377484,623.3261234470307,87.80828207076075,PARTIAL_SHADING
26.67771236548899,4.453966785235307,23.892086186234387,621.85613384259,111.62026307100786,PARTIAL_SHADING
25.679081823207675,4.730139508029396,29.26907562145864,640.5146247353379,109.42789707306962,PARTIAL_SHADING
26.264124026421634,4.057388631857052,29.588718731904102,435.70357611821686,96.75807638975697,PARTIAL_SHADING
25.412751337593193,4.058016580695593,24.049685873761884,649.6982339539136,88.22340339833148,PARTIAL_SHADING
26.892709091017657,3.6651443160705544,21.54520829990519,509.8907354432247,88.81219485666156,PARTIAL_SHADING
25.29396204182262,4.132914261748832,20.86967020255933,475.80494596106263,98.96129699699624,PARTIAL_SHADING
28.72353690836241,4.16975658027397,25.708539362787615,627.3988477777361,101.87869721840448,PARTIAL_SHADING
28.05341785168796,5.396739105577838,20.91325734333557,440.36192150823024,143.2328391967559,PARTIAL_SHADING
26.687700718201732,3.5283932689434474,22.57631998763529,512.4859185672149,86.56475426232622,PARTIAL_SHADING
27.665801890683998,5.490843025850912,22.875111993837592,534.5550254671189,137.22393109758113,PARTIAL_SHADING
26.028226297236188,3.8383237876848404,29.774565631838428,613.3292966666465,89.89763029228942,PARTIAL_SHADING
27.01622711342015,3.954522107119325,25.43787070391747,573.7425332803689,96.31467950387211,PARTIAL_SHADING
28.951425852924707,4.722683312495453,23.70973712592169,593.0380069039595,118.54986030158118,PARTIAL_SHADING
25.922579068531334,4.193917900755172,24.31807095107777,595.4449564821816,97.67338523759118,PARTIAL_SHADING
27.970072251329814,4.652977806279732,23.42069434657555,602.494685920868,113.7237066888622,PARTIAL_SHADING
25.121914898998977,4.5090058481096715,22.60849245962089,402.2717587378041,103.62721325780768,PARTIAL_SHADING
26.55546910736199,4.391035628986322,29.669685146183156,542.7997959907284,109.18324055094416,PARTIAL_SHADING
24.697251181025802,4.638412926258855,28.67979626730903,545.7764393199745,105.59792849888066,PARTIAL_SHADING
25.860217839061036,3.6848990340741334,24.579002951270716,498.61984770971435,89.26086316088858,PARTIAL_SHADING
25.21997651176236,5.433468455070216,29.581381198044962,461.9079107678597,121.24657849728887,PARTIAL_SHADING
28.477778704369424,5.433244441792215,24.43439102836044,480.24926141022445,139.65780371585544,PARTIAL_SHADING
27.438846031828675,4.04694903074996,27.364731746190728,412.91433927866024,94.93445350003499,PARTIAL_SHADING
25.931438525727728,4.206946384121441,23.15633215367152,522.7549406672275,96.22729810779144,PARTIAL_SHADING
24.96128959234046,4.118939098177202,29.74904272810235,502.77835424871216,91.96419824758026,PARTIAL_SHADING
26.8827249497557,5.466681536828453,22.41601276435763,570.3205276331084,135.43746238226421,PARTIAL_SHADING
27.03662208396533,3.6771566792732884,26.768722758275764,416.0236777590439,90.43193592135891,PARTIAL_SHADING
27.697905886108714,3.921939781239901,28.41622007542774,407.5884513832511,101.50138965545489,PARTIAL_SHADING
26.301645253213827,3.935175879863289,21.33778144993968,638.3267918955931,88.72846045896011,PARTIAL_SHADING
24.99546709967963,4.1956446948660915,26.202348489611204,536.2002713190246,90.45893376924867,PARTIAL_SHADING
25.44863991869107,3.977503542172048,22.135428544903412,502.78608411999676,93.16509817821594,PARTIAL_SHADING
25.08726466108618,4.233357759405963,23.909174268411622,644.1141323588525,100.41173963793166,PARTIAL_SHADING
28.00068791376038,3.98331784163837,20.680373140916696,479.2260344301562,97.78100385843408,PARTIAL_SHADING
26.52962900073197,5.055455820135586,28.58322938878858,611.2160213526272,118.8254081089302,PARTIAL_SHADING
27.436171717303417,4.12566839504844,20.609055432351827,575.3913164007356,96.32490512507879,PARTIAL_SHADING
26.045912937292442,4.158758538604151,26.933775385188525,591.5613681900948,95.36477583417657,PARTIAL_SHADING
28.058135072224268,4.087833521009868,24.463263599865613,581.7546317535334,105.44002344213895,PARTIAL_SHADING
28.936842361561,3.9503220484318637,26.623179135395823,552.4204770689444,107.62384581065179,PARTIAL_SHADING
24.781810708224377,5.003596327173866,25.682686162687684,468.66646744697636,111.28135693218736,PARTIAL_SHADING
25.66888298534899,4.6586268055769215,28.890006108146657,542.3262461030505,109.19873139191257,PARTIAL_SHADING
26.593739235573548,3.602331012890952,22.328585568760943,523.0004323580207,84.4015708623648,PARTIAL_SHADING
24.90881798880597,4.508265683836877,23.228097934478505,464.5269107933537,100.66158462209192,PARTIAL_SHADING
24.666421290410867,5.355491466150815,28.677020979192392,576.9051464351338,113.68878066526646,PARTIAL_SHADING
27.879386272348466,5.115914656218038,27.677646177143377,428.4914717798103,130.41824323432218,PARTIAL_SHADING
28.171623978746993,4.654706802439335,26.46407375228089,514.5908698565765,118.39402574362713,PARTIAL_SHADING
24.171884291758627,4.777926043946569,20.814472128911593,508.7536485850558,101.54767106942246,PARTIAL_SHADING
26.727139751058566,3.766832671046414,26.91643401973318,598.7528842321176,87.219761827418,PARTIAL_SHADING
24.52156543675941,3.791030965574718,28.771275618985015,532.0473154390891,83.36146413120319,PARTIAL_SHADING
24.533559095511773,4.799112013513923,28.6799959189509,607.0464673308633,107.44952766746032,PARTIAL_SHADING
24.37639358325837,3.724794054352026,20.493089871098245,464.3698041231173,78.40925504851084,PARTIAL_SHADING
25.30024020126217,4.270116111437924,29.429827840711354,552.594014945423,100.8503550404883,PARTIAL_SHADING
27.55175750356166,3.7250062610532635,27.35920406373949,468.7747203897811,93.79509264410913,PARTIAL_SHADING
25.704809868214944,5.495344526529318,22.63551479496778,469.78261769356743,133.21464546655574,PARTIAL_SHADING
24.123222023181615,4.893377975746394,27.253263907358782,609.0946443525999,111.84011247235283,PARTIAL_SHADING
28.87800959578326,3.630553515132928,28.218393227529027,561.5774834143454,95.90362480901402,PARTIAL_SHADING
24.641749633073474,4.800374332891307,29.824825806012477,627.9546423848617,105.74063909527082,PARTIAL_SHADING
24.199739866430473,4.22458698000041,28.26390311600555,575.3747753662915,91.59486967414223,PARTIAL_SHADING
24.275507675794156,4.353789455646606,24.690249397178835,632.138883223534,96.61254978286135,PARTIAL_SHADING
25.558264583273246,4.5506365289014425,20.6605530782216,643.1420589124342,103.04814266880894,PARTIAL_SHADING
26.389336774565678,4.210567948473845,26.825117301162003,565.5580395823982,102.39522042381249,PARTIAL_SHADING
25.340716148059606,4.131336962328132,21.25251231096208,563.8774929615281,89.40402193732326,PARTIAL_SHADING
26.988411677617297,5.239391769703268,28.908321482896334,512.2594400924904,126.68711832292715,PARTIAL_SHADING
24.38484591504009,4.841530050886071,28.212594203728457,461.1637636511783,105.32484634514984,PARTIAL_SHADING
28.194196683826352,5.254240935324576,22.43179980264226,537.642658635341,128.7698132560029,PARTIAL_SHADING
24.50939382069778,5.322241002783915,28.20507504232109,590.0087254507935,111.51429739574428,PARTIAL_SHADING
28.218643963551287,4.376088151810768,23.423951232958597,536.6190902563442,106.09227876971809,PARTIAL_SHADING
27.783232746761996,4.664870153776592,21.865900968731676,447.0580499422614,112.55235507361408,PARTIAL_SHADING
24.28501193775967,4.67559689874337,28.403481775885083,404.37455349684717,97.07132020889625,PARTIAL_SHADING
26.863851383434728,5.138991370772104,23.267388905686335,487.40359970193055,125.5778836703041,PARTIAL_SHADING
25.371064445620735,3.5532167321553683,27.35228518101596,556.4124782353633,81.8620080039246,PARTIAL_SHADING
27.708420644959116,4.850461675124075,22.05881988178321,488.1202617358378,115.93374061164921,PARTIAL_SHADING
24.649285067089405,4.852391492713078,28.58600106982498,640.6831459652848,109.18231700669605,PARTIAL_SHADING
24.920506616804786,3.711300690897861,28.128509715367578,544.6891190899998,84.33273259234707,PARTIAL_SHADING
27.907310443773547,4.906554455464903,28.344582528560966,414.05347636496964,126.62513340986074,PARTIAL_SHADING
28.254263786610476,4.072270084916629,26.40447273993253,478.540515959243,108.82246285254324,PARTIAL_SHADING
24.16711786217752,4.65958568766591,21.66503547049515,578.0550512942897,97.69812163699585,PARTIAL_SHADING
25.176916309491787,4.488741622091516,29.14834949996878,452.9285930369927,97.69086635299634,PARTIAL_SHADING
27.794884159270154,4.501239064667862,29.117851123817715,436.65363928996055,114.42600110573018,PARTIAL_SHADING
25.164395730759075,3.8135208573032786,26.834294151572706,548.4211549771833,88.81390356119408,PARTIAL_SHADING
25.547312882230912,4.39594331276438,24.054716763304185,646.0223659916286,98.74094678270457,PARTIAL_SHADING
25.474086191733836,4.209096417657214,25.645940812903216,463.08068606593633,100.95345498854641,PARTIAL_SHADING
25.328427824331317,5.291631463120389,21.034750636465848,564.140675599913,126.08060925082208,PARTIAL_SHADING
24.84374719199115,5.43665392019851,24.528833604155118,636.4287771102561,123.94842273675918,PARTIAL_SHADING
25.50793434936776,3.876605049834213,23.037350462250995,423.25435231566877,85.47418573345595,PARTIAL_SHADING
24.523302201732406,4.345887087483115,27.955783762575862,435.34588855408504,91.97807358739638,PARTIAL_SHADING
27.217144747586655,3.8943659639361323,20.976100381089918,441.71214455139443,99.88544823552213,PARTIAL_SHADING
28.107356263880952,4.208129124710188,26.558207673273927,534.3189184170095,108.54646094807578,PARTIAL_SHADING
27.413355762313795,4.757468030119986,22.661013685373085,409.75160519070454,116.7968574040265,PARTIAL_SHADING
28.45486942345352,4.638994517037152,28.32391041701908,647.906085740307,114.36145209626693,PARTIAL_SHADING
27.45888819570991,4.84858714740005,29.799554473582784,646.4001834882001,122.30851067944218,PARTIAL_SHADING
25.21807395991097,5.097111676261198,21.07029134211038,595.1748260429072,120.95803918587842,PARTIAL_SHADING
25.914166973842175,4.761270589966161,24.301427320968262,509.4412637470321,108.70619829954344,PARTIAL_SHADING
27.810648102251623,5.37235312833301,29.407508592344612,443.69532121873345,140.06675334211653,PARTIAL_SHADING
27.687157207135613,4.005674801380579,20.672846129215145,466.9993167210945,104.38679943283294,PARTIAL_SHADING
27.165893374478863,4.942109321795744,22.57152351109096,579.8470388937051,114.49584303503585,PARTIAL_SHADING
25.87660672886507,4.753506697084663,21.4609656554132,605.7508936117337,107.4449235153324,PARTIAL_SHADING
27.261405564092232,4.310394285150659,25.96043595477647,426.862638157227,100.08003366230656,PARTIAL_SHADING
28.547822136901505,4.039260017534366,28.19677002780459,649.83757511805,100.4533228041217,PARTIAL_SHADING
25.325853705916778,4.825719575269331,29.654486346006212,628.9535870476859,110.02906449319767,PARTIAL_SHADING
27.975551412633624,3.771491706199802,29.77438184204012,641.0883085089966,91.41062314236974,PARTIAL_SHADING
25.49711562401553,3.7003099950135336,22.717175988981797,603.9889473538017,83.76445004723358,PARTIAL_SHADING
24.44198483573379,4.1844510495578096,29.8138333424128,557.4208988148007,91.19118546092969,PARTIAL_SHADING
24.83269256748635,5.472353594567389,28.208490092631287,470.3693256127299,116.46146971899068,PARTIAL_SHADING
24.28312778688779,3.7407562990110677,25.807685836144216,632.1908553013731,81.72395509689777,PARTIAL_SHADING
28.214727412280986,4.391773239719615,27.08583545767825,582.9681843216252,107.48141307884237,PARTIAL_SHADING
25.80608029487906,4.774604313076048,20.70696608184366,490.38504694073913,111.32121757694402,PARTIAL_SHADING
28.981122465223194,4.4490671252448815,28.160567571143236,508.01682126665446,119.8666944209375,PARTIAL_SHADING
26.97707400810054,5.273190883004797,24.1094255235011,551.0761049553697,129.87931876955105,PARTIAL_SHADING
26.086914709002365,3.788624087374963,20.935594069123354,404.16788764990827,92.64193246089286,PARTIAL_SHADING
25.182374561193473,3.9230134985635363,27.360354004260657,480.0040282718479,88.97143179358922,PARTIAL_SHADING
24.81255532648728,5.419491442923938,28.515814000172373,615.9474057412508,119.77066139594076,PARTIAL_SHADING
27.811806068535866,3.7877523107795605,20.0861900259178,404.99323314450703,95.7221087905082,PARTIAL_SHADING
26.276974526239705,4.53603069781704,20.074631404172194,505.6716549143564,109.87307017752461,PARTIAL_SHADING
26.213468509837178,4.964438412624444,22.330189643968346,603.2855011204314,118.2724362726163,PARTIAL_SHADING
25.053815497149532,3.9734409517076656,26.28030464569537,607.4848983031109,88.75494662451334,PARTIAL_SHADING
25.29150214563796,5.234023213821201,26.69268291750835,512.0213718207691,118.97850565914071,PARTIAL_SHADING
25.02128233968198,4.753605260129688,23.587425105428885,648.9112941685873,106.81146956627177,PARTIAL_SHADING
26.429428030948067,4.631703574821344,29.167560031187467,600.2045249649376,109.5737158354651,PARTIAL_SHADING
27.59349632986398,4.672470997561524,24.92367048701249,448.0789431960876,115.57186111551388,PARTIAL_SHADING
25.229092935112874,5.32968429970331,23.35406813496347,638.066003633343,121.46126214027005,PARTIAL_SHADING
27.157721893380803,4.5858808889786555,21.293806169667008,493.95530475198524,107.09555242926804,PARTIAL_SHADING
27.11477022091691,4.393748390400878,27.779849715709368,455.11762024984245,103.22572191569671,PARTIAL_SHADING
26.03166115481884,5.3531707664367625,27.10421815012412,504.73090619822966,125.657425760917,PARTIAL_SHADING
24.421065055885492,5.469151792752227,26.66407304694919,471.3510171158556,121.35233902408528,PARTIAL_SHADING
24.54741183034497,5.431673337615167,21.74784987883366,562.0075795138035,116.60622480098674,PARTIAL_SHADING
27.58780691324268,5.053642734480562,26.734197289114327,553.6248650637981,130.94878969056117,PARTIAL_SHADING
24.39313355494879,4.16182953156039,22.482874796308458,647.0034905163554,90.24514157639253,PARTIAL_SHADING
27.663063496201993,4.869450327762009,22.120812374773777,459.74942005288784,118.28733972203449,PARTIAL_SHADING
26.055636391296897,3.968650131301054,20.196514827468476,619.8482642017989,97.87980558380526,PARTIAL_SHADING
25.70785193515784,4.177013758850945,20.07091812774371,570.0626720825935,100.13848647549244,PARTIAL_SHADING
24.733041501800017,3.8193326987343017,27.900832499714376,554.0726870885362,80.71792651415261,PARTIAL_SHADING
27.11273495231141,4.117835445687533,23.68725155470846,592.4328545742201,103.95266315767762,PARTIAL_SHADING
26.001783134199155,5.394305872012709,24.064627179520723,592.9590088075274,126.0092742784317,PARTIAL_SHADING
28.48766163261042,5.315522487300357,20.874168078710838,634.1233328275564,141.21359554679532,PARTIAL_SHADING
27.956553571563333,3.901822679371045,28.05119208754665,612.5331836712592,95.87338319582726,PARTIAL_SHADING
28.76130039181162,3.5997202927983283,21.499092532471398,534.3952845128786,93.96407243839063,PARTIAL_SHADING
27.225750416504518,3.5339382586309327,29.603667746221305,411.147023183536,83.15846086752224,PARTIAL_SHADING
24.070072587630285,4.633716866588189,29.322668839209722,566.4867915201161,103.97923582163995,PARTIAL_SHADING
24.066406017292902,4.584030596959452,24.59562977505522,524.7419860551983,94.56963441485884,PARTIAL_SHADING
27.42217680534654,4.506440829717269,27.65148849861264,521.3226585154289,106.88595935600256,PARTIAL_SHADING
27.24128477038911,3.8447727242103324,28.723945633548148,553.2790597673104,90.67256557892588,PARTIAL_SHADING
28.811690287406034,4.536730926670641,20.72898451871655,556.7082261037668,114.41383877657275,PARTIAL_SHADING
28.01846725938651,5.135644147132381,29.789473558546618,525.467382756126,128.85545123478946,PARTIAL_SHADING
27.767378027232404,3.7649413126838533,25.469155137931242,536.5619000327127,89.79654120738398,PARTIAL_SHADING
26.08992042753457,5.206569597134404,28.561536219946603,424.80941622992026,116.69548179279995,PARTIAL_SHADING
25.313477385009676,5.2495321251079865,21.28902585073499,579.9992006568616,114.29565415798488,PARTIAL_SHADING
27.115689268739125,4.21213459823829,27.889139629658672,458.4226122063409,104.38333239220762,PARTIAL_SHADING
25.178412672879425,4.927320566224307,28.736780345607485,431.70044978169,116.2039630151259,PARTIAL_SHADING
26.96787627207149,3.754220981734048,24.27541855359712,440.21507337127446,93.14741972276208,PARTIAL_SHADING
27.79434067208975,3.7115930405455977,25.061398526946444,603.6562640064793,97.34466709136746,PARTIAL_SHADING
26.56758933370885,5.400558447222814,25.3568897045603,498.54762364997697,134.12784928460562,PARTIAL_SHADING
26.464913552290447,4.443805021129046,24.903124894098283,611.6962504674364,109.74821985833812,PARTIAL_SHADING
26.017599962201057,4.1665997197410505,24.919280240391295,543.1931274342772,94.72787874160743,PARTIAL_SHADING
27.969775423577953,4.472965531464846,23.340455484199595,426.70524824099766,109.32980542811875,PARTIAL_SHADING
28.74640585877992,4.110199373639054,21.688592893670354,515.1681979137483,104.05878837221896,PARTIAL_SHADING
24.17579625135597,4.146290434558835,25.441086239394686,537.9280930049918,88.77803392159538,PARTIAL_SHADING
26.236513781263003,5.431035836469533,23.773484772303117,464.55670331499573,124.58692671467729,PARTIAL_SHADING
26.28882306352067,5.019040297433888,22.05988184188473,577.324031785192,112.43202360874508,PARTIAL_SHADING
26.09466488991973,5.0517301304055735,23.387329557744316,540.9342753613498,114.75182607739139,PARTIAL_SHADING
27.70997695563086,3.6045582065375195,28.525426448755006,449.54909660541705,93.63357319276032,PARTIAL_SHADING
25.762646206502588,4.945367148948973,23.192252977861884,626.4779178086619,109.9083123089382,PARTIAL_SHADING
24.892598946362995,4.486060250317605,20.81938439038146,448.9950461754405,105.45825461206137,PARTIAL_SHADING
28.882448305739437,4.252518658660843,29.232860210139357,536.2061689183579,107.71273972235453,PARTIAL_SHADING
27.511993605402992,4.817803613149715,29.891253191087333,466.26182185232085,121.57324764335029,PARTIAL_SHADING
24.260118775147234,3.7272920773934386,20.039183749510933,649.8651702649183,84.11538991552428,PARTIAL_SHADING
27.933615073667703,4.51945215057636,23.0006708290544,437.816071115669,110.90180710919877,PARTIAL_SHADING
25.879856109645697,5.012620193960588,25.396617889031525,419.3709066388707,110.50088887133667,PARTIAL_SHADING
24.511660897670314,4.320997427394759,29.331929170490184,559.3506203023054,98.52012500874295,PARTIAL_SHADING
26.331872972522742,4.223332166390086,21.084003727166227,618.9832555465513,103.23639453366008,PARTIAL_SHADING
24.840590487988624,4.5245211277525215,24.873748079212447,556.2728881716322,106.16737260604523,PARTIAL_SHADING
26.898857208812398,4.580434533557237,20.503229329346638,415.726869004506,107.03545716257393,PARTIAL_SHADING
24.16235385845874,4.986705791140025,27.23330303993963,434.0140586079107,112.49092807931217,PARTIAL_SHADING
24.77393017423056,4.102351173994718,22.48976899161365,493.07677464326196,88.97483983060577,PARTIAL_SHADING
26.44475463219226,4.314815762709371,29.865694907793266,413.98158753205644,98.61095735694533,PARTIAL_SHADING
24.26412946954301,4.751682389964752,20.545092774137196,609.1099343440308,103.9035400012442,PARTIAL_SHADING
26.63503812290767,4.623189015424389,21.708137063062107,449.4225757786219,108.59387207948421,PARTIAL_SHADING
26.967482079109256,3.9202355518804293,21.163317271332613,642.529221604608,90.09343898112023,PARTIAL_SHADING
28.01348702668011,5.076070299150044,22.972141138450958,433.9066540018284,122.93948153575343,PARTIAL_SHADING
27.487158086185964,4.785613182172347,27.827456742513867,634.3702930997762,120.913283781928,PARTIAL_SHADING
24.77925768275722,3.9868852335308214,28.421937308731145,452.32651895855213,84.68971095404784,PARTIAL_SHADING
27.516400270211253,4.305052710980284,29.200400525459038,562.5637677734154,101.76171971717106,PARTIAL_SHADING
28.739282836268302,4.017114527280492,23.372124904062858,500.5651034208855,98.72302132874832,PARTIAL_SHADING
26.482577111153024,3.7466369821505845,24.00970326688352,487.6774469980211,92.00567826278196,PARTIAL_SHADING
28.015852558163655,3.806825764778176,23.665511873792262,493.3382902579579,92.26856357147764,PARTIAL_SHADING
27.992267525255954,4.914456656670847,21.903817862970346,491.68047714844977,118.38729336924376,PARTIAL_SHADING
27.14103298546522,3.7427438490972396,29.859341686249177,595.1705186719656,90.3087627939523,PARTIAL_SHADING
26.89281966139677,5.322683632432818,25.54099280395826,443.6246215994888,127.09150986123014,PARTIAL_SHADING
28.215724325148727,4.7884260319792356,26.507243843338003,616.7053714221223,126.92094497450425,PARTIAL_SHADING
28.59896285889718,3.689698386506312,25.44126001963101,585.1273803045797,97.68052422395357,PARTIAL_SHADING
27.033581009850018,3.8335746703673483,27.974205539416644,580.0278333787364,88.98263393135862,PARTIAL_SHADING
26.319049123371883,3.847954799043607,23.37477045712972,404.5202730514214,90.13765585489546,PARTIAL_SHADING
26.749384605781053,4.739165185654174,26.6349034512871,609.0728282756149,110.48570735986891,PARTIAL_SHADING
24.60240911219234,5.203074343795851,21.5661281489265,643.6900203340488,119.59211625492438,PARTIAL_SHADING
26.504383029447997,5.46284284984405,20.97376729108004,475.7664402937754,132.31169273359598,PARTIAL_SHADING
25.750034342365893,5.356745103961583,20.656260881778177,537.3529580152411,125.39610966281978,PARTIAL_SHADING
27.26364061888612,4.011332446663629,23.645664275198644,610.9201324162444,95.09096015714384,PARTIAL_SHADING
28.13433923586681,4.625310845805485,27.62187511194082,578.4018415658679,113.31090317210914,PARTIAL_SHADING
26.844063682169363,5.235446305610185,24.321162368019294,641.6476925558292,125.81501652068268,PARTIAL_SHADING
24.713928183339423,4.278869360155347,29.51702406390537,479.9302123349636,99.06545534189529,PARTIAL_SHADING
28.406253408409448,4.200373048663922,20.83257658050632,581.1394772897046,105.13619902096586,PARTIAL_SHADING
27.91461807128786,4.385309696520866,24.852667423426215,594.4773516871342,108.73278036762436,PARTIAL_SHADING
26.215636726614573,4.252380937539244,23.6734051527728,531.4866442253649,103.77344792636714,PARTIAL_SHADING
25.80884155961283,4.548509441075473,26.707273254426006,467.3598615759138,103.04088460935877,PARTIAL_SHADING
28.667065635117275,4.9470691466621775,25.77186676223309,561.930013605153,120.96078125258198,PARTIAL_SHADING
27.090514827808484,4.519017746448403,25.457496797794356,489.85595670770425,105.05656364215622,PARTIAL_SHADING
24.96669616806026,5.401489426425344,24.08699562270934,516.670788957716,115.33957379330471,PARTIAL_SHADING
24.1878311477199,4.934362894093516,25.38094664121111,527.1764960540667,104.35053465509586,PARTIAL_SHADING
27.72375365814961,3.8364731582169838,21.8993474366102,515.1780428370689,93.45213498614518,PARTIAL_SHADING
25.237314906165732,4.790475289106663,26.509717452185445,606.1292674499823,107.81396707681131,PARTIAL_SHADING
24.36542545513075,4.047332769842916,29.80005463196817,549.0646438081756,90.82180835111627,PARTIAL_SHADING
24.036789148127074,4.536411464365042,20.375286575318032,542.307553022862,102.72480684178764,PARTIAL_SHADING
28.84209565250204,4.5811053507778485,24.58204805252216,636.2542735621234,121.20969462066668,PARTIAL_SHADING
24.324496397692048,4.431451155334996,22.40245018464304,517.4510803621704,96.53348675039385,PARTIAL_SHADING
26.91072401407371,4.213540980698502,21.64270449455928,525.929858647489,105.79464657138158,PARTIAL_SHADING
27.320061140338012,4.176735731850432,29.35523022758857,628.0518928122956,99.3812210854674,PARTIAL_SHADING
24.197087925601814,4.982617416701524,28.27610261349153,641.9661414878389,113.20840448401516,PARTIAL_SHADING
27.002673841032074,4.560104678424762,20.278410512625864,461.66411171119444,110.32423354869096,PARTIAL_SHADING
27.14251950041784,4.614503666636821,27.426359896816905,469.9417327217602,113.53785675758682,PARTIAL_SHADING
24.44071121695396,4.327331047166414,27.50160832954601,573.350213357261,100.37593077656075,PARTIAL_SHADING
25.38945562993878,4.496378598347958,23.29530413773997,510.15077851479367,106.81950870149619,PARTIAL_SHADING
27.421045375942434,5.264882382695164,22.035111083318863,618.3402794603595,123.57607136604165,PARTIAL_SHADING
28.442996402185763,4.158147558921456,23.145876334140667,528.022144174666,111.65520906125747,PARTIAL_SHADING
24.238906823407028,4.204461950141491,28.565719886833357,499.01361935886666,88.65446627503994,PARTIAL_SHADING
26.123970906657057,4.271105002983338,29.154162014667037,590.4835939357743,100.4774790153668,PARTIAL_SHADING
28.941852833607854,4.430555062551846,20.582378308202752,465.5685804537462,114.58586686491557,PARTIAL_SHADING
24.7845131207306,5.3951302526480855,27.66848897817773,467.07180010694316,121.55830784450393,PARTIAL_SHADING
27.60724578554786,5.382557857813596,28.816353491754107,528.7980565345534,137.81910991333567,PARTIAL_SHADING
26.810723769137926,4.60540778009108,21.147419583381918,431.534414504038,111.49154854354153,PARTIAL_SHADING
25.34430772489503,3.5420738049209373,27.228392039002124,408.12164917254125,81.64958126888347,PARTIAL_SHADING
26.69596897063657,5.437629381155609,24.842131393476414,415.90035909444936,131.39682364681943,PARTIAL_SHADING
28.20548085308051,5.49369856856288,24.303431736890726,480.07468562418563,145.7583596404792,PARTIAL_SHADING
24.956210645380608,4.730857830065853,24.05714424180948,410.2705912388888,104.45487838420631,PARTIAL_SHADING
25.326142612513372,4.872182307886973,29.487904976919182,467.01179684465944,114.8975154187939,PARTIAL_SHADING
24.276799084692048,4.5762420200796265,20.705500637098947,633.5082477826599,102.94592699533192,PARTIAL_SHADING
27.28974955602296,5.1477927632493286,26.47519795570163,642.2360992935728,129.43950126203444,PARTIAL_SHADING
28.623293047911233,4.534263784021276,21.170644129818626,532.0444303557542,111.96435300675948,PARTIAL_SHADING
26.962467395882026,4.464986121055325,26.225753978327816,402.5117452637079,104.67461336431148,PARTIAL_SHADING
26.456652159560655,5.401007123178269,23.836090403551584,506.0930065134087,131.6711576156604,PARTIAL_SHADING
27.01896378643059,4.097852300196666,24.10816395567428,454.4249497143081,104.80752729312839,PARTIAL_SHADING
24.6531719077868,4.243673569132839,20.25838972220011,455.44487298338663,97.09230206129062,PARTIAL_SHADING
25.005876161444398,3.6601268050579314,24.744531798445234,402.49230868362963,78.57179547480911,PARTIAL_SHADING
28.038129347814873,5.042946689719213,29.15138820404896,613.6288589776874,129.84531948112706,PARTIAL_SHADING
24.261664286503315,5.065697235973315,28.455108108405604,599.7705364429886,110.71623039271347,PARTIAL_SHADING
25.164509193247408,5.190659951377453,27.271628097401383,645.1902935972129,113.06101165194387,PARTIAL_SHADING
25.128322915260277,3.9235962997630054,27.925397676213368,446.7268241125295,84.46160748010114,PARTIAL_SHADING
28.99280403292814,3.549634422890298,28.352440601588654,491.34171038766317,96.13816608660392,PARTIAL_SHADING
26.773102456055724,5.30326245897272,29.261929864146268,402.274545320194,121.7578089815003,PARTIAL_SHADING
25.251793647854278,4.838630832727003,28.88272196511506,514.9854878234906,111.27273806553778,PARTIAL_SHADING
24.942499263977805,5.109933667763371,29.6732811135347,467.1497332286494,114.64311948860907,PARTIAL_SHADING
24.430580552531868,4.618273312925937,25.027834418466806,436.1091210387694,100.89073826046494,PARTIAL_SHADING
25.670523260432816,4.5436617506103785,25.856543354287993,402.1238946518024,108.01868333349267,PARTIAL_SHADING
27.565071459308705,4.232572772413045,20.529359355688182,588.7331349462626,110.31463573050654,PARTIAL_SHADING
25.200757980110073,4.147049227474076,21.838128894818148,544.23403083621,90.45069491160271,PARTIAL_SHADING
25.780969717306895,4.8940260278685255,25.601159830093483,496.6156410819838,112.54923053792695,PARTIAL_SHADING
26.810554413116147,3.5117294557743226,20.7850986845361,620.3145169407529,80.7619433011747,PARTIAL_SHADING
27.534017981052525,5.340076328218105,22.70683604301731,492.62285926487857,133.34375920554254,PARTIAL_SHADING
28.408544848192925,5.38381117452084,27.39563248111268,421.6549402136735,140.23876631235566,PARTIAL_SHADING
26.05151860936331,4.441401998982123,20.49148390345177,447.76553483658955,107.49613559302036,PARTIAL_SHADING
26.269794165239297,4.1033244832622975,23.840190739649582,613.5998783314201,99.69818791015919,PARTIAL_SHADING
25.361576985905415,3.7350036804247466,22.519982216440717,630.1891127636834,86.02588007165093,PARTIAL_SHADING
26.667401043723913,4.692787199384923,23.660282657465153,601.7767550798782,112.92140889175008,PARTIAL_SHADING
24.583739513843977,3.7581302496581257,25.368591465026185,634.1425545177098,81.37939203204408,PARTIAL_SHADING
28.34770584429609,5.028191173157759,22.47812442906907,409.08518707906063,122.60873899235285,PARTIAL_SHADING
27.6424696692372,3.8993394760812934,23.712709205053937,525.4247915016063,99.4388980395653,PARTIAL_SHADING
24.566156116295627,4.312732810554923,24.850729091426956,535.2067659928849,98.72548476468428,PARTIAL_SHADING
24.858390975216086,5.115662903653245,26.92878427696652,538.9677035497398,116.98777273444242,PARTIAL_SHADING
26.06008869475828,3.776795171936249,26.657652402653675,531.1680766714055,89.95303264740765,PARTIAL_SHADING
25.68999390514245,5.313733154679672,25.87369868575577,421.35062107271847,122.1735705413285,PARTIAL_SHADING
27.781780273718173,5.088269123464545,24.945970527637588,623.6868927078253,123.94079102023076,PARTIAL_SHADING
26.052993486191333,5.29719382113794,28.96256716471579,571.4281922061703,129.16119048528597,PARTIAL_SHADING
24.443866334781163,5.229989952415552,23.20619906550227,444.58287810705406,111.72513115136013,PARTIAL_SHADING
26.089842540069434,4.002384009208934,23.20567586016499,433.7446215179105,91.85105754119473,PARTIAL_SHADING
26.861419072710007,4.383707416182128,23.467187612359112,586.6130322142785,110.61102410277405,PARTIAL_SHADING
27.783946114511984,4.164001404235359,27.444421678375537,437.9950456185128,99.8462119991392,PARTIAL_SHADING
25.728135185180793,5.115404738088114,22.463482472423017,415.81335222466987,113.60177781721879,PARTIAL_SHADING
28.2937248426479,4.7675665694945755,22.532011633699767,538.8239563320453,121.77502265809031,PARTIAL_SHADING
27.277179892203307,3.9663751088432324,28.644029871943978,477.3421405200032,99.4727146428233,PARTIAL_SHADING
24.080623231861075,4.2453142597882945,23.517098179588082,535.8711071457536,87.6389226575558,PARTIAL_SHADING
27.950656868630542,3.9355616035351373,26.7703781488201,600.8030308110233,99.68203476718573,PARTIAL_SHADING
27.704416033609927,4.8237206244300115,23.555297971520076,602.2146347583913,117.53094942255117,PARTIAL_SHADING
26.856064588757587,4.990795478283079,23.789559098125075,475.69190190435626,120.08491500971634,PARTIAL_SHADING
28.089817471745768,5.359843526291329,25.450834128598903,565.3665513309129,141.5728914337652,PARTIAL_SHADING
24.49273425706471,3.9641571557323303,27.089000062515822,605.936115478075,90.85024664198164,PARTIAL_SHADING
26.075535884274665,3.6786798045837337,24.3778147729962,457.68364755176344,84.32827485452717,PARTIAL_SHADING
27.86133778418753,3.651054172051774,28.275812174807022,506.9172714560423,92.5281217624037,PARTIAL_SHADING
24.448261156178393,4.174718156714559,20.89700919014846,640.3859307202774,94.9941934995814,PARTIAL_SHADING
26.2981637717823,3.947205096647342,29.334551052498522,486.14914893174296,89.90469591764965,PARTIAL_SHADING
26.815821942269775,5.3875482406896325,20.038302905003224,459.5312108134997,136.35870122819586,PARTIAL_SHADING
24.85542983428581,3.72648690327964,25.701872157998046,615.4609558237075,83.14907364912516,PARTIAL_SHADING
28.972821283422626,4.858343399075986,20.740749072104478,648.2080329204939,125.38744359092736,PARTIAL_SHADING
25.437012669227414,4.615758367155771,23.043075918208643,421.61437678003807,99.81620878770947,PARTIAL_SHADING
26.24791676460131,5.173726844453185,25.723151856300767,649.8018247358602,119.32498342458868,PARTIAL_SHADING
25.402275323800275,3.8194989204678884,21.640635882653353,471.29664900251197,90.1628170359426,PARTIAL_SHADING
28.52878395318224,5.450174339415362,22.32289654096453,620.3243864035229,137.26775416018157,PARTIAL_SHADING
24.564202722584422,5.2400498510403315,26.361056346436186,441.1827240202654,114.94268659435646,PARTIAL_SHADING
25.43628847438534,4.973589137420394,24.53416230624268,647.3199862765962,108.22577768845045,PARTIAL_SHADING
25.775076330681234,4.463800334219955,25.0313355474832,478.9839555964092,106.18683387692002,PARTIAL_SHADING
28.373735367444873,5.377438603955726,28.05093376799526,612.6450493266499,138.09142810139147,PARTIAL_SHADING
28.129441132134072,4.107007818295904,23.984787621092146,479.22825345463605,103.59828413677238,PARTIAL_SHADING
25.42789808119318,5.423222884508894,23.128446280056682,424.51113452773495,124.48085472834974,PARTIAL_SHADING
24.285495392225883,3.721086332617161,22.193893891962464,516.0875624705354,80.72838167471987,PARTIAL_SHADING
27.998459310013956,4.978949307768227,24.26318293990701,483.42605189390747,122.90414008972533,PARTIAL_SHADING
27.869975436470046,3.6041448124425397,20.12821649510606,598.886097981662,90.17312587918009,PARTIAL_SHADING
24.65440569276788,3.9711318691890023,29.325039530973825,614.8757439062244,90.16922588058534,PARTIAL_SHADING
26.411126151686634,4.5406472523827714,29.752445352839587,641.4426109710718,104.51665033711048,PARTIAL_SHADING
28.05552283152659,3.8944853323340336,22.135374778839513,569.0232585411442,97.29766463537209,PARTIAL_SHADING
28.6577220355326,3.6780194697920177,25.11525640809493,629.6303826107803,99.12279951707391,PARTIAL_SHADING
24.782646067078705,4.2332754001929125,26.191214000466964,439.8487211928506,99.33069260989477,PARTIAL_SHADING
28.5737466436383,3.8339003580689384,21.211554612609856,421.3521207020663,103.07941793745745,PARTIAL_SHADING
24.968119048977304,4.33256985708871,24.48851365652003,549.7527610533919,92.72570709803263,PARTIAL_SHADING
25.13379308700258,5.362980773837852,29.084101072685694,595.322661851423,114.83475509952716,PARTIAL_SHADING
25.63503384248051,4.755917470685816,22.75190211773476,627.3966737634444,111.35864973256754,PARTIAL_SHADING
24.359533586582227,5.318011177671406,29.577666581762223,419.4281045979314,117.00905301302593,PARTIAL_SHADING
25.51682141107085,4.285678152962805,21.796512179553417,544.5180255031031,103.42951515229035,PARTIAL_SHADING
26.515363001358047,3.6658291627889623,26.200013334774084,485.0557486128142,90.94033285189505,PARTIAL_SHADING
26.173390741582352,3.8856792178844914,21.911056226911448,592.1910451802901,89.14725346564599,PARTIAL_SHADING
27.836166970796114,3.9117746215331985,23.216863687013095,516.3717431099249,102.82583729965283,PARTIAL_SHADING
28.658657123769125,3.9137437508445756,23.582190412430727,437.3498471134431,101.05837148904044,PARTIAL_SHADING
26.302912753473333,5.301520324901465,29.300053777910726,495.89184775182304,125.38567330398044,PARTIAL_SHADING
28.481181245730667,5.113415615490123,20.036563113446494,480.01489104589564,129.93325567174216,PARTIAL_SHADING
25.148581418416157,3.8991432317918777,20.377845065956798,560.8424312674401,85.92335420605833,PARTIAL_SHADING
24.261735892156565,3.9619586210561275,28.019139528361265,612.8722954116366,86.34882029774363,PARTIAL_SHADING
26.08035335204343,5.455707387003564,22.005646595880698,453.8398207136521,125.09664394951422,PARTIAL_SHADING
24.863786591405436,4.258731196408373,29.108342269897538,553.8369601571436,94.36698325302136,PARTIAL_SHADING
28.672053972856073,3.5969284649516444,22.102761779018614,541.4721512754397,94.00990391302663,PARTIAL_SHADING
24.197787532813066,4.306077515814264,26.491539648308727,574.5176366008504,95.21717786849383,PARTIAL_SHADING
25.602816121804622,3.687040247195819,24.271124464193342,432.1886093420139,89.18425740702097,PARTIAL_SHADING
26.375854330113143,4.134518348713735,27.663040711189,524.4871481455659,96.07470173844365,PARTIAL_SHADING
28.059838711954008,5.2343043020022435,26.730081662886768,411.74110560191684,133.16046994429877,PARTIAL_SHADING
27.816474559986407,3.7730060241671644,22.286707513846032,620.6237762670341,89.42014811706326,PARTIAL_SHADING
27.76363568912988,4.447546585028846,24.467721588396067,401.7741331237218,115.07598815874398,PARTIAL_SHADING
25.79912450318283,4.581531262601086,26.773006863356592,575.6573941094789,111.76920720242674,PARTIAL_SHADING
26.656699766183046,4.299439101948855,29.537036264917077,560.5275587563802,100.83459587184541,PARTIAL_SHADING
24.632321227017854,5.185109002930362,23.621816027941517,565.1174303411078,114.57640710175481,PARTIAL_SHADING
24.994648898975193,4.70337321724093,20.606830689506822,503.33561496779805,106.3512473105158,PARTIAL_SHADING
26.180234870592894,4.997344350501981,28.279249545453126,592.8107685082945,111.71469769736561,PARTIAL_SHADING
24.970643852229863,4.573215018527549,29.348220404438013,608.7391937630292,106.68812244002926,PARTIAL_SHADING
25.516040968798375,4.358895794157405,24.707059473159376,439.3428958374776,94.88404433702507,PARTIAL_SHADING
28.734514497302584,3.9814251713270137,22.399489037236314,420.8447634421899,107.86620114270177,PARTIAL_SHADING
26.89868557469886,4.8340737142507075,29.115768872630525,486.40504222519735,118.60716834393487,PARTIAL_SHADING
24.193997273644438,3.873545056462259,28.312458050899423,591.6920890845839,82.94515968568831,PARTIAL_SHADING
25.884053138871064,4.567108867107159,20.002410046851345,460.31108400950694,102.94461365131144,PARTIAL_SHADING
25.252414733748818,5.111811685066883,22.79673856546443,447.88033051253706,116.23206497556106,PARTIAL_SHADING
28.328225181863658,3.9826994076749997,20.785362427927986,489.10118396241614,104.33460245429617,PARTIAL_SHADING
26.753452723473973,5.133586739148695,29.59592147609234,598.1656191879042,125.03269674602635,PARTIAL_SHADING
26.4667079402619,3.5801381726965333,29.843219788140413,495.8702806437606,81.98373108638535,PARTIAL_SHADING
27.333544276982284,4.0685765781909184,25.857782709310477,546.6919769611478,99.48422507800638,PARTIAL_SHADING
28.180593077725213,4.029934123110886,24.486325916177343,534.4230321477429,104.06755970635649,PARTIAL_SHADING
27.91985925252795,4.289614565756512,26.46046944096596,437.6527382671298,112.97052022419433,PARTIAL_SHADING
25.915294032105017,4.959042843952877,20.203410818821776,451.29678572620173,115.49753932633146,PARTIAL_SHADING
28.391262338661733,4.554510299901354,29.298704822938788,520.9492241456991,116.25396597042409,PARTIAL_SHADING
24.59873394250266,5.10531248830444,22.469654124670626,624.9031223430787,118.18510530816829,PARTIAL_SHADING
28.71655055937075,4.54046097820618,26.770937847836443,594.6289700154159,112.53667280615898,PARTIAL_SHADING
27.004785974987485,3.568595802606623,24.97566083388726,438.7106704050569,83.67660397807701,PARTIAL_SHADING
25.825237833463007,4.364874333433006,26.23172424532187,418.6071046096289,101.49314097569425,PARTIAL_SHADING
24.913125651265506,4.647950350063484,26.374046122611837,539.1773141382134,106.97481615749587,PARTIAL_SHADING
25.678046221204507,5.0302131832662615,24.327670817081938,521.0461245806492,118.16241858764934,PARTIAL_SHADING
24.09179191999612,4.807988442840497,26.185851490721156,477.46177918831995,99.4518799811822,PARTIAL_SHADING
24.454677249565204,5.346447493970457,26.892793212258372,431.7756534426851,115.79780090138418,PARTIAL_SHADING
26.962414969507982,5.171143410181298,20.436609287130086,459.15828286750224,130.91799736730204,PARTIAL_SHADING
24.04582775091908,3.902798205587775,29.590241759729658,553.3504616305428,82.22479284637357,PARTIAL_SHADING
24.33495547197924,3.556382680894444,22.447450796369274,620.3714548972276,77.16225240985266,PARTIAL_SHADING
27.601666845829964,5.336570070759915,24.080404616028165,447.81934275934924,132.82055036355462,PARTIAL_SHADING
28.540418435299273,5.108748828275401,20.658298433631536,573.1432000193954,132.273554104084,PARTIAL_SHADING
28.537315881732127,3.7449628337005945,25.340361132046567,619.865673377973,95.22248214117185,PARTIAL_SHADING
26.409974588664333,3.6409213553339166,22.781436404489106,481.1266622922368,90.82112435339788,PARTIAL_SHADING
25.413336802705796,4.421737470539304,26.713044235642798,440.54584310196935,100.98164484086973,PARTIAL_SHADING
27.69269519737954,5.233710426054132,26.262592746624268,567.263378829237,125.02551186799046,PARTIAL_SHADING
28.728882486231736,3.7651481549689647,27.746729371817985,466.2040804445797,102.04176094682144,PARTIAL_SHADING
27.599797696847396,5.007627425956738,22.190591730598832,510.7599941587902,126.01684382550911,PARTIAL_SHADING
27.849868091033006,3.707918751824779,29.62365316454528,622.555167638639,90.56704693195597,PARTIAL_SHADING
28.113801215161658,4.536647846079647,24.618064815620187,478.6085264528514,115.82086706879353,PARTIAL_SHADING
27.649445588517988,4.321865809925517,26.29219193008292,574.8282302888259,110.07032066027186,PARTIAL_SHADING
24.2598304906559,5.219495611370133,24.58253314765048,465.6040204240536,110.69178776587428,PARTIAL_SHADING
26.415070564219754,5.273663078937918,23.78347581682647,587.4314366958858,119.7572804235064,PARTIAL_SHADING
26.38028351075531,5.4833722807854715,27.70437802792337,452.63212211015326,130.20847516320597,PARTIAL_SHADING
25.168123818242833,4.319121854525019,27.800840237349647,592.8062038226009,94.87811134209667,PARTIAL_SHADING
28.6111165907743,4.685136365529654,23.799242909620144,525.4838951952152,122.05073296827265,PARTIAL_SHADING
26.799452659228926,4.472810071072356,25.049328040894,444.10297760697154,111.63066930526787,PARTIAL_SHADING
26.708801599705076,3.762159723409406,27.66157101582778,633.1109945943377,94.92916384428811,PARTIAL_SHADING
25.845088662055865,3.771033747121508,25.183996266330652,428.15230733730516,91.94619001211021,PARTIAL_SHADING
24.91789813677573,4.005531719902328,24.066365268849705,495.7911171397815,92.76950181604165,PARTIAL_SHADING
26.281584102754813,3.841536520006674,22.67209895486074,527.2783462968805,87.30613466759822,PARTIAL_SHADING
27.05827837823007,4.631494613102292,27.147023163822578,634.4261538448419,117.9546288069442,PARTIAL_SHADING
28.730378090344157,3.989431194047402,21.315653066393548,475.5691751241121,107.6844618749626,PARTIAL_SHADING
28.86026737311744,5.218649902140952,21.100177211275437,636.8569995149483,134.39615109800627,PARTIAL_SHADING
24.04655145381177,4.384787481496387,20.460691696754676,535.9694802902794,93.19284553176547,PARTIAL_SHADING
26.367174667970243,4.726340721486234,28.688010958178204,565.4753941179822,111.33634155072572,PARTIAL_SHADING
28.097139268351825,5.311164275146265,21.197599664321974,532.9832443881978,131.08997390185354,PARTIAL_SHADING
24.235305989384738,4.83709339022797,28.627707774592256,440.7256636193485,109.16797109242926,PARTIAL_SHADING
28.266978667684707,5.328680885332967,22.652850890860524,625.9882662974724,132.86185805111975,PARTIAL_SHADING
26.761690067277513,3.6010149416645643,20.438810883687434,580.0933031830507,86.1972789519279,PARTIAL_SHADING
25.281461876846087,3.8808269920498204,26.69953490859218,400.100386006335,91.30287109098545,PARTIAL_SHADING
24.396248030649645,3.8829792298162387,23.862363952990897,521.2146849290259,83.88347887802416,PARTIAL_SHADING
25.60356082492147,5.427832024146377,26.415796812433943,405.858238841847,124.10428648007147,PARTIAL_SHADING
28.37504349871985,4.102912372821336,20.945563447743883,589.5961928974795,106.01250173778811,PARTIAL_SHADING
26.85156253913252,3.607153119214816,21.404990097955174,555.6373490532785,84.34197681186114,PARTIAL_SHADING
26.52035039874212,4.589763372058787,22.835071902709394,637.1062888853733,113.71846573857232,PARTIAL_SHADING
27.61186753816399,3.655987732818818,21.061300193090194,523.1953364662389,87.42873119748927,PARTIAL_SHADING
28.89132731764737,3.817040468054819,24.87467835463974,491.03026421037634,100.78857360493626,PARTIAL_SHADING
24.645182044447125,4.360632856084782,22.74705032807144,621.937881167922,91.78447091015403,PARTIAL_SHADING
28.568637470032296,5.165988277106001,22.975707164408156,597.3226636692762,125.90812542255053,PARTIAL_SHADING
28.83432775146697,4.553189885179579,23.032810260654454,490.6458031486693,112.4667677741858,PARTIAL_SHADING
28.946747570210196,3.5785838903013847,26.549071231478592,510.6839819266146,97.87977776361534,PARTIAL_SHADING
25.229998701533976,4.564173647876022,24.82356208582753,575.7166110125254,98.66414660061132,PARTIAL_SHADING
24.968945650116773,3.9291296401856997,27.3815075484169,447.284674081685,89.01660194251734,PARTIAL_SHADING
25.07621910250477,5.223249900167957,29.421854544896384,529.6232437355601,115.94697426487159,PARTIAL_SHADING
25.170288875087497,3.5995620030460875,22.685000761974955,563.5589449863295,81.84639006936654,PARTIAL_SHADING
28.720206391404638,4.292554524983402,26.938633423283946,522.3306868687804,111.10979014154697,PARTIAL_SHADING
25.338871573020587,4.409901553684,24.70784997012707,576.6606304372335,105.49153256219796,PARTIAL_SHADING
25.646606387412522,3.584400937162597,24.962951255006395,536.1153330372922,79.68699755617553,PARTIAL_SHADING
27.802323031380332,5.469858216882983,29.45774717008461,449.27650970591304,142.57561622628643,PARTIAL_SHADING
27.522468182058425,4.407693127613824,25.40610994324729,612.4000437456145,108.93855024797074,PARTIAL_SHADING
25.866036845525635,4.486494986051971,25.79129804035049,447.2694134445872,109.09550795359485,PARTIAL_SHADING
27.37093474414807,4.766537834674978,20.994962261806382,551.043484543148,112.47301501756867,PARTIAL_SHADING
24.393488375976997,4.554621791284786,24.02785534046495,547.2025675390557,95.42893273270012,PARTIAL_SHADING
26.15491531423629,3.8495734300903157,29.871000859241164,540.2875531087936,92.50395339402262,PARTIAL_SHADING
25.62709140341304,3.6894778295586885,29.758708627835368,471.5647588457958,84.37512894132973,PARTIAL_SHADING
27.249319608512874,3.5493945953722226,28.10259130517287,534.144547507155,84.90167692611887,PARTIAL_SHADING
24.308039926462346,3.8249968309488827,28.95033858853437,571.5060559839727,81.35498995034408,PARTIAL_SHADING
24.328003824725148,4.881230624773273,25.72407725967765,501.12988111455877,105.25591539048789,PARTIAL_SHADING
25.084071379645543,4.839222513075035,29.706680277938705,443.9288114592065,110.42753607456459,PARTIAL_SHADING
26.12092527872988,4.39337744348933,22.541472801278143,606.2837189153547,103.11397019427234,PARTIAL_SHADING
26.71702926099132,4.109521825594651,21.818084656669498,421.4775970507051,101.16569767328643,PARTIAL_SHADING
24.981171408439277,4.880150708377595,23.90376446046954,503.94370024741283,109.344930266588,PARTIAL_SHADING
25.838542540637714,3.70123995444518,23.09631810002846,565.9335901734846,87.65665466938145,PARTIAL_SHADING
25.43112153619997,4.420205253115376,21.934472280119376,452.5930203824589,95.80823456744108,PARTIAL_SHADING
28.483732749538724,3.9214133301498126,22.275338769364634,469.90035816128295,96.36511933363721,PARTIAL_SHADING
27.196314415906812,3.6502859063551734,21.342024263263504,561.1891816475232,87.75513255679292,PARTIAL_SHADING
27.539739133505947,4.614849489340284,22.56021173061513,562.706987622332,109.50573097855779,PARTIAL_SHADING
26.68205191540015,4.374296210090069,22.678735828174407,551.001249434875,109.37770611047165,PARTIAL_SHADING
28.994523498815383,4.715525537486849,24.0470587432917,456.3017750540504,119.73088487303292,PARTIAL_SHADING
26.39727489074883,4.234555402561418,29.138145226249442,492.0738669139274,99.18800519121578,PARTIAL_SHADING
25.917672562169884,5.173240420735317,26.507883208469018,553.5422125797231,118.44673316779678,PARTIAL_SHADING
28.089520884162198,3.5767277227114023,28.70797172338113,528.1874749484824,89.39944593724468,PARTIAL_SHADING
26.48583640358843,4.834831061067662,20.127654265178975,617.8879641145619,114.56706548745359,PARTIAL_SHADING
25.71483259850039,3.776491131268114,24.39465374358442,524.0806928210948,86.46494887296522,PARTIAL_SHADING
27.393300469134484,4.341793057518452,29.614175778465736,549.819379455898,110.69945848017358,PARTIAL_SHADING
24.546779515547396,4.294582585891812,23.368477014471527,542.370597034148,98.68314737389422,PARTIAL_SHADING
24.391691088810035,3.6451495960894214,28.50317708157599,453.21252150958935,81.52063481331959,PARTIAL_SHADING
26.714390661804025,5.165787189774459,21.250889098364034,432.4457414306528,124.98486959857412,PARTIAL_SHADING
28.731893266791854,4.3299955167415085,23.26942100254695,551.6723307994714,117.3232387909716,PARTIAL_SHADING
28.184639164223118,5.490967221466439,20.22568583202377,428.21453617819054,140.97897010381774,PARTIAL_SHADING
28.10288219666925,4.070488684613533,22.392110880342187,596.7439498453002,97.87856030722406,PARTIAL_SHADING
25.846913237912926,4.511618445184659,25.603486743503233,582.1537891981942,103.2576049704227,PARTIAL_SHADING
27.063421723373036,4.670750845581913,25.47616100653747,560.1208232855531,110.72513107560248,PARTIAL_SHADING
24.423243767923147,3.7385433440794866,22.24582382653901,525.0494838806964,85.28511260920668,PARTIAL_SHADING
27.50646671044192,5.078081208404094,23.509756239260913,501.1634354121376,124.22701236178871,PARTIAL_SHADING
24.959365922022506,3.622433316287144,25.909160928272268,647.3041708551466,78.35996093520438,PARTIAL_SHADING
24.233424099496368,5.059063363647866,22.525860066847244,607.410951338232,112.83881671351693,PARTIAL_SHADING
28.72836768525402,4.3178544715133444,26.619698394506344,516.2136952033177,113.2603061139626,PARTIAL_SHADING
26.247994530038685,3.8772644928481497,25.07897416003381,532.1460503593605,94.75440380194203,PARTIAL_SHADING
27.677603528967907,4.827583247882888,21.133870955525726,580.1540726659288,120.25841899935796,PARTIAL_SHADING
28.470497680530798,5.339741868261085,20.551565906017856,605.1603900886197,129.7944371905393,PARTIAL_SHADING
25.835848128475114,4.584599951242158,21.481007986271273,586.5784531422692,100.77893284755025,PARTIAL_SHADING
24.842995242170183,4.661593659706951,27.143875620372924,629.1607756734791,106.60696877905953,PARTIAL_SHADING
27.35889635127433,4.288682292701329,20.012844255268014,430.0398146839055,106.00569385937895,PARTIAL_SHADING
27.375649429222097,4.334896567792925,27.306790115283903,530.4655738330447,101.75027086766887,PARTIAL_SHADING
24.960081254839743,5.179996446487886,27.249127466244396,623.6904967531237,111.41909686871553,PARTIAL_SHADING
28.95111267307537,3.918813427899867,20.11779876286642,649.3557347633886,99.62480364709701,PARTIAL_SHADING
27.3400972625628,3.8533646283526104,25.802285321991416,626.0087466136398,92.92181143102543,PARTIAL_SHADING
27.351269880221796,3.8758071775968332,26.247953987187252,484.11258795437755,92.34599264852838,PARTIAL_SHADING
25.565910253518176,3.8576821370155985,29.01916107837883,499.29672157928223,86.25045296084495,PARTIAL_SHADING
26.242039205079664,4.141072333612991,27.444192538133258,642.8049779713735,97.1297748930318,PARTIAL_SHADING
28.3051669998612,4.631726147119239,21.572356650942336,572.6556855203354,118.16773253412062,PARTIAL_SHADING
27.25303261626052,5.27937482514333,24.404345706560463,625.2944058043389,133.0976769392275,PARTIAL_SHADING
26.443024629389924,4.706444271315927,23.255811325190116,645.8993249346936,114.09008870494229,PARTIAL_SHADING
24.21923426248315,4.153243811496018,26.233144337590574,414.08331944980995,85.74037431960791,PARTIAL_SHADING
26.25012119763901,4.16538035938534,24.38298608033166,465.6733274700013,94.74153087181809,PARTIAL_SHADING
27.445716784901688,4.529142232535601,22.001542112493667,479.8973565649996,113.0162227849194,PARTIAL_SHADING
24.36114674136239,3.794906018532359,20.732456041073902,603.0793331785297,85.53691565052371,PARTIAL_SHADING
27.766564659396284,4.932650686952056,26.69385423669869,519.2479788445437,125.2151688738362,PARTIAL_SHADING
24.191807773939875,4.742928845313569,27.77877705536877,525.0895900960976,101.63112822408905,PARTIAL_SHADING
25.387133674004897,4.785604100324165,26.928011986299087,617.7418999656356,107.42796698371743,PARTIAL_SHADING
27.848861536927927,4.622711648378676,28.82836490678079,531.9530270739052,116.0904925330225,PARTIAL_SHADING
26.889385407204546,4.998630710284869,29.64690478828461,418.3908385539414,114.96680659167386,PARTIAL_SHADING
28.687751687036695,4.559751251036412,26.14903014566936,520.6059003986823,112.41278377860085,PARTIAL_SHADING
27.840446892093333,4.994449290177174,23.11703321492812,476.5598113071001,129.8405369019409,PARTIAL_SHADING
24.361786288706632,5.262210296713132,22.566616898959143,548.2461869388735,120.96646610566923,PARTIAL_SHADING
27.390612507683233,4.328859624934073,26.895342089054154,485.99490907909257,104.0720553738329,PARTIAL_SHADING
28.983416389673398,5.001580462359575,26.447199773818177,488.8224108048297,123.93110535768724,PARTIAL_SHADING
24.15528438017578,4.608362510897598,27.62032721039051,534.3447976109637,103.9781698480434,PARTIAL_SHADING
24.16713266546611,4.23350415285188,22.37070391174178,511.8182420392805,87.70540289443858,PARTIAL_SHADING
28.770658207855362,3.9465108021387216,29.22307775483585,506.47328875917043,107.70216336535371,PARTIAL_SHADING
26.770291917301055,5.361665728351615,20.053489886942227,587.059701545225,134.96514235630008,PARTIAL_SHADING
24.69860283489477,3.692251703464303,24.245726071859558,633.4197265332338,82.46065025259922,PARTIAL_SHADING
26.637282318608662,3.7822522365986435,20.00789511093219,602.5350226863653,86.51888680201685,PARTIAL_SHADING
27.16924909367662,5.329232909030383,22.08651913158431,566.3182090592277,124.2120545058242,PARTIAL_SHADING
27.018775719188064,3.8278634419064055,27.35953560515178,475.307823698477,92.70313993500628,PARTIAL_SHADING
26.99715271013811,3.842546821332479,27.41637818617621,475.6600851592036,95.04845132999334,PARTIAL_SHADING
24.79141525349687,4.8762353184127,21.281880728104618,506.3391240674959,105.743902388752,PARTIAL_SHADING
27.74187624714091,4.024070009013749,28.817173063953962,622.9550528516532,97.08294194664443,PARTIAL_SHADING
27.06922972503862,3.6754352834399286,23.915370996016293,578.3304323753181,91.12820287026678,PARTIAL_SHADING
27.12350334703304,4.065081727324888,23.78024949434402,425.73653617507154,101.64826141639232,PARTIAL_SHADING
26.519443983956368,4.917531264691309,22.48943524796873,481.10955715876656,115.20717440384675,PARTIAL_SHADING
24.12871204873608,4.182095745661247,28.033045735180337,624.3246239374346,91.00156404995595,PARTIAL_SHADING
26.277508476096102,3.5616492373987407,28.792043375853826,403.2525533564682,88.39461361825677,PARTIAL_SHADING
26.446081243440453,4.183868987149453,29.2421843484266,406.0977482775242,100.48318677021429,PARTIAL_SHADING
26.744662622496687,3.938640802422764,24.288874313502106,563.0660014859426,97.1964034650793,PARTIAL_SHADING
24.0035842935329,5.373706860182031,21.645253723928125,458.3951085555898,113.03848897398534,PARTIAL_SHADING
24.189100682760177,3.74610424718065,29.863499229441622,478.8041843443215,78.06745847680915,PARTIAL_SHADING
24.534956305873116,4.938919935339944,28.54568664032641,464.23807487711747,103.25313058311136,PARTIAL_SHADING
25.11545009222678,3.6130313815935144,21.033949366300416,507.8770299619106,79.21781913256103,PARTIAL_SHADING
26.579729392627115,4.006987506514381,29.405373011029475,626.4859919815661,96.56569528297395,PARTIAL_SHADING
25.77211995993693,4.262293764069471,24.11852283144497,581.894830533736,98.3322739366362,PARTIAL_SHADING
28.283649732529486,5.388189571860729,23.35946153378934,540.17362034392,130.98665600182426,PARTIAL_SHADING
25.002345238831793,4.32693153342032,22.062027159017788,619.1401226971793,93.668315725433,PARTIAL_SHADING
26.27830410776546,4.711398480919751,26.918639081608443,495.7673424316267,115.99653143456462,PARTIAL_SHADING
26.841595755389626,4.379015560895104,20.672406340520368,516.1723671112912,109.5557104943359,PARTIAL_SHADING
27.072705091106577,5.164324907458237,24.940116705993056,429.61542627362047,119.03111017920126,PARTIAL_SHADING
25.516097733592957,4.895980942995585,27.902599039416938,473.93820865508235,112.37940144832449,PARTIAL_SHADING
26.105594522170406,4.321045568702855,22.313487132001505,434.09277625736456,98.10165905960964,PARTIAL_SHADING
24.27666193581673,3.8962614836471543,20.092008976253794,556.8146001589946,83.39252817812812,PARTIAL_SHADING
28.865723557134544,3.8874341015525955,23.45828570309594,489.4602896603833,95.47639568196394,PARTIAL_SHADING
28.196039765197295,3.5639889202886494,29.401798347292413,623.0185877734052,90.7982970481123,PARTIAL_SHADING
26.71797787455646,4.807555845912312,23.87050011934887,561.8055708494638,109.75598687683252,PARTIAL_SHADING
24.27023813674863,4.414460839239089,25.49622301106035,621.9544100839547,92.19034763882753,PARTIAL_SHADING
28.113239635969446,3.9200946745841394,23.94083648510032,479.15060870685323,98.08555048307264,PARTIAL_SHADING
24.752477490362928,4.50714014880711,28.01642589831367,510.38350259472423,100.30187891599567,PARTIAL_SHADING
28.24383792640657,4.912116229276061,24.90454408519785,464.42391204729495,130.20367196163645,PARTIAL_SHADING
26.88510200845279,3.9422952202213866,22.691197526380105,600.7832722340615,90.55855220999607,PARTIAL_SHADING
28.9604609351441,3.7607033594295833,27.960685253969373,498.6938291929207,97.9357575832935,PARTIAL_SHADING
28.40325288732289,4.325822379178426,25.374937536732347,412.3249156022925,104.46615574162878,PARTIAL_SHADING
25.22399936500863,4.861166185837535,21.212648933591367,428.4404897011374,109.26446381991293,PARTIAL_SHADING
27.23918519304113,4.924143984495861,21.784506740983748,419.8970368430106,126.6237337990787,PARTIAL_SHADING
25.30333191281051,5.206692995217447,28.634914504628185,593.1306479406361,114.20900560439277,PARTIAL_SHADING
28.109007296271002,5.038501118483174,25.967229901062172,484.3005087922382,124.10101255474966,PARTIAL_SHADING
24.609446060401794,4.519514133801743,25.852608755098466,489.8347476289468,99.82640216638409,PARTIAL_SHADING
25.817572286846335,4.782012114641402,29.012592077965635,440.9800655117362,109.64982293943704,PARTIAL_SHADING
24.704343019754308,4.7498875408156636,27.28870509488596,632.978183149364,103.01378613883169,PARTIAL_SHADING
28.751056029327152,3.6265253436413496,26.030138633645883,414.28317983583247,97.945533022324,PARTIAL_SHADING
26.64904528535027,4.838696701525592,28.315739259104525,437.5776556209922,110.10227564632817,PARTIAL_SHADING
28.394405729564262,4.129866454917865,21.289789079271653,517.1153092717716,106.69138057324642,PARTIAL_SHADING
24.15485301711255,4.049791316514176,20.327998742768962,505.08384729887473,91.90485460882788,PARTIAL_SHADING
28.913262057467847,4.7740951070072555,21.616376937845917,626.4623474998265,124.4554729044124,PARTIAL_SHADING
24.76874656051459,5.3434533389033225,27.57469050723103,582.9263181807879,121.88409739216289,PARTIAL_SHADING
25.00169910548221,3.9220133834150523,26.88292998427255,454.9306875275992,87.64993171637765,PARTIAL_SHADING
27.91000912796971,5.067905036195682,24.532617725258596,598.0474845688113,132.0903935741012,PARTIAL_SHADING
27.2738787564213,3.9568517046168403,22.740117803855476,478.71028885218385,92.99142427347671,PARTIAL_SHADING
25.365798101849727,3.9190384486250642,24.55328749808602,627.1093869680662,85.53674133731931,PARTIAL_SHADING
27.60133961973698,4.874566008826255,20.957541986633576,630.64310122645,122.01135289333267,PARTIAL_SHADING
25.818627605678422,5.013077166990613,22.57365458401634,573.37745926158,110.53014188053069,PARTIAL_SHADING
28.19704018804636,4.396341694042637,26.36692914357942,455.3094549516709,113.76251452953454,PARTIAL_SHADING
27.861201379466383,4.446426373768798,26.177269240617942,514.0814809555997,116.37661602083173,PARTIAL_SHADING
26.489345902571596,5.183617418057638,28.013520582702483,502.6262053370891,119.87334435526496,PARTIAL_SHADING
26.030410662798854,5.15243475155044,22.276325358193922,531.1090864644373,124.81336260047918,PARTIAL_SHADING
25.767387375641896,4.784419274005395,22.456315740488144,427.31986134204,114.58301347705476,PARTIAL_SHADING
24.494843117043533,4.042762790159169,28.551094219974402,486.6173217696668,93.8085749022394,PARTIAL_SHADING
28.8986716738693,4.036552040907114,20.409782222498905,576.2658210513448,104.41414560283852,PARTIAL_SHADING
24.50376421979788,4.915045637956085,20.31174909111921,617.5491726230605,104.0414426466944,PARTIAL_SHADING
24.636559393733624,3.851344595937169,29.602663584920666,573.2923400634616,88.25502195231198,PARTIAL_SHADING
25.988174928663764,4.172625455009911,22.3448400678317,520.1620070781022,98.15705340310105,PARTIAL_SHADING
27.158874218263776,4.014237007997389,29.486540809029904,442.43962455178394,103.19659358269422,PARTIAL_SHADING
24.074280612537517,4.462251383633691,23.333678381165626,512.2808534825627,97.44206049216275,PARTIAL_SHADING
26.177945790063546,4.32969370060319,27.327234154133066,571.4690687716161,105.7856178783342,PARTIAL_SHADING
25.24979490619748,4.719057019508127,25.85194785392854,492.4344527181722,107.07356803507628,PARTIAL_SHADING
25.568910716528645,3.7836887952339704,22.13801210662733,426.3784116003003,88.84142384782844,PARTIAL_SHADING
27.303636965545756,5.401212743159745,27.29678413647241,413.01145968903285,138.39204604247777,PARTIAL_SHADING
28.31337581472863,4.386640641545397,25.858630505279216,644.0195831181297,112.18176669697748,PARTIAL_SHADING
28.52660914188045,3.6660775156203727,21.910518687086828,510.1887358603295,95.00907748100603,PARTIAL_SHADING
28.081139259314,5.4765242302863735,23.888514964741162,411.8539090350212,143.0399630003047,PARTIAL_SHADING
27.02190359541404,3.8970857177364033,24.948284566214202,585.5775613834311,97.62362371697603,PARTIAL_SHADING
26.49809205999381,4.110429060257719,29.737425820384935,565.8406527391232,97.02721145172117,PARTIAL_SHADING
25.40231612102326,4.962205966007124,22.421834455937677,442.92749724342207,113.82243286438644,PARTIAL_SHADING
25.449936963220708,4.75781028984723,21.179386748742335,563.7352761418304,106.35339971017608,PARTIAL_SHADING
24.001214672172562,3.7538721153483525,29.33615377835094,616.8386597788394,78.68762567278597,PARTIAL_SHADING
27.891859522727458,4.717143186347949,29.709047114498695,493.4014148835148,120.80038096739382,PARTIAL_SHADING
24.317678612119593,4.292494693632812,29.638176611881804,534.7452186125302,91.73096764138582,PARTIAL_SHADING
24.601354815643035,4.907056680363061,26.448560434297267,493.48467840094366,114.0919931794601,PARTIAL_SHADING
24.11101406493925,4.107447703263651,29.210694862995815,480.2338595798601,86.67769905545374,PARTIAL_SHADING
26.671102049656238,5.147603499841075,21.03146760878361,635.755177411434,127.6141546506158,PARTIAL_SHADING
24.90625127775776,4.924015922396325,23.849587226375572,500.57366951907966,113.84913514461799,PARTIAL_SHADING
28.81392403990366,3.753311745694388,24.206302368788194,520.2354020210759,95.99521708115218,PARTIAL_SHADING
25.815945618581125,3.604537335123193,26.855386205626232,509.0536042800113,80.90900361668646,PARTIAL_SHADING
28.080167511510343,5.105121496303256,24.863916280888937,474.6126652869401,130.99699615514982,PARTIAL_SHADING
25.440760678887017,3.9720158606474243,27.305146540263266,410.0813099302377,86.85108505594879,PARTIAL_SHADING
24.03394087011795,3.8058863729508525,20.689900087104593,648.9505919449796,80.3916385741872,PARTIAL_SHADING
24.746340063346235,3.981992515991836,29.36125571540135,530.0400557560989,87.3536878605596,PARTIAL_SHADING
28.366957289546097,4.289980541098065,23.350085699576958,451.8206306374339,108.03718970282166,PARTIAL_SHADING
25.58342178008463,4.854607918596282,22.89582704670727,544.2999366056404,106.38622376240507,PARTIAL_SHADING
24.95644578348257,4.3148105432226975,29.369492539086956,494.31299642892384,98.68089030389474,PARTIAL_SHADING
25.27543611210699,3.7540671519464635,20.5853660008005,476.3533746356878,82.14880923466745,PARTIAL_SHADING
24.87005224008062,5.0215186167739,20.158380709448743,539.4525314338587,110.8915355558128,PARTIAL_SHADING
26.532749999542737,4.625660474429206,23.133676944572784,473.7772150460713,113.32291939835173,PARTIAL_SHADING
28.356384940605786,3.8851632649170558,20.97618760535149,624.4489515980065,97.49857714244567,PARTIAL_SHADING
26.75658695331407,4.219086289040007,21.258023363460513,547.332911236932,101.88332516587623,PARTIAL_SHADING
25.014967795955986,4.4037380893045555,27.96947504015646,547.6065257769728,94.70309664803098,PARTIAL_SHADING
26.740107486145675,4.905476598579174,27.927034057807514,557.2793946585667,113.49948829617368,PARTIAL_SHADING
27.550866332950804,4.854683692163032,20.244268829406334,502.93691689756076,118.1413645089097,PARTIAL_SHADING
27.347060321268216,3.9322716246218414,25.908719229742587,628.3014904535431,99.98491204042367,PARTIAL_SHADING
28.60728868108265,5.45701193386538,20.106701270061627,555.6853190943693,139.13861724188828,PARTIAL_SHADING
28.29927245167561,4.003629404018263,29.81029489115076,553.4269923859368,105.29559224581989,PARTIAL_SHADING
24.42799776411384,3.86691576951773,27.58403673034203,405.4966305098309,88.00817024681405,PARTIAL_SHADING
24.069745093459556,4.814237678122547,23.650939202318057,552.8737131797998,106.56128877996213,PARTIAL_SHADING
25.71237609593152,3.7159248962216713,20.696458677482656,547.234005640637,86.18808473944189,PARTIAL_SHADING
27.711005045605663,4.519471020007874,24.224457900308792,499.5217945590577,106.7844401892995,PARTIAL_SHADING
25.677786008483285,5.452040315048988,28.735555762270888,482.3445167585544,127.22579546940538,PARTIAL_SHADING
28.23648372767747,4.382548673500137,20.17957863750151,418.62761545466003,111.50159547773178,PARTIAL_SHADING
28.847196878379393,4.886419084437735,20.709161914385696,447.3402189479657,130.68810130358423,PARTIAL_SHADING
28.207198799781224,4.7353891723771815,26.444231696298168,407.0843625958462,124.60310388025133,PARTIAL_SHADING
27.94137604085415,4.018070288206694,27.08676719965507,453.7136516062495,95.882639332444,PARTIAL_SHADING
25.005682712951888,3.8572577535085992,23.37747996734847,504.6123742938645,86.89038765425266,PARTIAL_SHADING
26.38376937754164,4.041349211930578,20.291706685740746,551.2754055592877,94.85179157954553,PARTIAL_SHADING
25.49336078693775,5.233882085661024,27.467433077981596,614.4413870931105,120.01937570242755,PARTIAL_SHADING
24.65465626063389,4.892442872242545,22.06073779937175,510.30741727292923,103.3123219452432,PARTIAL_SHADING
28.12654201211491,3.751881282095001,29.0309750704931,616.0576505653893,94.600952811681,PARTIAL_SHADING
27.721841021519953,4.738890147636306,28.030756423377447,507.95127519647804,121.98837112080413,PARTIAL_SHADING
26.31228408532574,5.381931575685588,24.863721008251474,515.6548179834324,131.48674993825605,PARTIAL_SHADING
28.10788845880419,4.608978228642341,21.797978134950753,516.9395577393949,122.65759726005558,PARTIAL_SHADING
27.764930965195926,5.122325207758264,20.328254988192402,516.96486565854,130.0841657068823,PARTIAL_SHADING
28.150163418140373,3.5985473071655427,28.52438885641873,537.1002341854779,88.10352504914114,PARTIAL_SHADING
25.5862760822485,4.0638591035031215,25.308590342884756,412.92141997778293,90.0306112894517,PARTIAL_SHADING
28.06346521687891,3.765207981493622,22.33396269458127,513.3426514010393,95.27921239377297,PARTIAL_SHADING
27.818052398070794,4.394664853332376,27.898646210355388,554.5865767613643,105.2960204061976,PARTIAL_SHADING
24.781657191964193,4.374067450899542,23.968893930890395,585.8860674093237,98.43213956100267,PARTIAL_SHADING
25.940665405011245,3.8415205669007713,22.26837102325495,543.8752546172648,88.92349514874086,PARTIAL_SHADING
26.57463754430336,3.8413548706044676,26.629062523445658,613.1346852139918,89.40333525485218,PARTIAL_SHADING
26.457571129159135,5.451054658041803,23.332417405507275,548.7615862309403,123.88923381045893,PARTIAL_SHADING
27.030075012397216,3.679263546609236,29.59235435323822,578.9156630180778,92.37146396108193,PARTIAL_SHADING
27.520521803858184,4.679458072152931,24.499127810855054,614.5933449402656,121.78619636777191,PARTIAL_SHADING
26.495180864520407,5.363070098310524,25.833329099885177,534.5960467241083,127.23918108178988,PARTIAL_SHADING
25.0464388076506,3.5074393216361184,22.41506226856061,527.4307929008913,78.00943971987502,PARTIAL_SHADING
26.24242614001317,5.461296439128099,23.502723706693274,513.045734840027,123.73353191959272,PARTIAL_SHADING
24.23978866218494,5.050819029184989,25.706831750719786,590.1762015109738,105.90094998619037,PARTIAL_SHADING
26.859143855913455,4.007284948682751,22.2806181690002,402.8815035132463,92.89029291406385,PARTIAL_SHADING
25.54634055749848,3.733757521181878,29.858584404109376,477.15816213098765,82.31934487956764,PARTIAL_SHADING
24.99541156413979,4.675406456682953,20.640435238647886,615.6085325352892,110.57059415698637,PARTIAL_SHADING
25.233737103336903,4.400190537181719,20.22134451029497,560.1775561818054,98.97421913587802,PARTIAL_SHADING
25.350292330507777,3.913674221233217,26.540230776587606,504.0542577580786,86.11331760770015,PARTIAL_SHADING
27.44554540743412,4.630144566073387,28.58672054929496,429.36897471912323,117.99931962863347,PARTIAL_SHADING
27.367583934086294,3.7300218736561956,26.948207298717207,510.3868222199576,96.41599777962043,PARTIAL_SHADING
24.708056753089497,4.785666781631476,23.81980045462946,639.2036676477194,104.40961999876909,PARTIAL_SHADING
28.810929547459,5.302971702201498,22.703832353106563,600.885444206607,145.0772063363185,PARTIAL_SHADING
25.263315010856413,4.373554338646639,25.201807365667598,473.7327839509661,94.08557077562723,PARTIAL_SHADING
25.100646220987635,4.063873768683517,24.435997013181872,442.7756196033505,95.61268506052197,PARTIAL_SHADING
27.52455566365668,3.670400955119324,26.500924511399315,563.414119101405,95.5325669758062,PARTIAL_SHADING
24.015104356780807,3.9958648996116146,29.277914793753155,633.0334788495708,88.48177312563158,PARTIAL_SHADING
27.828816605237698,3.6829659158592944,25.138758347782336,457.89574782224986,88.97604611868636,PARTIAL_SHADING
28.051516495616664,3.770076273361095,24.686516369963854,634.6445598965083,91.8581953729363,PARTIAL_SHADING
28.889967118691175,5.488575971522118,25.55617154682403,442.5356850442895,139.7923726245005,PARTIAL_SHADING
26.122464163382677,4.118648448716446,22.806355798765157,643.0574273040894,93.10090014986677,PARTIAL_SHADING
27.66663954358431,3.5008205788783497,25.96182669402377,628.9857509885131,85.11636266794133,PARTIAL_SHADING
24.927629876288595,4.8033595897568535,27.12601407298393,572.0076297379953,105.59929892361838,PARTIAL_SHADING
25.261012010796655,5.411837599924088,29.232995082699297,514.3291524732051,127.77040937953993,PARTIAL_SHADING
26.26161738817148,4.348778036145021,21.567629475992945,506.6015141229932,103.21267408496503,PARTIAL_SHADING
24.11252163714343,4.388226010350813,27.813562183952,570.0115140935675,96.66018740627116,PARTIAL_SHADING
28.547777142186014,3.53606401965046,25.57047586192234,596.8372121024267,91.26935816122867,PARTIAL_SHADING
25.619477762901894,3.7725011301839557,28.875630718161915,517.6905980969008,90.63902274016883,PARTIAL_SHADING
26.92926061216584,4.848384233230002,28.042611543784503,564.7888861500336,116.17603162051543,PARTIAL_SHADING
26.568166919643254,5.106091049351759,23.73650296372984,497.03036419212424,116.60868454207947,PARTIAL_SHADING
28.57292217610874,3.6820726298908832,26.48209177448556,503.2986197006994,93.69386172558765,PARTIAL_SHADING
27.39775918286342,3.6341874652597577,25.937057829514345,593.0079464930886,92.87970194940567,PARTIAL_SHADING
24.852651946968876,5.294838100156348,26.561460918474424,620.4637002051707,118.2379994022579,PARTIAL_SHADING
26.710166725486012,5.338076554057342,28.999095433546717,512.0402183422505,125.10637794325712,PARTIAL_SHADING
25.96585217282132,4.2755286570595,22.86866874982794,467.1449010832416,103.92440986650976,PARTIAL_SHADING
24.349309603423308,4.8552223641991885,21.728200514564524,486.1264733485158,101.21568548575573,PARTIAL_SHADING
25.34986818427731,5.036842142234484,28.850153245472587,455.38178797559175,114.4495227730086,PARTIAL_SHADING
26.35162023968603,5.247150611519468,27.627990528758055,528.2693045920125,126.80476548370069,PARTIAL_SHADING
28.236775269546833,3.5190779080510897,24.028900310500486,626.8107918192696,91.81859923668041,PARTIAL_SHADING
26.714206871670374,4.559289054070267,23.477700976044378,530.1301334103787,111.51054492533487,PARTIAL_SHADING
26.091815192143965,4.928306292784348,28.61232227260386,438.6712120462153,115.10656194414426,PARTIAL_SHADING
26.040100456425407,4.874929608099456,22.498674652579293,560.062728738069,119.04127751313908,PARTIAL_SHADING
26.090657998968112,5.3220313999584405,29.931637389334785,426.523012486988,121.26307300804248,PARTIAL_SHADING
28.751898757410466,5.416655372962774,20.977072753867585,403.74962509428417,134.88721555047414,PARTIAL_SHADING
28.98006391691124,3.859999233221374,25.025476067220232,612.1044316076277,95.31178941090755,PARTIAL_SHADING
27.022444911292297,4.054050897739248,28.623349164397318,470.8652873160198,100.64124611714992,PARTIAL_SHADING
27.371098162236983,3.9429870977192802,20.3479919986835,502.31239344634935,94.85638877111279,PARTIAL_SHADING
28.044888748068544,5.10072837691069,24.570239521926254,551.6280563308047,130.2358495802909,PARTIAL_SHADING
28.135790742138116,4.350004828246395,22.754466797905092,466.25872953513687,110.5947033114263,PARTIAL_SHADING
26.245741013661064,4.380241541969872,20.911373390897072,579.6509351725489,100.17545667986538,PARTIAL_SHADING
24.984768151043607,4.3255166405547865,22.277783416178014,545.9645668270039,95.8757055681012,PARTIAL_SHADING
26.24455861296395,4.5743386432080575,22.035355224818048,438.93790571638243,112.61337072893778,PARTIAL_SHADING
26.168618514157107,4.324187219265078,20.356121502728413,524.4940756468483,102.45517891908402,PARTIAL_SHADING
26.79420435477333,4.914062338645769,21.774818349910117,463.0557835576547,122.59288948644141,PARTIAL_SHADING
28.73585308421697,3.7718654947346413,24.97649554505218,453.5440631848967,92.78072649536738,PARTIAL_SHADING
25.627516690630678,3.7873752503684255,27.099330734342463,533.4313534178611,83.89794115780316,PARTIAL_SHADING
24.04620794202757,5.116314098048425,21.761944061642474,551.5541605551915,108.71884111214574,PARTIAL_SHADING
26.927429691575178,4.131307253964648,20.86939560692254,455.7375021394384,96.65072942832404,PARTIAL_SHADING
26.14009676219822,4.8165675668523145,22.638060749463577,403.0174838251545,113.55341994493801,PARTIAL_SHADING
27.02879744679486,5.42574098800362,25.89470803093247,517.7931398445355,133.0625727967242,PARTIAL_SHADING
28.639503149310137,5.156756291203292,23.22978733363808,459.3135909142843,129.41265273954951,PARTIAL_SHADING
26.522105198576064,4.988098902457155,25.03219207182962,416.9490989570281,122.02325372785896,PARTIAL_SHADING
28.02985064335477,4.0789957302394395,26.641257392833502,506.64797526359837,107.34922026017125,PARTIAL_SHADING
28.226127790803698,4.5508639966192845,26.915055458135946,620.837425255526,115.55292544889213,PARTIAL_SHADING
25.566253702444108,5.007332275819163,22.200662547846918,497.1327870015105,119.89884814707999,PARTIAL_SHADING
27.622111701346576,4.307622010494999,22.147445024083574,488.99209770805913,104.51820461999938,PARTIAL_SHADING
24.880446439719268,4.986665827131313,22.520698868501714,513.541867541941,110.24727759142647,PARTIAL_SHADING
28.910386893178156,4.282184488296441,20.799824827967548,422.456438143021,112.54317680787491,PARTIAL_SHADING
26.99681775869133,4.33751798096531,24.318436923120295,413.4831457102178,105.58302249536067,PARTIAL_SHADING
26.523697376901758,3.799098637113889,21.038393861109277,430.8931226498726,86.66924384124754,PARTIAL_SHADING
27.0485409776838,3.8929653048058372,22.514301521874636,443.39303603785993,99.5900898323459,PARTIAL_SHADING
28.273087315759177,3.9609896747030415,23.27566293922126,452.4732105762493,100.69948558854414,PARTIAL_SHADING
24.098052662371266,4.842736017793591,25.231581498176418,624.6597320752758,101.11390241920671,PARTIAL_SHADING
28.02054623030566,5.083922028933431,21.27181189216887,499.6398060360319,123.51002847299537,PARTIAL_SHADING
25.273602502287744,4.026492349661089,25.562363940257725,502.85273294011637,96.14387704616935,PARTIAL_SHADING
24.631850709735026,5.447384269700398,22.30638640214264,593.2184840954633,118.60055253971602,PARTIAL_SHADING
24.71540697708657,5.21577837049248,23.088608992364634,564.7138510567106,116.87560272618654,PARTIAL_SHADING
26.358781546954372,4.491638945297078,27.322379140922877,421.94322853086015,108.54587708346641,PARTIAL_SHADING
28.479060506992894,3.6155763940397283,21.406533392336666,579.1579841755079,92.02559730694249,PARTIAL_SHADING
26.01774310406844,3.773933269088472,25.06770040717788,431.6363277990943,88.14074172775574,PARTIAL_SHADING
27.818076494808285,4.016528715774327,24.807861681797274,648.0039923492089,102.64437718692389,PARTIAL_SHADING
28.206783856525995,4.3296952131210915,27.678609231258555,410.12729323533046,105.30883514359057,PARTIAL_SHADING
25.01535296460031,4.303903849230439,28.457448783257632,486.5665126969826,98.56201509866855,PARTIAL_SHADING
27.546571474017416,4.672364708176683,23.572419681701362,544.2633354283861,113.80670340112128,PARTIAL_SHADING
24.41936869276006,5.485607956372029,21.27182453632511,418.08709595901433,125.63018667155191,PARTIAL_SHADING
25.509173304464476,4.800593948147015,23.29005729662233,497.86356769861777,107.30011957986278,PARTIAL_SHADING
25.71522002896505,4.321400801173086,27.20416069092343,527.8840485586979,104.94234793017002,PARTIAL_SHADING
24.209401969193877,4.506136645264056,25.842247888317182,630.0492465185685,93.2635169948759,PARTIAL_SHADING
26.86749792467608,5.207259857055914,22.419277281192365,619.0730871309844,119.18656569674044,PARTIAL_SHADING
27.66227314566865,5.366226442337306,26.571976616400622,509.757310995112,126.8419412497373,PARTIAL_SHADING
28.600569066613144,4.44059244538315,20.28996744335948,572.4552678321904,114.07245065402996,PARTIAL_SHADING
24.621726587212052,3.928543618620519,20.644906804558463,543.5733849271434,88.23513515050008,PARTIAL_SHADING
26.528711491777223,5.13420426600523,28.610088213080136,553.9060991707817,115.94699828712545,PARTIAL_SHADING
27.476148278738677,4.335998433840703,25.65557483226387,562.2701505047211,105.43865321668578,PARTIAL_SHADING
28.58549252585897,3.767949733499562,26.715118072810373,401.0898949891451,101.51169085715242,PARTIAL_SHADING
24.56252066619046,3.6897684602951495,23.33007633052244,493.39157150977013,78.97771380729526,PARTIAL_SHADING
26.925608304635624,4.385828196083927,20.341755890410873,479.9130155638252,109.94791906800289,PARTIAL_SHADING
27.448507674309344,4.949741707159761,26.981169240835236,477.7432553457583,116.83763392567924,PARTIAL_SHADING
25.36233592016548,5.163570600370319,29.80470797783071,523.4617536853904,111.44321635080053,PARTIAL_SHADING
24.700224060671147,4.144161150632532,25.785853485929497,418.7734114513285,96.66381914550442,PARTIAL_SHADING
25.825418366422003,5.325168435849646,27.80521802757022,588.8593181288952,125.2398903032093,PARTIAL_SHADING
27.133919085259222,4.776006470432496,26.28721387025582,538.4320578495904,122.93612131998337,PARTIAL_SHADING
27.66145283712848,5.053892776785043,28.724628150836743,453.9099406814623,119.99987970877962,PARTIAL_SHADING
26.414472182992995,4.528161391238546,28.291817799499178,510.94589482058393,108.49555970248404,PARTIAL_SHADING
26.63535469256729,3.576405567514782,26.15214896596914,607.010821443563,82.47033799919022,PARTIAL_SHADING
26.97165866963298,4.687221088892828,21.64184964056359,430.865893432684,119.84883337230784,PARTIAL_SHADING
25.96859584826519,3.9548434574470583,21.713245444543748,566.9004283958088,93.55558040343467,PARTIAL_SHADING
27.217760614937088,3.6760120550229045,28.935345834984368,497.31659920226207,88.18024287182403,PARTIAL_SHADING
26.311807236238696,4.2801321314952565,28.63577003139146,632.315243799473,99.14273963580477,PARTIAL_SHADING
28.319679037299775,5.063046259066134,29.30807672344762,461.43757804647197,130.14893039226632,PARTIAL_SHADING
25.372722923702224,5.148188980968748,20.053241905710642,541.204790721599,115.46083308920542,PARTIAL_SHADING
25.6134185353891,4.789812647729834,28.51484449313994,552.2988478483315,114.74797731398017,PARTIAL_SHADING
25.32298555940515,4.539003709529962,24.50536539067076,402.91122487577405,104.10001801830663,PARTIAL_SHADING
27.307621620730874,4.68382880883814,27.362798987834214,542.8348821132693,109.5723550813354,PARTIAL_SHADING
24.582227620423556,4.692949155087905,22.749791919736403,419.9112822586915,103.01470502042203,PARTIAL_SHADING
26.771612990418276,4.157491976699213,27.20433702225778,560.9426520253112,98.3117117028465,PARTIAL_SHADING
27.774362644542805,4.797390085066071,26.37445378717902,538.356925196767,113.40954518272312,PARTIAL_SHADING
27.482535917384446,4.252083582218313,29.426097101586556,604.4961927693014,106.19701617565973,PARTIAL_SHADING
25.26090990909635,3.907434786555333,23.403848376775493,519.1419858950046,86.82187962052012,PARTIAL_SHADING
26.574647476962415,3.8307408510263716,29.777128128255,426.98113874124846,96.01774564913917,PARTIAL_SHADING
28.567890057013475,4.550720963638996,27.249102718360845,509.01207449314694,118.69455452624706,PARTIAL_SHADING
25.702879687105593,4.102318039570891,25.782297861695138,524.5324185459951,95.73589081648618,PARTIAL_SHADING
25.433302906435117,4.23391566363399,20.838979606289094,413.0690930680514,94.25937933193416,PARTIAL_SHADING
24.37123429665273,3.7075494172694814,28.129284053939372,409.7184242541723,82.75796819588544,PARTIAL_SHADING
25.362788744077,5.243091361416253,24.849922845774994,476.3941148319564,119.91603825015547,PARTIAL_SHADING
25.909790095226345,4.628602129339661,21.145328683263482,649.2476257031378,107.04071924787455,PARTIAL_SHADING
25.741153198536843,4.92041969663253,23.638994064953323,608.3185762571894,113.41235493676544,PARTIAL_SHADING
27.597792066327173,3.7149064328837733,28.461191855551117,583.9294966945274,89.3153214741763,PARTIAL_SHADING
24.726430048728933,4.132584697451248,29.760705860319042,464.20789364176466,91.5173497781791,PARTIAL_SHADING
24.15010112858668,4.294455059132465,25.713200154331027,638.2811531269913,93.51394364579457,PARTIAL_SHADING
28.09553663088844,4.594255285137801,20.40785013435518,478.7520687974435,117.14543933803206,PARTIAL_SHADING
28.752969829655623,5.218260719502466,22.283556141788477,455.02745750479085,130.55282819349227,PARTIAL_SHADING
28.612494481512517,5.205332306203442,27.74883432252949,498.1837785560569,134.10903283011496,PARTIAL_SHADING
26.321658723975766,4.0067962151187455,25.05028046148767,407.6241369631886,91.03583916009593,PARTIAL_SHADING
28.43294798084473,5.003359534062847,24.22868409059087,529.2875905709693,126.1848359792636,PARTIAL_SHADING
27.703899335803364,5.068374358464159,27.63285190203159,580.6529312086124,122.22319483112605,PARTIAL_SHADING
25.689849896202393,4.43969086996735,23.307929914276556,588.7350500395822,100.70318458825405,PARTIAL_SHADING
24.691160433926687,4.298080904096608,29.799144327823804,456.47035323339395,96.70242398451566,PARTIAL_SHADING
26.16486524919853,3.6420491352986533,24.878766059980595,575.541082162078,85.89033044435834,PARTIAL_SHADING
28.360530318732906,4.077874033315165,20.86249171303965,634.1414029145016,102.67693576155465,PARTIAL_SHADING
26.882027757268165,5.084006252260392,23.243136638755807,579.0411345444028,118.01888532809082,PARTIAL_SHADING
25.456468736027528,3.7894212722730396,28.112305584013576,455.66230880669633,88.91594530536592,PARTIAL_SHADING
28.716491986228263,4.555544418137754,25.400291922606876,515.258392024453,115.45963712967749,PARTIAL_SHADING
26.378275154624585,4.705615064533519,29.859915721706592,634.441139829556,116.20866818362975,PARTIAL_SHADING
28.44565267852429,4.435698366584086,26.574443271774648,623.7666807340536,112.20799359518723,PARTIAL_SHADING
28.808812391727344,4.331572124138366,26.010826653932156,577.451178318093,117.93152658796697,PARTIAL_SHADING
25.22308137026133,4.992261956477284,25.208155861440822,467.1392851551603,116.81124627112092,PARTIAL_SHADING
26.761111400869233,4.821947641299351,23.22901068577901,520.3184879569012,117.65095740951791,PARTIAL_SHADING
26.024554071349222,3.8967450796954024,29.61640492315304,527.8668850106544,93.64215883349351,PARTIAL_SHADING
26.05523596778029,4.210263528051433,24.07164298467125,502.2991609464124,99.21412200290213,PARTIAL_SHADING
26.717349349906815,4.494307631765743,21.347857849174382,524.0188696251328,104.09512079753573,PARTIAL_SHADING
24.630678931478826,5.3652914346823355,26.049500131477043,564.8725145311461,117.6378894160057,PARTIAL_SHADING
28.54490445957432,4.775860979159331,27.691698695235875,492.14061725692846,128.96502657979065,PARTIAL_SHADING
28.102306450791573,5.207896926029087,21.721942674257544,467.7408019678049,128.58108519251383,PARTIAL_SHADING
25.354546116234356,5.210816324208576,20.31884795208592,419.02499724519356,115.9191056534463,PARTIAL_SHADING
24.999364873247217,3.9637192277656967,27.979431892533,540.7816484730117,84.28407549558366,PARTIAL_SHADING
26.146613828520977,4.315769853700718,21.139452694445435,569.0354471503642,103.83901157260719,PARTIAL_SHADING
27.604466095260488,4.956941891117184,20.000528269322967,638.4802009616806,127.44979682934188,PARTIAL_SHADING
28.519908482946427,3.5312865906148683,29.338587957857392,602.4471321720262,94.03697378635945,PARTIAL_SHADING
24.46643692360984,4.977556057837195,29.59916689642091,569.6368353545402,110.46407357716738,PARTIAL_SHADING
28.728148388744984,4.385874243468872,25.992935663104788,519.0845733735915,118.85201928715682,PARTIAL_SHADING
24.380423633827537,4.502239401650696,26.869524413854382,597.9766346055592,99.70112019079292,PARTIAL_SHADING
28.54458872060727,5.383982893767744,20.643192231935835,500.5926348853436,130.9915674121749,PARTIAL_SHADING
25.647083286872213,4.573736435941204,29.10794930509949,611.6385806163507,101.20315944398466,PARTIAL_SHADING
24.465151873704478,4.678534677513334,25.32117972458783,466.594410357506,107.58713769360318,PARTIAL_SHADING
28.636832047307767,4.305222876680325,28.903025571135203,495.98722356574314,113.87881604179269,PARTIAL_SHADING
26.37971108773862,3.7451663130143658,29.279342012370215,513.5241483443841,91.23341244919548,PARTIAL_SHADING
25.83586907215646,3.5377617571524693,21.00530358691836,524.054869872481,83.9973306714428,PARTIAL_SHADING
25.673676632896395,4.8909769183553005,26.98635589431956,575.9839768319578,112.91852123840354,PARTIAL_SHADING
28.57443075060752,4.478393035961231,24.50265193496638,449.84520475265674,112.70938814184647,PARTIAL_SHADING
24.211672462591515,4.7670705872323405,22.485357439270928,476.0388136213663,107.00258390001216,PARTIAL_SHADING
25.63610591580727,3.9843917840262844,21.69057749133706,593.714600545489,88.14752167787553,PARTIAL_SHADING
26.268768801251767,4.513860232154389,26.873899126857147,558.3208705832488,110.40052110670426,PARTIAL_SHADING
24.22375716963119,4.092881449558794,22.8013411877538,436.5042263980271,87.1402782294823,PARTIAL_SHADING
25.548826570714517,4.543768923854957,26.63704478926256,495.2751284029535,107.02695302752724,PARTIAL_SHADING
25.6808266928979,4.080567354629521,25.411880558570243,405.92909007644766,89.90962050799187,PARTIAL_SHADING
26.089847717932635,5.385825422783513,27.215117798434235,422.0316423751394,131.3301288054208,PARTIAL_SHADING
27.661503853040905,4.721893051405306,28.20292960609177,501.02746193573927,113.91559191732023,PARTIAL_SHADING
26.560116945543797,4.597683511186948,25.383263720099123,541.2684478700263,115.38287119781683,PARTIAL_SHADING
28.511228115481156,5.251434073117879,28.01416810908627,635.8570268163213,128.74081896859838,PARTIAL_SHADING
25.325616307228696,4.490111891309169,28.46534493123405,526.2914278806832,105.16388918335227,PARTIAL_SHADING
24.69479952624458,4.00482762595312,27.317760950376723,441.183502221931,87.53850757253971,PARTIAL_SHADING
25.324331289067857,4.199723388444957,27.0832404907797,491.96179528570025,96.30742186805226,PARTIAL_SHADING
24.499659385272047,5.110035386469256,23.69888625648125,562.1335397583356,115.49645920197733,PARTIAL_SHADING
25.048304610558503,5.2693499699067,26.16224251606953,507.1812854378704,114.59665145773869,PARTIAL_SHADING
28.711504689506032,5.01013640826325,22.080245627332488,484.4276936810561,133.91831893689934,PARTIAL_SHADING
27.478388316076696,5.031568585431449,24.412011022129324,579.1190656605418,122.86412496108389,PARTIAL_SHADING
25.05631458469098,4.76535406968272,29.760139255987944,477.6502428488324,106.99595791232055,PARTIAL_SHADING
27.370006855349267,4.583012564244976,28.434277957090494,590.4356766173789,107.35278563967866,PARTIAL_SHADING
28.99210616961887,5.004804907438935,28.639033162941132,562.7994280238365,135.75954304884513,PARTIAL_SHADING
24.56191487464355,4.195475671118631,28.76420943604493,450.41380281672303,88.39785519546918,PARTIAL_SHADING
27.940594699726095,5.170972311286592,21.626522181899006,613.5864956956789,132.7304592847153,PARTIAL_SHADING
26.60041341608292,5.16050038556277,24.192492493189658,448.4984890558493,120.59094095207622,PARTIAL_SHADING
26.525820091466574,4.562661585346351,28.055808264412335,597.8381809130836,109.91027225388427,PARTIAL_SHADING
27.903927416827383,3.883546916587342,20.500645270932942,618.408455658675,92.93003501167965,PARTIAL_SHADING
25.233442148719988,4.89063789924877,24.094479376273092,619.0784924788773,108.57378220592608,PARTIAL_SHADING
24.059356733346796,4.101311281121488,25.780750491848316,493.98459385082333,89.15152667603542,PARTIAL_SHADING
28.382990594175094,5.324970108460737,22.65974064654112,515.5351183174752,136.76747450315617,PARTIAL_SHADING
28.745562284441235,5.497234638328769,22.354072488415266,581.7449678364538,140.29162403987172,PARTIAL_SHADING
24.040540984431065,3.5185050448718047,24.60566007562256,522.0837282510837,72.08965978631306,PARTIAL_SHADING
27.43463708387151,4.088006777189906,25.598931015359494,475.2297682913547,97.20449616552463,PARTIAL_SHADING
26.035868692994377,3.9645467295810013,25.34800976919168,449.70713257162,92.98514311311185,PARTIAL_SHADING
24.78689257434434,4.84194941897157,27.539376844414242,427.59855856248345,107.62876668321414,PARTIAL_SHADING
24.35435850327437,4.696364891084005,22.644042979296454,531.906114209677,103.13897250478344,PARTIAL_SHADING
28.621771730969,4.598166445137446,25.829984797183158,500.4132814410951,124.35713537507739,PARTIAL_SHADING
27.88592954719805,4.070810580605683,28.442095857762318,508.0990900462725,105.89747810339827,PARTIAL_SHADING
28.11444034146751,3.8777403735257088,27.01141131383577,472.66074232663277,95.91070530704134,PARTIAL_SHADING
25.481740384402904,4.951136495119896,22.298260417925363,400.22645881152255,116.262722384648,PARTIAL_SHADING
24.855923719175628,3.7089647906156693,22.3751612059406,494.975130580676,82.74865236655131,PARTIAL_SHADING
24.222850203563155,5.4411466652547205,27.160630534195583,480.79851633108404,116.23050093684896,PARTIAL_SHADING
26.242712746842297,4.752489645526066,21.463730665889678,447.2324534412381,116.7292026992008,PARTIAL_SHADING
25.281274619445362,4.260389995950355,28.712718509501173,565.7869573499556,95.23238941995609,PARTIAL_SHADING
27.418497728623105,3.5393664307628274,27.35642660011365,521.7540101290599,90.3789476873454,PARTIAL_SHADING
28.77318826003234,5.351577098989137,29.092650434553406,528.0424889834718,136.4301830275764,PARTIAL_SHADING
26.325176623653363,4.8797920066267215,28.83997776871187,451.7465757500299,120.98741510948165,PARTIAL_SHADING
28.075901159849444,5.457712030356469,28.802517732816874,469.98433242297665,131.86922036878977,PARTIAL_SHADING
24.561205359957942,4.082446637156552,26.141837239845394,601.0800815242931,94.24610445502684,PARTIAL_SHADING
27.118766921846163,3.5112626254961077,21.863167765185334,424.931550963342,84.39756191590219,PARTIAL_SHADING
26.50675496816873,3.586794357157122,23.484779757956552,444.79491865633065,86.96511023583666,PARTIAL_SHADING
26.3213618466217,4.490635293867817,24.27691788033461,639.0049276216417,103.00785239056349,PARTIAL_SHADING
26.58332129921937,4.972034736730672,25.568444131345625,632.2552214292002,117.34294596965417,PARTIAL_SHADING
26.31837902886589,3.6770446304294566,26.089991110519286,472.0529921120265,83.80914850938389,PARTIAL_SHADING
26.72265646452254,4.564620526759821,20.758716412240474,574.5538633736182,111.29066576319067,PARTIAL_SHADING
24.945086413732486,4.438869724308088,27.2032291647856,532.3589351353191,98.49796152622201,PARTIAL_SHADING
25.61169229040472,4.720787733288107,29.391086983102404,567.9362101193708,103.67499138312519,PARTIAL_SHADING
26.30342486741067,5.281648263021255,20.94462425801087,647.2189280343858,131.27161066846784,PARTIAL_SHADING
24.391372403649378,5.366826640899109,23.63132590259462,611.1772917689657,116.74544356460589,PARTIAL_SHADING
26.204275563512578,4.768486181955085,27.744774192759834,408.44728773706214,113.62328152848629,PARTIAL_SHADING
24.933664970486856,4.191899035726406,23.479686661552165,517.2650850552884,92.33386915900842,PARTIAL_SHADING
24.536805592253337,3.7912574770509027,20.334379855610976,517.5622713321886,87.95032837902376,PARTIAL_SHADING
24.578376118240584,5.392528986006164,27.333615147320934,559.3747007335407,121.21115072189706,PARTIAL_SHADING
28.13363824198141,3.713839728759643,25.047543235655418,574.2727845651896,94.94257428107049,PARTIAL_SHADING
28.163895355116473,3.644543418022703,26.90701039499166,533.5069325961795,91.13973775179367,PARTIAL_SHADING
25.701374911170156,4.741665265548386,28.909953746442646,524.0439815252788,113.63789909123484,PARTIAL_SHADING
26.010781909219837,3.704788925586353,20.615057364586384,412.8335928309194,85.57308444046895,PARTIAL_SHADING
25.68618875417921,4.9358740472451395,27.428215015848657,412.71349220843496,110.56970816440892,PARTIAL_SHADING
25.3713092507945,4.595223968285619,21.445152239069504,433.4853048500001,110.1021583321396,PARTIAL_SHADING
28.021014536488906,3.8613098041823406,24.06567807905491,488.9054998143914,100.52663692634007,PARTIAL_SHADING
26.55106458239061,3.755699473986934,27.38992063156244,499.22199455622973,87.38196965412166,PARTIAL_SHADING
25.8774931101036,4.495513127213792,23.431155164170093,460.47644314793945,103.51859658862097,PARTIAL_SHADING
24.09586455374949,5.044995692192628,21.70944893567586,410.9761534076593,111.27559519674622,PARTIAL_SHADING
27.86968064411836,5.127658263185687,24.935091826605998,451.34204617249634,132.00570896992144,PARTIAL_SHADING
27.498565385771684,3.9925414682063467,29.034077558627928,426.0928645207072,104.10964012006053,PARTIAL_SHADING
28.301239054887322,4.87579729095815,29.38749888279833,580.5777920809269,119.92057614947153,PARTIAL_SHADING
26.210780690564057,3.6430060486632705,23.896574222881153,585.4007549343022,84.85312194686993,PARTIAL_SHADING
25.65147087734067,4.690711445020623,28.722045289988948,411.89579813652813,106.91322171298411,PARTIAL_SHADING
24.791203709076314,4.890708501463739,21.057245604311348,566.2019396450612,106.52941247751855,PARTIAL_SHADING
24.994584068686123,5.372705115649971,20.18524576745956,509.44431797239224,114.43567593789697,PARTIAL_SHADING
26.417965240521646,4.502094755588836,23.21662471394747,433.0404443812559,105.57236504603686,PARTIAL_SHADING
27.36131469966283,5.064791617288918,25.307506023881423,547.4585986099389,120.57258250753807,PARTIAL_SHADING
25.436651666138246,3.8237912201047166,22.492953500046113,456.22169505638294,87.72716832088662,PARTIAL_SHADING
26.813443778953648,5.3898948416430095,21.95570647101523,560.4189275403739,134.6545611390226,PARTIAL_SHADING
26.801207318915264,4.010007305002151,22.6255023002,409.81326326774996,94.6347834321199,PARTIAL_SHADING
27.7230183950169,3.5950355144142208,22.192952825048305,576.5581246329455,92.51576559004239,PARTIAL_SHADING
26.27659205030964,4.8961486769572975,23.87952168654892,439.9783112560319,114.47834272304755,PARTIAL_SHADING
26.899839101015715,5.39610656370578,20.687509520886774,526.8485234612401,128.1556538359636,PARTIAL_SHADING
26.541558471383475,3.5479508947530634,23.130253547015812,604.9670368817513,85.2592908216122,PARTIAL_SHADING
26.252912464080588,4.071050143430679,22.98042522791356,495.77535839764613,99.7757072418826,PARTIAL_SHADING
28.83606603404134,4.377310762700749,23.93352838747762,611.6376939549657,112.67934661739034,PARTIAL_SHADING
26.760090861478254,3.961883329197489,27.435025357790753,532.9970795676954,98.69471744583699,PARTIAL_SHADING
27.90366365014335,3.930009536540057,27.156355505577622,600.0136019878429,97.007884215348,PARTIAL_SHADING
24.863045564511374,3.505264311159176,24.509036530931482,488.1081828847104,78.91493934801377,PARTIAL_SHADING
24.94020546294393,5.219331095332951,22.577552156281097,456.6074012719125,116.9030234854911,PARTIAL_SHADING
26.49425511872137,3.9301704575701857,22.71860726725916,442.42630978881124,95.9890038476732,PARTIAL_SHADING
27.85044515627041,4.424656994918565,27.140870226850176,583.9838479843613,106.44831782150717,PARTIAL_SHADING
28.830890124172683,5.142063894192862,22.044834611958237,446.5412589365176,127.87566726419217,PARTIAL_SHADING
24.691892812709593,4.996323598057392,24.696542569516236,595.7335431849668,114.06983235870923,PARTIAL_SHADING
27.02306356752611,4.872733213157359,20.18355724379142,477.9444117012555,120.32335122976014,PARTIAL_SHADING
24.046724767431222,3.565953887365187,28.51887982470383,571.0062154230179,75.16261741591507,PARTIAL_SHADING
27.439814200593545,5.084913338278526,23.067942831101014,409.00934437479685,131.61469669677737,PARTIAL_SHADING
25.725899191478153,3.7129635265694128,24.918568713931474,592.1169489160335,83.30858677482824,PARTIAL_SHADING
25.347450250666817,3.9854299735971663,29.916730528316783,449.35093343263566,91.68134810199552,PARTIAL_SHADING
28.626323208284823,3.7937931377555585,29.708541978677005,636.8693085989062,101.91865579006958,PARTIAL_SHADING
25.072782606650012,4.768110112021967,27.6089147296124,646.5069820491074,103.77428301391105,PARTIAL_SHADING
27.83012949759648,4.177602339854226,21.756264655680024,505.34423530346373,108.05312345350845,PARTIAL_SHADING
26.324249018520263,4.575046200406097,29.951594102001213,499.7773248893565,109.78101491886866,PARTIAL_SHADING
25.82622100807686,4.28557129265741,26.95640753445408,634.4717440237209,100.08092955075202,PARTIAL_SHADING
27.8419996447439,3.6784131176339274,22.11158037431927,525.5329102298831,87.25716902746949,PARTIAL_SHADING
25.264274893812793,4.5348025796499325,20.14961198256301,466.13657155651043,103.27239805795749,PARTIAL_SHADING
26.86574623990623,5.351503386110611,26.453456232506078,503.6839506324984,135.58216939928369,PARTIAL_SHADING
27.92441491693897,3.900017842225495,21.3084236134882,568.9529089356832,98.6673066735974,PARTIAL_SHADING
27.948368068963777,4.9776101001573725,26.252115338575152,646.595542907223,125.67175842006839,PARTIAL_SHADING
24.5655287825086,5.156547129631977,22.51853362345709,594.3255370359796,119.79630298541343,PARTIAL_SHADING
27.483977569821707,4.692060321899602,24.603861756750405,491.10246649885084,114.16523358040882,PARTIAL_SHADING
27.181863528547954,5.002546233875492,26.785170694844144,449.6025252983907,122.29891468207192,PARTIAL_SHADING
27.958200360915313,4.451408156378113,25.36623279735494,592.7840120427055,114.01502595155067,PARTIAL_SHADING
26.046724604411963,5.290825422388438,21.625670686634784,648.8791121475812,118.77526340968842,PARTIAL_SHADING
24.074749855521194,5.28003780229753,22.449535083659562,582.4249068616803,118.35752065335315,PARTIAL_SHADING
28.294931955160585,5.483188471328333,22.94039710039999,577.5608354818148,133.6648657625638,PARTIAL_SHADING
26.034046456784246,5.1959433866251805,23.676580460591083,547.7738451339035,121.79533227623568,PARTIAL_SHADING
27.229757655560224,5.445788778775389,20.55735526501402,543.4903793754074,138.84202114623955,PARTIAL_SHADING
26.406913558742136,3.6570543718831456,25.60539352416771,483.0184727059551,83.58208722792305,PARTIAL_SHADING
28.245172566417367,4.5431990259822435,29.332764123790668,601.5041261507672,117.96737689270658,PARTIAL_SHADING
24.025127516826558,4.3556469132765,21.97486281652032,627.6994777622169,90.77516026098877,PARTIAL_SHADING
25.430300258296427,4.533673535468998,22.63363618998079,452.4661693197803,104.90595402265633,PARTIAL_SHADING
24.444647613775118,3.6163355174418497,23.722452951860713,580.1661136269656,80.04453464214052,PARTIAL_SHADING
26.114382342333894,4.631503128449165,23.654514846532734,634.0365838580283,103.47058529453471,PARTIAL_SHADING
27.366957395149175,5.282565329655501,28.038847087352536,446.0102587053617,127.1607196238467,PARTIAL_SHADING
27.585239693535524,3.668541118361531,28.11861699832584,579.7267361511975,93.40139133298655,PARTIAL_SHADING
24.501206851337958,4.935521089632462,26.7981812521997,607.7306227054627,103.29029385457542,PARTIAL_SHADING
24.115553342338963,4.246014199757122,21.48788283849153,539.5961193925555,96.42892705660019,PARTIAL_SHADING
25.95739865167008,5.189900754545208,20.002408745178666,442.1286608647961,114.9187291601062,PARTIAL_SHADING
25.640735902575344,5.316379191393006,20.969521235989877,551.6024441859502,122.02309997495945,PARTIAL_SHADING
28.69234106182906,3.7450382850741875,22.12027850502229,407.3854921528733,95.99863257634607,PARTIAL_SHADING
25.389164497823273,5.239811867780642,26.04940813197755,553.5226844939255,120.15552309020504,PARTIAL_SHADING
24.459251686146004,4.39003736745071,29.995051897085165,608.8073227115037,100.86417241617762,PARTIAL_SHADING
28.116131796232498,3.706083386861965,22.274482540647995,400.7804128391024,91.73321723559955,PARTIAL_SHADING
24.543037011732462,4.445586690603166,26.771274885739018,618.6263237595192,100.91654241418324,PARTIAL_SHADING
28.692927978892527,3.6077965807875776,20.121798354165414,565.3345284590532,90.98583577708744,PARTIAL_SHADING
25.267505080528867,4.161774175387588,22.69796057892364,527.8591015753968,94.01250024395969,PARTIAL_SHADING
26.562142756883283,4.845427223000872,23.871305089711484,462.8269217855392,111.53827301232378,PARTIAL_SHADING
25.747370597663128,4.983612950492344,27.567049101114698,566.7263466710526,112.07062100165385,PARTIAL_SHADING
26.94043122927349,4.641379323153696,24.842661981097255,537.494746595966,112.43403386398786,PARTIAL_SHADING
26.82728183037054,4.931011909242257,21.0962819440344,587.406438037256,114.24037798633307,PARTIAL_SHADING
24.333139992051873,5.452159372442935,29.569917688704415,415.109136235141,118.64849540668314,PARTIAL_SHADING
24.931224691498873,4.470689794268836,28.30177242999587,637.6529436857226,101.810171619766,PARTIAL_SHADING
25.769528336059086,4.706651131289197,23.120013061084503,627.4559102080151,113.65188151898654,PARTIAL_SHADING
26.791158751398306,4.149597830760721,22.933896755829785,408.3544986762649,103.5663412519117,PARTIAL_SHADING
26.25191606519504,4.150265856800528,24.711103549977537,604.684497613663,93.96726836852895,PARTIAL_SHADING
28.288279941209137,5.295017670216708,29.467079150338883,499.3719981056569,130.57138054020282,PARTIAL_SHADING
28.868204092333492,6.665824192462806,42.11384695003432,909.3080006182678,145.70729707388782,PANEL_DEGRADATION
31.32850496162002,6.064219160964116,47.726415130661515,937.330798132081,150.3027811912701,PANEL_DEGRADATION
31.430369835477627,7.458067485658988,51.13372073977236,859.8781879677605,178.2417409485886,PANEL_DEGRADATION
27.070398316414455,6.013915174606582,42.88151944541824,818.1452954850354,119.04281598464172,PANEL_DEGRADATION
27.885216472641986,6.057040049677297,50.91164975687259,801.4801636500005,133.1503894185828,PANEL_DEGRADATION
27.760739434597582,7.8244592439992005,50.71355127507863,917.7022063464664,169.57108336052613,PANEL_DEGRADATION
27.026695709848443,7.9697431322272045,50.53399124290977,961.1191206314165,167.81689808026644,PANEL_DEGRADATION
28.72393464327268,7.787297298180961,43.49820313781431,901.2880778015965,159.2542336807207,PANEL_DEGRADATION
31.60977815066375,6.281540915542426,42.69876166876489,900.4641484630787,157.1967042263184,PANEL_DEGRADATION
30.096756529681496,6.464267825600312,40.011316510329884,936.2871044553391,159.18850983646047,PANEL_DEGRADATION
31.049565601530453,6.92041323631323,50.84520713678928,873.772581161303,163.94855465566735,PANEL_DEGRADATION
29.385648836978415,6.89524774533105,49.30228923152687,894.8184033085086,149.53576751935572,PANEL_DEGRADATION
28.29079083829239,6.075494633934866,46.998341942596554,841.3930547721861,123.37174431141808,PANEL_DEGRADATION
30.269149819138388,7.362418515643098,49.02585870709199,890.6438413409464,179.90715774982033,PANEL_DEGRADATION
31.681713766991138,7.614741879584979,47.62712178409825,854.669771646414,197.32967898905724,PANEL_DEGRADATION
28.370680835959693,6.405313843980862,45.305849365438995,810.2313027282299,148.54398772819076,PANEL_DEGRADATION
29.942167782082123,7.1139041833283505,47.86955535879664,889.4642565998972,149.92356432703852,PANEL_DEGRADATION
30.061556444201983,7.432347753912861,45.00098872748864,936.3132029728147,162.4857710259818,PANEL_DEGRADATION
28.106382955330922,6.322833975375148,44.46393711746994,952.462166370035,142.05398347103835,PANEL_DEGRADATION
28.91412103981752,7.178237471960474,48.649795797698985,843.4172194330441,149.47446983883466,PANEL_DEGRADATION
31.860479966061554,7.235114626419237,51.776988662003966,860.7960776838013,180.8070140882896,PANEL_DEGRADATION
28.11301818270619,6.522400342547826,46.14282545523549,857.5312625914528,132.04335007898746,PANEL_DEGRADATION
28.31440350994663,6.0714967889317295,48.45308345772984,888.580998275455,122.28173521960908,PANEL_DEGRADATION
27.858469965642456,6.205069076225288,47.35111369931052,816.9578654502488,136.6511782985022,PANEL_DEGRADATION
27.102554596601955,6.498751575991784,50.68800011070289,929.3356372620043,124.83519232543665,PANEL_DEGRADATION
31.105630522425898,6.98607024308041,50.16139632602595,908.1331594010708,169.89426271335537,PANEL_DEGRADATION
31.96750780197854,6.464671091848036,47.48734689713666,882.8578502103317,145.63997063806025,PANEL_DEGRADATION
27.072353207514325,6.238457155635717,47.78910088646258,902.0893558244106,129.43902825302726,PANEL_DEGRADATION
27.159283812641302,6.938605992720014,51.09547381411034,871.5665364759163,146.0451130552012,PANEL_DEGRADATION
30.89909337811572,7.567850558283775,46.231360988743255,954.4313501724205,174.6701740527309,PANEL_DEGRADATION
31.443466073923993,6.480454332791091,43.36259688388685,809.5617123558202,162.09125137043577,PANEL_DEGRADATION
29.08527618116353,6.458233227822798,42.78148333139896,962.251989421262,150.2847449313459,PANEL_DEGRADATION
29.767654426785917,7.232221600831442,45.691906846603494,870.4999777181856,174.35114407767313,PANEL_DEGRADATION
27.62806351760151,6.836893579432456,44.1347428958545,889.6671296452067,142.59614837010105,PANEL_DEGRADATION
29.594447658255408,6.279837954453988,46.15769801815932,843.6353864996979,134.20475588179752,PANEL_DEGRADATION
27.324171093930957,7.525305117512282,45.12930305027872,912.7958629961165,161.88907427053405,PANEL_DEGRADATION
30.396583326567768,6.941001438179365,44.654782347420756,867.6727837353195,163.89261900230827,PANEL_DEGRADATION
29.473971774709366,7.698264495977021,50.49642381192054,830.7008680411733,162.5382455336007,PANEL_DEGRADATION
30.15200463018,6.602451496124559,40.222848625181186,959.9556804853319,144.77449457403384,PANEL_DEGRADATION
31.646403258429046,7.4348689017565075,49.151841878937816,836.2630692427689,171.31314611514506,PANEL_DEGRADATION
29.606338769120327,6.344199705299724,43.665180312196384,857.8632460306048,135.07793458818074,PANEL_DEGRADATION
28.025914166975802,7.577103684016513,42.006350254567224,805.1223305319061,164.68629994455006,PANEL_DEGRADATION
31.87991559696225,6.662427629246243,41.42386843835503,902.6697185661556,171.7792397625643,PANEL_DEGRADATION
30.920308899142395,7.245031736825432,43.78067795929119,897.5384311897196,159.26589870463468,PANEL_DEGRADATION
30.39472712140335,7.4501920377953015,51.58037947491903,846.8715245741129,159.01411489254448,PANEL_DEGRADATION
29.728042322135753,7.413581008793629,49.48488971059585,834.8730079444659,161.19644003100095,PANEL_DEGRADATION
29.56295462633648,6.6612016199400035,50.32613783904934,885.2768276729696,156.74218474156757,PANEL_DEGRADATION
29.90309880241177,7.546180283234224,43.99207583836389,949.654991947456,165.39292892097893,PANEL_DEGRADATION
29.730494040016453,6.428014226347749,45.70631825951432,857.2715377115666,139.89192739539573,PANEL_DEGRADATION
31.83492509014019,6.3201482109734615,49.44791004948874,977.1496927069787,141.3215162724378,PANEL_DEGRADATION
30.495137070210475,6.505823611112574,40.485853891939655,872.5201242121935,161.1424027298018,PANEL_DEGRADATION
27.05882547183499,7.175771383859564,46.01675774314389,957.2091495867885,137.87481469040088,PANEL_DEGRADATION
30.407630149433253,7.360219396866555,48.0289602023474,969.6202090883066,178.77029367336598,PANEL_DEGRADATION
27.20986363121753,6.942165701409026,44.775436674416,855.8264997963444,142.457418203694,PANEL_DEGRADATION
28.920970924629888,6.86466779975733,51.75114238730371,815.9539354549246,160.944176112545,PANEL_DEGRADATION
29.401183567355133,7.247484490999082,49.962195599412325,864.883345246866,160.16519009119102,PANEL_DEGRADATION
29.04759240139357,6.749462045071519,51.10635185976274,949.2073804147421,139.80334299242315,PANEL_DEGRADATION
27.54061676238548,6.855739029705982,41.18388852079371,911.4367571488016,135.42356844450643,PANEL_DEGRADATION
29.611866319834007,6.0144398940074355,43.79915618095176,921.894330261078,135.01396304666528,PANEL_DEGRADATION
31.89134742999494,7.748207592132422,44.30884934851781,808.1875774650094,198.04513642638156,PANEL_DEGRADATION
31.556171551573357,7.641254786838074,41.53539929103718,979.6247241942118,176.27237356396193,PANEL_DEGRADATION
30.62102456404185,7.816069752671443,42.828245371968514,963.486539841872,176.42365708491735,PANEL_DEGRADATION
31.88206611192028,6.562520040760949,51.44122989709402,809.6380371606815,164.26652536150536,PANEL_DEGRADATION
29.66055566918502,6.9557541542454615,42.68193177107008,927.0072421597686,149.1420171693328,PANEL_DEGRADATION
29.76420897992384,6.506490726080502,51.46745655737627,805.1536148904175,140.20392340986285,PANEL_DEGRADATION
28.21155303193724,6.828135651535633,42.79276290244064,888.4428362483814,155.01042373582092,PANEL_DEGRADATION
30.560317107045854,7.159923961070222,41.06803813579216,924.9185795100695,157.5362467928395,PANEL_DEGRADATION
30.93183692980849,6.500113517020306,45.00458473985081,863.084636417227,161.4631375291455,PANEL_DEGRADATION
27.632722293567042,7.131289764769577,41.70473931331675,926.8632505037936,159.34209697396915,PANEL_DEGRADATION
29.173038269336267,6.9761845205299515,51.129074037793146,893.7784499568843,154.36966777850918,PANEL_DEGRADATION
29.89164551352152,7.378459472725904,41.28260050104438,947.7998949934729,165.91430701181264,PANEL_DEGRADATION
27.361742549487428,7.572365338396426,44.52339966023526,818.0661491171097,160.79293571351596,PANEL_DEGRADATION
31.400656767168208,7.775507018827973,51.49196169770768,956.1869827580039,170.97194516565222,PANEL_DEGRADATION
28.90120583206695,7.637085159811006,44.39503607198169,908.2787311483471,170.56390289443254,PANEL_DEGRADATION
28.825126520194114,7.808947854562575,46.03874014463341,883.6611570687502,184.5098492306434,PANEL_DEGRADATION
29.467501820363083,6.356796503857162,46.15683307436126,946.5230123935874,148.5857145808159,PANEL_DEGRADATION
30.942908825542354,7.4160475679958235,43.05061394880026,955.1751354512417,185.2345130908061,PANEL_DEGRADATION
27.970763483092746,6.260911273102788,51.70725962306935,956.2983134570662,141.35681416255287,PANEL_DEGRADATION
31.431881923121978,7.0833736480674565,47.756820839989594,898.1653133840555,157.21872780607734,PANEL_DEGRADATION
30.727515426763862,7.010664066671761,47.77250889748276,890.4751648955963,163.5077382012996,PANEL_DEGRADATION
27.858945547388835,6.5574274302822975,41.90623230332747,835.2199332125616,149.20768241319175,PANEL_DEGRADATION
27.76556722886099,6.538540848610415,47.08707589286302,909.8321437225956,130.43681880066038,PANEL_DEGRADATION
30.96858712892606,7.57040573582565,42.847812450446696,851.9599344815829,190.5001006260126,PANEL_DEGRADATION
31.12835722989739,7.395594066125048,40.986798658127206,875.2875345624636,176.59989270114542,PANEL_DEGRADATION
27.937056439918884,6.8964531642164495,47.21231052986428,858.9278024207719,152.92205898568255,PANEL_DEGRADATION
31.20224790819403,6.647218938868141,50.06388585390948,818.6437818985427,166.03594470231803,PANEL_DEGRADATION
27.763752158338082,6.165854305019452,47.701304853292136,884.9487258359529,138.48139104432815,PANEL_DEGRADATION
28.815945980454245,6.574304526875258,46.00881887373038,882.070313438359,140.4413753231316,PANEL_DEGRADATION
30.46870649349164,7.519123667827817,50.23580762836164,975.1141888478617,167.69942763092018,PANEL_DEGRADATION
30.580467412449806,6.788516470991491,48.124983663413296,885.6767042628596,170.0736040304719,PANEL_DEGRADATION
30.64451067895375,7.9049826008686495,50.01963459377423,962.5221820094068,193.24563792985182,PANEL_DEGRADATION
29.29579565187956,6.503576906693769,44.44384210540627,803.642521875191,145.3494325199498,PANEL_DEGRADATION
29.525289001352043,7.050500929660976,51.68837469966476,964.061720621871,149.75726686845815,PANEL_DEGRADATION
28.844412607779446,6.847912358926524,44.32639501421977,943.7292734487044,150.68800931491234,PANEL_DEGRADATION
29.860499084858127,7.706027117975851,49.6711378409843,823.798074107654,180.7871787185904,PANEL_DEGRADATION
29.177180644510177,6.589297806125001,40.600225850826234,887.7049208621812,142.78022112557062,PANEL_DEGRADATION
28.257565198382004,7.389343459193915,49.233824647787046,844.0621134252965,147.40238197895795,PANEL_DEGRADATION
31.243763502826177,6.019919482408607,51.24534992705766,912.9715773168871,138.92359906235652,PANEL_DEGRADATION
28.23238954788368,6.01801132852895,42.82565700413053,824.7910942730854,131.41304163537026,PANEL_DEGRADATION
27.832727942969008,7.057259675073238,47.08139706813365,853.6475057024446,138.32245859947264,PANEL_DEGRADATION
27.18626940307098,6.052694664387835,48.86949600563855,857.2417468665736,130.90889284617603,PANEL_DEGRADATION
29.158664119214247,6.905996201659928,46.15459123011489,928.3456621475187,147.56775685614977,PANEL_DEGRADATION
27.607936747667633,7.1121146703829226,43.92373147891287,879.6484364602468,152.68898975085136,PANEL_DEGRADATION
29.470628705706353,7.240557634201686,46.530400025363534,933.1633469484979,167.44490131266167,PANEL_DEGRADATION
29.670949459043097,7.357806041719414,50.482715227271356,877.8088318018704,163.6325537163771,PANEL_DEGRADATION
30.821228104261902,7.165107674083988,40.852081362671065,960.5801628243946,155.40195990817458,PANEL_DEGRADATION
30.741981781048715,7.517588285408626,51.43733302338316,809.7441935124177,178.3263263123351,PANEL_DEGRADATION
29.139202853135266,6.661265909719084,41.083822723588874,901.2777415408357,147.03083031328393,PANEL_DEGRADATION
27.52277229075512,7.224979014194167,48.855437443035264,938.1100941896567,160.80018934290538,PANEL_DEGRADATION
29.047353709443886,7.906145537244274,50.385152860992235,853.370282784309,165.1463958814041,PANEL_DEGRADATION
29.176946980640068,6.803797415911934,46.908631663974454,905.0095218189947,156.82577875815971,PANEL_DEGRADATION
29.549449741028052,6.2096452818815315,50.29949602663727,855.7576249733337,149.83111196068077,PANEL_DEGRADATION
27.58930054339885,7.916502344465006,41.0921416825902,841.5865048304707,154.10836098360684,PANEL_DEGRADATION
30.525565733194973,7.700597473143583,45.208852981791765,967.1339735076374,181.19661088565084,PANEL_DEGRADATION
30.150035677232616,7.69083840340154,43.56160246062207,863.7678298389726,187.52388926414383,PANEL_DEGRADATION
31.504817480193818,7.952965552401742,50.82205979730006,822.926966486005,200.15646915260447,PANEL_DEGRADATION
29.049192390547972,7.981602711891876,45.667371571945615,899.6904948503998,177.04135595170956,PANEL_DEGRADATION
28.60868514929139,6.150044177785836,50.74781476482302,944.4816462547317,126.1071536051487,PANEL_DEGRADATION
30.883841356750363,7.25169333210122,44.90972545501147,845.7238068372013,179.8775006153446,PANEL_DEGRADATION
30.500941296470266,7.095479818938274,47.31482240678157,816.3919127747926,163.80098767737022,PANEL_DEGRADATION
27.96850146392851,6.416767358017651,47.9356475474424,964.0261073301718,134.3224933793895,PANEL_DEGRADATION
28.038746365060952,7.297493874473308,50.45424455620381,934.6973842020484,164.5598448769533,PANEL_DEGRADATION
29.682773355053996,7.503752488738382,41.68077471230724,862.6894307653745,166.32434546695652,PANEL_DEGRADATION
29.55647873123017,7.858152720513647,50.49155872266609,824.2145886120533,167.3973675491132,PANEL_DEGRADATION
28.788202747944556,6.581487731781348,47.377251437875145,962.499688597618,154.50739564220862,PANEL_DEGRADATION
30.26801476267613,7.676318402802173,46.30242640276957,837.4988504348072,177.27201141907156,PANEL_DEGRADATION
29.775413007188256,7.484915128427113,42.63859587648819,866.2958687756117,165.74204819422314,PANEL_DEGRADATION
31.797197978705825,6.887889920653437,49.06112760757776,935.1460486473991,160.2899178820019,PANEL_DEGRADATION
29.85934844685866,7.788605786637296,45.70237263348339,970.1211513216583,168.77888389888042,PANEL_DEGRADATION
27.370795528870154,7.782907746289498,50.172174375546604,978.666177668092,166.48434848858858,PANEL_DEGRADATION
31.683439633335748,7.6538980501682214,50.13311599744104,902.4454826817682,180.87816494500214,PANEL_DEGRADATION
31.67279036271641,6.864234351231789,46.46583240699603,880.3005752825338,166.92223998358702,PANEL_DEGRADATION
29.352525394961635,6.095935117158952,50.58457823209238,879.9908874048385,137.89740273332728,PANEL_DEGRADATION
27.695939013789936,6.0067756959652785,42.943481123723714,926.825485784003,118.43458478684518,PANEL_DEGRADATION
31.54443720193234,6.430045138712369,42.45512337150131,832.6714330918692,142.32282147544106,PANEL_DEGRADATION
30.859027342391173,7.7500690624905175,47.36995243139439,833.8759967023752,175.59895153378682,PANEL_DEGRADATION
29.379633486824815,7.908691903246602,42.968216461812915,931.6962627055798,174.90105968865515,PANEL_DEGRADATION
28.48923674180011,6.9118318740442275,40.85448061049479,943.7637267674652,143.58808229721575,PANEL_DEGRADATION
30.62706061596485,6.1366967428963894,51.46118267398823,834.7426973730257,151.47354525886684,PANEL_DEGRADATION
31.047366048077173,7.935719848162832,45.734687931348994,930.9315128922713,183.4286645959058,PANEL_DEGRADATION
27.92184119009847,6.886151865866898,41.98898818466146,976.7680321015491,136.8125113554908,PANEL_DEGRADATION
29.946058617263102,7.252927710508112,46.45695451448865,919.19345942813,155.06570715132153,PANEL_DEGRADATION
29.775092621026456,6.574425142254723,51.28211275961268,937.1728976191506,159.87272798852825,PANEL_DEGRADATION
27.187780348700947,6.570266350361417,42.34507103966019,802.0078257161294,130.23609614794054,PANEL_DEGRADATION
30.393879917602145,6.462177844269137,46.10804134579142,959.8072606936997,153.83883408930828,PANEL_DEGRADATION
28.97314534953016,6.744937877824217,45.46882976810181,831.8674593907831,151.6631745956587,PANEL_DEGRADATION
28.820764095523028,7.704730698524087,49.078631920693795,909.8923695365888,165.1441626395012,PANEL_DEGRADATION
28.049659158367422,7.552303728211246,45.83690918789304,840.4550068719243,153.2491660134602,PANEL_DEGRADATION
27.827004522506794,7.55432239241119,42.74784622360374,894.7956074345356,158.54048722447556,PANEL_DEGRADATION
29.89805449614142,7.754309800742389,50.41296868098077,881.1936929284748,162.71464303508597,PANEL_DEGRADATION
29.132219028571516,7.212387074848281,46.693177109176744,917.240499044037,150.9637827550144,PANEL_DEGRADATION
30.232675493903663,6.365303237487544,49.00628776836099,861.0357703872824,151.10158884299943,PANEL_DEGRADATION
27.239327994530534,6.8157200511818266,48.46041426715999,840.836692939669,147.6768862561217,PANEL_DEGRADATION
30.15389866552466,7.175123544299597,44.24258625045205,886.8412646686012,166.95951608622732,PANEL_DEGRADATION
29.362310569574454,7.396626647881121,45.20436319728351,836.4091727135655,157.60294343240344,PANEL_DEGRADATION
27.029018844214704,6.6019154311173445,48.98701168574223,942.9492875907697,129.24578469672824,PANEL_DEGRADATION
31.79521998435704,7.004805586960254,51.00374498822203,927.2177507350937,175.21152116044476,PANEL_DEGRADATION
27.425218106530355,6.439982253793861,40.10577799953367,928.9029752858128,130.93261934092698,PANEL_DEGRADATION
30.933262580381733,6.6778724398740525,49.832005027586334,823.5256856746963,148.89547665242412,PANEL_DEGRADATION
28.704382697919684,6.816974777764546,44.18443373011574,937.4564658541796,139.250476537733,PANEL_DEGRADATION
28.75608509819244,7.674479999030918,40.80156492714606,969.6218313808444,180.60179490252068,PANEL_DEGRADATION
27.4428408691254,6.582545044511474,44.468807992424274,939.7504463574907,139.36866881824923,PANEL_DEGRADATION
30.221828502462838,7.515019645637012,41.41574799324431,949.9777022438473,178.21338857579036,PANEL_DEGRADATION
29.88670862598185,7.7794706695661135,48.403676246605684,836.3059932735846,174.7419803586149,PANEL_DEGRADATION
29.470214334678666,6.110435253500811,51.45565016032067,823.1439069434381,141.12459616212908,PANEL_DEGRADATION
29.5311551804544,6.051264499768845,51.09696971037234,953.330625587408,136.33282097020697,PANEL_DEGRADATION
28.144711680697228,6.243245781360189,44.36070975318552,845.9770905882963,133.68399668201164,PANEL_DEGRADATION
31.832046480617144,7.149906986459283,50.679172670681176,917.1581907492399,172.29703486536238,PANEL_DEGRADATION
31.273037813666857,6.942736220345995,50.423538046124335,852.4838185236378,155.34047098570556,PANEL_DEGRADATION
31.27657232181469,7.174830327585333,50.66910877898752,968.808897258629,158.52700142498787,PANEL_DEGRADATION
29.504846509294342,6.7499290981490585,47.5103007648414,942.8464154964182,146.11466967104076,PANEL_DEGRADATION
29.78399192186586,7.417457159809799,41.61317299402881,946.532043071228,170.71335477128324,PANEL_DEGRADATION
31.74768718556826,6.679057838261387,41.29775130804639,891.1702161866466,150.6147329529585,PANEL_DEGRADATION
31.847632616620032,6.0773699165143835,49.0420468132877,894.5184316656039,144.04646745451285,PANEL_DEGRADATION
27.329210822543274,7.244333848347216,47.02264395269146,850.5589891521679,160.21224248148135,PANEL_DEGRADATION
28.520550036714184,6.899450821184212,46.525149471023866,818.0417380717315,159.75455400219087,PANEL_DEGRADATION
28.872680762255207,6.1615584277486874,44.64749408410396,908.0364584766645,135.49599760700326,PANEL_DEGRADATION
30.47270987018637,6.110967884135821,43.41448732326467,947.4615038312184,132.13774069810538,PANEL_DEGRADATION
31.27742977347979,6.183792184154212,50.01345057870036,864.9419121941708,149.5983002677599,PANEL_DEGRADATION
27.76443557823999,6.1323374434503615,42.59125844824162,823.0136872235652,125.56548218751678,PANEL_DEGRADATION
29.5719162325551,7.177518927130019,49.47841728855691,918.1231807847046,164.08238478128487,PANEL_DEGRADATION
29.058910137428875,6.947616869920277,44.97424995268217,951.589885411049,146.89530177888523,PANEL_DEGRADATION
27.028604657709824,7.302639794452478,42.42954620366598,960.2207245357656,158.51315942234652,PANEL_DEGRADATION
27.38363685964103,6.212776810828155,45.942059106959995,909.6600792984839,124.70226352100329,PANEL_DEGRADATION
30.583988583496854,7.189832041837743,43.897889316982656,804.5668678476168,173.7200209670456,PANEL_DEGRADATION
28.073768329125414,7.668947486925257,45.04348312065106,903.8739396737178,173.2604896569842,PANEL_DEGRADATION
31.31811500459977,6.743039150487147,42.50666671257812,939.526293991147,158.80040055740528,PANEL_DEGRADATION
27.96020996779502,7.808850684634301,42.37725033089305,804.6452902744215,153.36731781548747,PANEL_DEGRADATION
30.11157678227132,7.323350121435061,43.73250046068381,857.6019780644714,163.3460604369748,PANEL_DEGRADATION
30.400792733794393,6.116267582053657,51.149396232295906,840.0537879519403,152.463002432599,PANEL_DEGRADATION
27.857613468935934,7.543092914624755,42.6809505391555,814.5524242957857,169.15503496754732,PANEL_DEGRADATION
31.29375629595446,6.807140784899203,48.428753710485125,900.2718678831051,170.9184115621084,PANEL_DEGRADATION
28.575279846593272,7.047344799997971,45.8244684544546,863.7030487262346,162.50842532900487,PANEL_DEGRADATION
27.82938962331268,6.299017279041392,46.92291442387302,918.3489613972896,126.8024236687015,PANEL_DEGRADATION
28.95358721127312,7.893127685957488,42.95940907228809,920.3049263811309,180.27200081000947,PANEL_DEGRADATION
29.2406434973258,7.875051973519166,48.83988082262549,882.4264243749616,176.9223175693334,PANEL_DEGRADATION
30.463067217125502,7.1843803608584365,50.54437100591291,864.2399592104722,161.0766799108888,PANEL_DEGRADATION
28.06919444747632,6.07556593612919,40.51616757256066,956.6099347596709,133.25824325283276,PANEL_DEGRADATION
30.30266207718243,7.229285637869772,50.19062973632926,886.4480466198129,176.22797269175078,PANEL_DEGRADATION
28.797225130911194,7.853415008678181,48.38388376097488,846.2918844843969,173.61817269188205,PANEL_DEGRADATION
29.665152807441277,6.275797643460668,47.09491486900737,856.6614122690524,131.4902553273384,PANEL_DEGRADATION
31.743280788532825,7.282980738128575,50.523027182450164,921.6900809023856,171.73353486339028,PANEL_DEGRADATION
29.563440361644055,7.351493520694354,51.523027902417255,845.6605026419054,174.95443109890513,PANEL_DEGRADATION
31.620389026471347,7.340831029317913,51.17519952881605,871.6181457459263,189.02963915026788,PANEL_DEGRADATION
30.513914385829874,6.084011534837623,50.88247398182863,887.2051056259746,140.20790420867345,PANEL_DEGRADATION
29.832333029898173,6.298769093542456,45.62999258280878,949.6028990091943,131.88399554557324,PANEL_DEGRADATION
28.364585801621857,6.004909172887689,44.98853570979818,931.0967918888723,135.55499928206214,PANEL_DEGRADATION
31.725948805635035,7.217009225941573,43.05552239983474,966.3466308446058,181.57908257497508,PANEL_DEGRADATION
29.872142415015723,7.391280431437872,51.091796260089154,928.2309251251259,164.31552556445988,PANEL_DEGRADATION
30.565141011445483,6.080556325470775,44.63698674196698,873.1381457322043,133.81803065864108,PANEL_DEGRADATION
27.11542740275885,6.266762473275485,47.85545794956466,944.4119869454637,139.09872925888905,PANEL_DEGRADATION
28.73181751554247,7.198758444522204,51.245739601781466,830.0675206408674,162.5953601734873,PANEL_DEGRADATION
30.774893665745815,6.1779510717386765,50.33499262219678,946.3589084799519,133.85014386432312,PANEL_DEGRADATION
27.455422074400257,6.098253787783705,44.016922381592344,891.6720183223867,127.89681818395594,PANEL_DEGRADATION
28.338333798847213,7.823193773120549,44.41915347846296,808.1990280737634,163.17450148956377,PANEL_DEGRADATION
29.65554711272078,6.816443645176464,43.28611022919111,823.6381849575771,161.37259285150537,PANEL_DEGRADATION
31.980726210620958,6.659084267047764,44.57945253011925,911.2467544418523,167.43376377153476,PANEL_DEGRADATION
28.960147674017957,7.8098590339636305,46.720047870747024,881.0702137530676,175.87358931376716,PANEL_DEGRADATION
31.764019241245865,7.589104588843411,40.48015756642149,859.8157839331927,182.3538913495248,PANEL_DEGRADATION
28.572587861045527,7.400375121660913,49.91522979835097,931.6421171333488,173.11659761052962,PANEL_DEGRADATION
28.362738239465145,7.749978990048843,49.19947198209383,865.1921763604663,173.23164283174717,PANEL_DEGRADATION
27.520379782091236,7.578666964681105,46.38796723104523,852.6122310876656,162.41033812958065,PANEL_DEGRADATION
30.208099993572045,6.418972445439199,40.364768977738315,878.0520656423013,148.98521429251744,PANEL_DEGRADATION
31.383026391852994,7.856433591295189,46.345662617881196,935.684627078338,185.58874720259658,PANEL_DEGRADATION
30.730410782864464,6.409603049878334,44.45277681764237,914.1610397864506,138.30800263465338,PANEL_DEGRADATION
30.612306551694772,7.671071002536333,44.789699933127416,880.6296350918896,188.36913214254844,PANEL_DEGRADATION
30.878273176630167,6.57629897806675,43.88771327873847,922.1980818303074,155.8692114445794,PANEL_DEGRADATION
27.811147855482485,6.619859818458333,50.79979932254385,923.8713986100074,150.65697285464333,PANEL_DEGRADATION
30.835062649903847,7.883948864287181,42.594262886445705,938.8672774670466,170.76123049988323,PANEL_DEGRADATION
30.35380010855767,6.9385645562404825,44.16112086304082,955.232783412756,169.01852404022162,PANEL_DEGRADATION
27.111508524493217,7.219010244898862,44.41398669185148,874.8189802700808,156.5442481222073,PANEL_DEGRADATION
28.54919885763839,7.8860976212752405,42.15560591646569,919.290036206272,175.75750930550998,PANEL_DEGRADATION
28.26097580713959,6.649501217934404,50.01758191095929,937.1249458918915,138.96627388778825,PANEL_DEGRADATION
29.66978273467467,6.123360592506191,42.50495058878355,887.4477005948718,129.04949725386342,PANEL_DEGRADATION
31.216661774459688,7.436012420215295,51.32360404778194,924.8240430735249,188.68439988587897,PANEL_DEGRADATION
29.772562778454827,7.200437222123939,51.72365265551513,915.5832464355668,150.85481467705864,PANEL_DEGRADATION
30.61901388315262,7.8109373842748315,49.54696299753192,905.089989072576,186.68037172708563,PANEL_DEGRADATION
31.95095894625836,6.181324177018677,48.00693794359887,851.0115850227069,153.4195481492326,PANEL_DEGRADATION
30.038117879419694,6.306913664216324,42.48095974888287,911.8933240477784,135.5286172877913,PANEL_DEGRADATION
28.325904375651614,7.670491095476005,43.925098072019665,887.8508281285393,176.6297116393467,PANEL_DEGRADATION
28.13574544418473,6.779252034716021,47.277493306522544,935.961007310715,154.1552060177992,PANEL_DEGRADATION
31.577364937867575,7.553280148745246,42.739970039119726,804.4656794076618,177.94307262360783,PANEL_DEGRADATION
27.707744254939115,7.420775294876596,47.9335670419086,807.9148954918619,164.5708020181701,PANEL_DEGRADATION
28.24371633145591,6.864454150982084,48.01520482546891,877.2953816334056,145.98109055497838,PANEL_DEGRADATION
27.328139976678703,6.802887098520007,49.1781747186398,964.7317406935877,139.3619783901782,PANEL_DEGRADATION
29.117929134395396,7.405254212647304,51.31326401326332,848.0709692430848,162.32673376393439,PANEL_DEGRADATION
30.979866217761504,7.219387138748077,41.32703612756745,912.9918924012078,161.57097676204395,PANEL_DEGRADATION
29.55107967039202,7.058206535320877,50.514440346699814,883.2489693222388,152.9985889241591,PANEL_DEGRADATION
28.15483174108016,7.748503753368672,42.05213025301874,876.6563409589659,157.610467027665,PANEL_DEGRADATION
30.866520200571877,6.948745279949238,44.213724286681746,864.9979353127641,172.07282573476718,PANEL_DEGRADATION
29.76886977147219,7.4357357022625274,50.764462195008214,962.3135016873156,163.67340685940567,PANEL_DEGRADATION
31.762256315731925,6.049751764029211,44.522026732193986,961.2437943515915,140.84033761746042,PANEL_DEGRADATION
28.36540725160659,6.605244570163777,47.347760618163065,878.8998996105837,147.49168067119257,PANEL_DEGRADATION
31.47455321282333,7.348398749885721,42.45360064237091,967.8827424248904,169.2421668327796,PANEL_DEGRADATION
27.749471476640792,6.179934557721921,46.760604887993985,820.4772432465173,122.89878220995054,PANEL_DEGRADATION
28.500152402977484,6.563306019368928,47.25087412398571,947.0141503050827,148.02838673235388,PANEL_DEGRADATION
28.312422273582385,6.49062099597196,51.58949836128361,801.4825234865529,148.03508434249022,PANEL_DEGRADATION
27.998642595612026,7.894568646179536,44.10768741793024,879.2633193007854,173.48203995451752,PANEL_DEGRADATION
29.9383452573663,6.635878659413645,46.645970990413886,931.5272391853196,140.07632642788627,PANEL_DEGRADATION
27.05599652627852,6.916133878145782,41.58203941364217,919.5819724636486,135.79251974160783,PANEL_DEGRADATION
29.164255533978356,6.395341873748538,46.5818030289895,820.8896226892224,131.07794326744622,PANEL_DEGRADATION
27.255658190533484,7.90851688303062,41.70743462333123,927.5260855646303,152.64327720969482,PANEL_DEGRADATION
27.54080176117591,7.017752502818669,45.57845116185212,971.2844556991765,157.20568677103506,PANEL_DEGRADATION
30.898043212712324,7.2042036602546995,45.459523808716135,864.1121361791159,181.11518197437485,PANEL_DEGRADATION
30.014544057123427,7.158145055371989,42.78281346122698,808.4056072193204,174.76259939967358,PANEL_DEGRADATION
28.56867629422327,6.885178046648917,41.37567932302848,950.6463793836725,138.34251917476578,PANEL_DEGRADATION
31.169953810495482,6.280570025575933,50.63876935157383,931.3590747205083,140.90395672674308,PANEL_DEGRADATION
29.82908996429734,6.625312628710439,42.138797186939,954.6527958939995,147.90857401247845,PANEL_DEGRADATION
28.992718571826913,6.33977334961324,44.59678811302935,956.8910323391931,136.67456856803864,PANEL_DEGRADATION
31.75801781249894,7.892617798416775,41.73878391168815,831.916025634076,201.40564171053273,PANEL_DEGRADATION
28.963804594623596,6.008747964566019,43.286461836464454,907.5732187752008,138.51748689604236,PANEL_DEGRADATION
27.666943085466297,6.221082728833471,51.06511184286798,935.2067062080648,132.66426568082986,PANEL_DEGRADATION
30.84593394997964,6.8577087226132765,49.10146896770952,866.9245384294164,154.26877139141146,PANEL_DEGRADATION
30.645067106464843,6.839344584314537,51.776525251914336,862.9073328154582,169.89694406634095,PANEL_DEGRADATION
31.664812742835398,6.483705894129493,49.57865417905616,877.9534109260217,166.3184594731282,PANEL_DEGRADATION
29.250621363176194,7.488607434674732,45.60360890996557,841.0041360283141,158.57252628959216,PANEL_DEGRADATION
29.127155971281727,7.51098931402843,47.2608578221692,923.9532721820977,160.55350165621616,PANEL_DEGRADATION
29.407176729788027,6.088790529938654,49.81038899149745,978.1805892031774,134.080303066454,PANEL_DEGRADATION
27.054818265657715,6.339585279101895,47.830322533005024,910.1742772766946,136.2772289264312,PANEL_DEGRADATION
28.26942005480534,7.5272638310942686,48.255808258284034,858.1066095884918,162.8829894722445,PANEL_DEGRADATION
27.736369042491635,6.9051290068711655,50.57436807466769,875.8144483685703,153.36182540979257,PANEL_DEGRADATION
29.951266826298472,6.383753426204714,46.97327493637476,891.0769992482715,142.9875502115467,PANEL_DEGRADATION
27.59815219758035,6.83341732769446,40.873148514875524,817.7784292517753,141.42529248074,PANEL_DEGRADATION
28.52690740984232,7.851088651724447,44.50846966456325,936.414461972978,171.02806680732888,PANEL_DEGRADATION
30.520428343211677,6.520231966030798,51.302859674059945,895.4159294445963,159.15223675687776,PANEL_DEGRADATION
28.82522846738057,6.200422698101049,48.08453977265019,801.3967367007364,135.3038344513877,PANEL_DEGRADATION
27.964009513332297,7.254751008870724,51.75303847765423,883.5925231377163,161.91204187905987,PANEL_DEGRADATION
29.538920934755605,6.991680062208048,51.16508191814533,960.1938563744027,164.0433309670615,PANEL_DEGRADATION
28.48127876658392,7.0900168314478815,42.68676679966822,879.9050056483771,153.08633895800634,PANEL_DEGRADATION
31.158200200846654,7.792056730649986,44.975440748757734,803.1868001131827,195.05776727017727,PANEL_DEGRADATION
27.871393392506803,7.243763927780787,40.29965080520957,871.9111655469015,165.21276779554586,PANEL_DEGRADATION
27.503468005519014,6.847386303999285,43.68579940227943,962.9158622098876,151.47522128587397,PANEL_DEGRADATION
28.188493801531145,6.162375574100862,47.52566072873341,860.5463681390678,135.60523911964052,PANEL_DEGRADATION
27.160598780339072,6.266798470354979,48.23646679327172,838.2267179544496,136.6633989041965,PANEL_DEGRADATION
27.292954438550677,6.4309639655711495,51.98272298182083,877.9536984656227,137.6701490966618,PANEL_DEGRADATION
27.91331524428507,7.219737469971076,48.71327282043302,856.6057944559719,161.11416428066434,PANEL_DEGRADATION
30.017087892361417,6.77824601923006,46.6917087201179,903.8169525384664,146.465885533847,PANEL_DEGRADATION
29.01366184933483,6.686861176038986,44.81083267094951,936.9999059273464,147.04132251877064,PANEL_DEGRADATION
31.701580766196322,6.587352826716872,44.988442939419144,941.6522258862275,159.8637733548588,PANEL_DEGRADATION
29.73514073212224,6.106680326010367,44.78319595262147,848.7320718359118,148.88357145117314,PANEL_DEGRADATION
28.54177535316155,7.768993069587727,48.11480482048573,861.3649536545763,169.681451766907,PANEL_DEGRADATION
31.202679399745968,7.766736596061824,41.924726500073746,861.1231654174705,179.38877300968463,PANEL_DEGRADATION
27.210223980379723,7.196475519703793,50.257840635906255,868.6833898085932,154.46185488759247,PANEL_DEGRADATION
30.1385020680037,6.751297470986001,41.69271759390757,927.678293499674,163.2976093966666,PANEL_DEGRADATION
30.42927246200746,6.035756968069636,42.594794732691895,812.5063972790357,141.13569142542988,PANEL_DEGRADATION
30.782388394202062,6.221158374137319,50.06005384712062,899.991616111187,149.90714220943434,PANEL_DEGRADATION
31.85700924304323,6.167361976495394,50.814688275733474,822.6984852777337,146.7963240789948,PANEL_DEGRADATION
31.25719348165557,7.812508473475736,46.07646008254174,906.9388348895766,191.68926437006687,PANEL_DEGRADATION
31.16379334226357,6.243022339075332,49.72083169875073,886.629707092091,146.70997348732632,PANEL_DEGRADATION
29.119498759984992,7.018423170492085,51.340606640735245,898.6766791025873,166.43752170537434,PANEL_DEGRADATION
27.901450653078204,7.448271957665266,49.74687446330496,922.2431896402752,160.60780998596888,PANEL_DEGRADATION
29.82406390543091,7.721860965157392,49.859759165974,822.0119698125079,184.6593834163121,PANEL_DEGRADATION
29.070343097202212,6.507393659991622,50.43722281616711,877.7644639340735,150.7709284135598,PANEL_DEGRADATION
28.317018059779222,6.007858642844436,45.94551031483533,818.0410861957191,134.4878018790082,PANEL_DEGRADATION
28.38037568034705,6.887291293206958,41.044402781098654,851.5986647205054,155.15511705897507,PANEL_DEGRADATION
27.7579395595116,7.294319122253915,51.00911023365401,922.3706167563896,161.4381087222988,PANEL_DEGRADATION
27.54485814651958,6.501463652004109,50.73446622688709,928.719010451256,139.10122709556487,PANEL_DEGRADATION
30.3188336806085,6.828401108609286,40.534679579411836,941.1994775727312,161.78202180015327,PANEL_DEGRADATION
29.364022320563624,7.799519230736514,44.03391597982119,852.9779139616224,184.30476804296976,PANEL_DEGRADATION
30.984938273794928,7.0299596212966895,41.5688168734942,838.7128648637095,169.62898076362436,PANEL_DEGRADATION
28.925206189202058,7.672946383331943,51.39946011198645,945.0146465494853,165.41425159824723,PANEL_DEGRADATION
30.94343214615712,6.702883346941367,42.005201053187605,806.0107768758543,154.7873416271836,PANEL_DEGRADATION
31.51779651848641,6.477973175511353,42.47815797915741,974.5677413433873,143.53262336697554,PANEL_DEGRADATION
30.928910751968772,6.6427399114817405,40.449855482435915,965.204457237725,147.25968432803896,PANEL_DEGRADATION
29.758896418628478,6.548108414859096,40.78231362621629,808.9860474194082,139.10728356330304,PANEL_DEGRADATION
27.356835069446902,7.521116231039846,45.826794427401154,861.7205764428163,154.35748139824108,PANEL_DEGRADATION
31.644733677863115,7.821503625476295,48.588117761470926,959.2428279359037,182.75048638325225,PANEL_DEGRADATION
28.905546630041414,7.227424363708456,47.48351136756717,886.7059708422214,156.28315560969486,PANEL_DEGRADATION
31.930901558043477,7.642247252235449,45.21976237465654,930.9126459031223,178.71022897769288,PANEL_DEGRADATION
27.50084663118665,6.704862051105481,44.83567360148073,802.9766824209207,147.1012473952793,PANEL_DEGRADATION
28.79596701194591,7.160836331560294,40.88755824725147,831.4994291751051,166.35716865300415,PANEL_DEGRADATION
30.043437639414005,7.900568100340971,51.985000412695804,866.934820759957,174.66303303093753,PANEL_DEGRADATION
31.29178027579548,7.997222854074908,47.55569481078949,943.125330052074,198.64871689770274,PANEL_DEGRADATION
28.776698541097733,7.148540760514175,49.99668329517056,923.8604977269899,144.5204182745596,PANEL_DEGRADATION
28.68352834448767,6.288951393189211,42.795666544936466,962.9881059484386,127.07113949672565,PANEL_DEGRADATION
28.099003559809617,6.6191387044764625,47.40260886359674,896.1383042154558,135.0653858315915,PANEL_DEGRADATION
27.82120533611577,6.473596069192237,46.03035552041987,848.8120014280166,146.55222617132748,PANEL_DEGRADATION
29.31932610714424,6.117592033089274,48.7511968700396,859.1921518776181,139.62003430053372,PANEL_DEGRADATION
28.39797185261616,7.14148748346664,49.26583005768958,967.0415735194197,148.31754040335997,PANEL_DEGRADATION
28.674284754994908,6.928532840571879,51.126098052831864,962.2496342259183,141.21224847669907,PANEL_DEGRADATION
27.659649128769054,6.991018354661277,41.27943127366508,862.2045572027655,138.80155822710188,PANEL_DEGRADATION
30.18020177565943,7.898990863478323,51.960805243532576,867.5434038494446,184.0112569363436,PANEL_DEGRADATION
31.281338267620406,6.2349241455927675,48.27477293262358,873.5918591105122,141.35046967118987,PANEL_DEGRADATION
29.01376809373721,6.151920573929834,48.34488578307167,845.4936803747215,131.6132278644997,PANEL_DEGRADATION
27.605406491207315,7.729318227779784,45.921331351392865,902.9864380015521,163.93972868524085,PANEL_DEGRADATION
29.05246557270671,6.385059830876279,48.9415929819808,822.8701277643813,132.1634637885695,PANEL_DEGRADATION
30.55072518798252,6.417674040903968,43.68127301623399,885.5409440603132,147.81744330235856,PANEL_DEGRADATION
30.542895625324995,7.246863586886722,47.73275394738239,928.5297795179823,162.7101737898024,PANEL_DEGRADATION
28.61166655900237,6.875995495791108,43.689546076402316,977.2888164147554,156.93175602890653,PANEL_DEGRADATION
27.823273441280147,6.011188311763739,40.513399218967216,843.9314211877265,119.36949421904694,PANEL_DEGRADATION
29.666690574462862,7.715990445454717,48.84100265095873,838.8096313547943,171.20386126369624,PANEL_DEGRADATION
29.539471047656388,7.620411699006671,50.069459237273975,963.7492961433996,171.32796333111276,PANEL_DEGRADATION
30.471373732179316,6.223600742467874,46.78346751944778,844.7645257048043,142.57374595243823,PANEL_DEGRADATION
30.170252541533596,6.513971875707562,40.62622069356113,801.8420941535763,138.09232035060182,PANEL_DEGRADATION
27.041748687568848,6.220710113115751,42.87386457484156,839.8198725528139,137.67295376444142,PANEL_DEGRADATION
28.530030526044715,6.254841566718798,46.5467505300131,954.4323419715515,139.43562628138002,PANEL_DEGRADATION
28.48041044567725,7.12323231958291,48.57827169040491,931.0588086261936,158.23749125752755,PANEL_DEGRADATION
31.35405212387809,7.740210916688209,46.94723871288404,877.3741464400182,188.56497420374214,PANEL_DEGRADATION
31.091060006852317,6.011304209682369,51.903964108178215,832.9208790192558,141.37509515963038,PANEL_DEGRADATION
31.360148674214333,6.450080798088399,45.7215426868046,823.8647924326123,151.18255596097075,PANEL_DEGRADATION
27.885677273965012,6.7272554975423144,44.481570601512665,978.7707421276999,153.71037671321656,PANEL_DEGRADATION
27.573931393303063,7.451937558656694,40.620945756029215,805.434562760694,146.43272160085465,PANEL_DEGRADATION
31.82742828503967,7.881727095789395,42.327133843368166,829.1010203996681,182.8393072268908,PANEL_DEGRADATION
29.57773497037571,7.13940926407082,42.65912116527337,936.1921018561901,155.66139885358783,PANEL_DEGRADATION
31.610656627647053,7.313445412913461,45.23621433164334,942.1841603065121,184.5185045576975,PANEL_DEGRADATION
28.45240802804472,6.679429087672169,51.23146184474324,829.653386905389,133.99335063464434,PANEL_DEGRADATION
29.270276613047745,7.602419800487258,49.26001727572895,965.5155132043099,170.0055042351759,PANEL_DEGRADATION
27.500323357832666,7.177377948672032,49.34074737223854,816.7990616485688,142.25564869750073,PANEL_DEGRADATION
27.061453305778354,7.18730515889362,50.64081270335085,920.7193968803779,159.06993478607578,PANEL_DEGRADATION
27.31516826249881,7.8060021703029925,49.76881944864017,856.5634736899109,174.1648880238182,PANEL_DEGRADATION
28.439688740857076,7.778609447656437,50.56898292489027,936.378370988535,169.81305792721548,PANEL_DEGRADATION
27.60001374808444,7.0639434689929965,44.281555067859216,942.5990659679633,154.2124893470848,PANEL_DEGRADATION
31.553062536863024,6.029660324863416,49.70923860187655,968.9231695624404,151.1981062451985,PANEL_DEGRADATION
27.650972299351835,6.162558209681776,40.25014287769241,913.1741406490528,132.156109713025,PANEL_DEGRADATION
31.934568571091063,6.796086348208192,43.982875418769964,912.3964868931906,173.42289034559025,PANEL_DEGRADATION
31.68386974761501,7.606248332358077,45.120087767389656,914.2845623561716,193.4604689445833,PANEL_DEGRADATION
29.453048441558696,6.433373287410785,42.03668127697448,800.0283940240502,148.96893838793153,PANEL_DEGRADATION
27.55548604422995,6.487678199391881,43.57451597827352,900.8683748246183,133.67698072935957,PANEL_DEGRADATION
30.37336996011581,6.111277318657406,41.48727033117327,889.858070635988,137.43975283534664,PANEL_DEGRADATION
28.4790668137568,6.134056158075046,50.748630096976015,924.5273455025091,124.83402575002064,PANEL_DEGRADATION
27.325229788685704,7.949745066862486,48.17407060527406,875.1420927968735,170.35235458879072,PANEL_DEGRADATION
30.781658932400795,7.559924404777559,45.734527667836694,877.3788964624727,163.20286771583085,PANEL_DEGRADATION
31.63278557570919,7.206615756777886,42.43784724627962,965.5286154958586,184.60446212770367,PANEL_DEGRADATION
31.94592082183048,7.748113126277958,51.973412653840775,844.0435138621891,198.28132149096248,PANEL_DEGRADATION
31.115141543978822,6.461880718441467,41.18125058801189,976.295692461968,147.8859596776244,PANEL_DEGRADATION
31.35445895233903,6.008254309349208,40.252297686635224,883.8568355653463,137.26634220130126,PANEL_DEGRADATION
30.449206417179823,7.131128651135908,40.9298295694059,829.2730933368291,162.1072380214756,PANEL_DEGRADATION
27.928020319777165,7.584444694487857,44.99284282663936,816.8177360316498,160.58410380923303,PANEL_DEGRADATION
27.454190905307073,6.257874610839634,42.875317984338466,954.7149869445482,139.32577284795346,PANEL_DEGRADATION
31.131288646660344,6.668154434835694,43.26935729330598,898.8480243422431,163.293555611085,PANEL_DEGRADATION
31.966863940800874,6.263141423757853,40.59150398828565,924.9840600191487,160.14378228469326,PANEL_DEGRADATION
31.231743899332116,7.356927098154321,51.44818964943025,891.9808574380256,186.0347943036156,PANEL_DEGRADATION
31.839060684957616,7.694314914006215,43.71710275910345,835.3188172106532,187.59923023535302,PANEL_DEGRADATION
29.265073751900943,7.755516684385466,41.20038005280585,846.3932110360734,179.3519523834447,PANEL_DEGRADATION
27.47493322488656,6.6415288280434,44.645864728647794,912.0668833812842,131.1955339331326,PANEL_DEGRADATION
31.303022451748546,6.895084470932549,51.004260542566676,884.2165844541076,158.2095519964247,PANEL_DEGRADATION
27.709144143438376,6.00749018942257,46.385889819818026,819.2882054468462,124.34864190622089,PANEL_DEGRADATION
29.946358806185433,6.551371793805401,42.102691508393384,939.4498920696815,159.62289586835553,PANEL_DEGRADATION
27.50220208930983,6.311180648770016,51.520151887032625,806.8011599262044,141.8626335052919,PANEL_DEGRADATION
27.023222415424943,7.747337311302663,43.687902171853,968.9459944719133,154.51321804572652,PANEL_DEGRADATION
30.27153160767028,6.1600651395318735,42.90795773744487,939.2622823662651,142.36260299174043,PANEL_DEGRADATION
31.63984530893522,6.857502816682708,50.43774838976708,880.8119787460828,177.37536829284954,PANEL_DEGRADATION
31.799171906994385,6.658273411112161,50.63108404500164,952.5700473588169,153.56212866447973,PANEL_DEGRADATION
30.12145200391635,6.14536463117963,50.04052864700154,831.4182590306294,131.14811227926518,PANEL_DEGRADATION
29.001095477694058,7.153844277199287,50.25900350271725,975.3636545939125,156.17027021657208,PANEL_DEGRADATION
27.302234614926352,7.498231158051741,46.782079074687246,880.6204420720034,150.90049245577262,PANEL_DEGRADATION
29.511992639217677,6.677359208914062,49.08414241296832,897.9008653686753,158.6787467048504,PANEL_DEGRADATION
29.71771957324721,6.47652482667986,50.21310258678574,900.2994280874079,139.50450653348597,PANEL_DEGRADATION
30.11753904978111,6.715433529884855,50.132867347504785,881.5939529563777,159.20756711211322,PANEL_DEGRADATION
27.477681038181185,6.792048692604692,51.79889723766878,945.5228521058867,134.22278868847985,PANEL_DEGRADATION
28.388820247386274,6.659631617712722,47.80438672594535,936.259056708138,149.34593720948516,PANEL_DEGRADATION
29.549370281532013,7.621641075676303,45.2449369930897,822.2985017532011,172.90475762671906,PANEL_DEGRADATION
31.761506923005534,7.585987302785023,46.94440777230691,916.4250188628374,195.56509222806406,PANEL_DEGRADATION
29.141713972174802,6.662788277885275,51.726898780005385,955.41976403186,143.44240281210827,PANEL_DEGRADATION
29.318902986804613,6.830156258015598,41.78914814405721,972.4074782863867,149.89264027127768,PANEL_DEGRADATION
31.37664541318954,6.37871245536133,46.57444972764664,804.3130493223686,158.45418808587436,PANEL_DEGRADATION
29.904569491231392,7.251179166939505,40.62065059065584,837.9868994375507,153.7245529164315,PANEL_DEGRADATION
28.44457157901906,7.2548780153643015,46.7942318118085,910.1869678904102,158.05467201883653,PANEL_DEGRADATION
28.365143978379297,6.4890149946888505,41.64471620243898,952.8327574826286,142.45973056862272,PANEL_DEGRADATION
27.932555062520297,6.3544187596424795,50.47642721831364,933.6915554773975,138.29142310740798,PANEL_DEGRADATION
29.034320537696498,6.5239511285570355,51.753409157353886,943.503123504104,139.4524494745563,PANEL_DEGRADATION
31.237823981392474,7.517863897229363,43.56496659853598,876.7795137634952,169.6295513886823,PANEL_DEGRADATION
27.555262221890548,7.445524065679393,43.2101422882464,947.6106858343256,168.12584998326565,PANEL_DEGRADATION
27.383099069648242,6.9460702501674,49.62475071172963,942.011161377422,150.49007560183654,PANEL_DEGRADATION
28.744974676509553,6.907706511370105,47.139620288097646,975.3093050431863,146.79790111962262,PANEL_DEGRADATION
31.61571943858429,6.538713836360988,51.868893585684454,920.6474636289665,156.20669231833605,PANEL_DEGRADATION
30.066952140318023,6.545062338080413,43.2900862901376,820.4398178918289,140.44632926353447,PANEL_DEGRADATION
28.738358707344556,7.525710955792743,47.29565401117795,818.4652208595837,173.51186289924917,PANEL_DEGRADATION
30.006838134950332,7.921711153569559,48.04222560893449,831.5314754667526,179.9083626059575,PANEL_DEGRADATION
30.24248798773602,6.056529402099955,40.1789231698577,823.2925401077422,133.74668176705555,PANEL_DEGRADATION
29.147745617603377,6.974880947519576,41.65633130725476,921.2104842408495,156.85497010162675,PANEL_DEGRADATION
28.4723204942058,6.027319766870584,40.93177498423949,870.5050595919511,123.29910358600736,PANEL_DEGRADATION
28.884098030739853,7.256365209020711,46.566849134551404,841.611658964731,155.3630525919205,PANEL_DEGRADATION
30.070155992243254,7.721710056086898,49.03856126486653,899.6120048300147,172.62974704494596,PANEL_DEGRADATION
28.825256387709025,7.758834620528792,40.47092291248656,977.836875995647,174.38581698835088,PANEL_DEGRADATION
30.405688495361954,6.0759956746094845,47.26635129869527,887.2600508162805,131.66643501015884,PANEL_DEGRADATION
28.389610053846795,7.780628912427303,46.599860990391434,874.4149835313036,156.54887738622338,PANEL_DEGRADATION
30.570607637011527,7.405701646792065,47.36852328367076,891.8472763197169,170.26264755520214,PANEL_DEGRADATION
29.966355464939962,6.466790903456813,51.295108770131776,905.9830152524413,142.88688291947923,PANEL_DEGRADATION
29.248399254425784,7.611369577753784,41.93939272876357,852.7104120428469,173.98694320327536,PANEL_DEGRADATION
28.57744603241112,7.585003363722932,41.56544184612833,937.2835106818295,153.50992732220493,PANEL_DEGRADATION
27.062963063337474,7.796447037664324,46.97607060318758,863.3288414756261,153.58562622850698,PANEL_DEGRADATION
30.08442891630408,7.018004367073477,51.89917330635982,976.9788775976742,163.88178806451694,PANEL_DEGRADATION
29.214352530529453,6.982281938269324,48.189748794842345,818.2834179623686,150.82537506969211,PANEL_DEGRADATION
27.376361205018018,6.146721519033839,42.350070902730806,887.3455858267808,133.63934345869845,PANEL_DEGRADATION
29.427479455829364,6.6709532211217395,40.988235884041096,899.0531941729633,143.80684402984542,PANEL_DEGRADATION
30.074670889585736,7.954375478264836,41.3357718577306,838.1825717699492,181.03879490709497,PANEL_DEGRADATION
31.84306907672965,7.543619552539991,50.778750317953964,860.0686727256427,196.74434427511088,PANEL_DEGRADATION
27.514164080320786,6.105945812092202,50.26723152464834,966.9076766372575,119.42619721073669,PANEL_DEGRADATION
27.567137133729208,6.066348315511547,41.25409075171269,837.6955670240505,136.52962474344199,PANEL_DEGRADATION
30.339301111198402,7.557106051037084,49.31367284429827,896.3132749602587,182.43565709124357,PANEL_DEGRADATION
29.97903766194985,6.629092195206715,46.73332130522081,896.0315455042124,158.7514182016995,PANEL_DEGRADATION
31.908636086908295,6.822085130841861,49.16068814129632,817.957340726864,172.67080046696162,PANEL_DEGRADATION
28.85708455996616,6.078780325779373,44.35895414274613,909.9156951658961,125.30131925990901,PANEL_DEGRADATION
31.620172462151274,6.155344826545678,51.16008063799799,927.2847532284236,143.94389243699592,PANEL_DEGRADATION
28.953751738545467,7.481618729465488,47.21765321057449,920.8957258618901,161.75079610554087,PANEL_DEGRADATION
29.439067409037996,7.979734968075787,42.56707444599661,875.2141135739837,172.6676397001307,PANEL_DEGRADATION
30.82555755219925,7.528025251331441,43.50934553196875,814.650256993937,162.7572649114806,PANEL_DEGRADATION
29.137252666212426,6.820675188671542,51.860678543678354,884.5643736255823,145.23015464676723,PANEL_DEGRADATION
31.456147205157336,6.982135899307157,47.19010762252694,817.2203678770783,163.83380822289834,PANEL_DEGRADATION
31.721118372368935,7.179010768350851,44.13402226170954,912.6200925136868,184.2873157135684,PANEL_DEGRADATION
28.36995300236295,7.010233436941348,51.50428784694107,831.0313057937215,156.3912059895669,PANEL_DEGRADATION
30.07240504101491,7.35935026228127,44.214635568010834,856.4982872270776,173.09032244344013,PANEL_DEGRADATION
28.077716425522727,6.83930948971801,42.258095752635015,801.4948714021994,156.77640367115356,PANEL_DEGRADATION
29.158514893282096,7.938699228839651,41.683882237213915,905.7260203023475,167.61906847363105,PANEL_DEGRADATION
30.950370634816373,7.56740597752195,41.35128578847174,964.1716015177501,169.42001286794277,PANEL_DEGRADATION
30.0648867079468,7.971267240175408,50.58875841719637,972.1815071410105,177.61134370205374,PANEL_DEGRADATION
27.527878211097317,6.3766937465789,46.00593874091936,942.781342089198,126.03869389682379,PANEL_DEGRADATION
30.298657661303785,6.647155208079024,44.09442486870584,919.1451914284268,152.26635130027105,PANEL_DEGRADATION
31.06016646512997,6.3118370193256546,49.47937923720446,811.5623446503357,141.7979309044633,PANEL_DEGRADATION
30.280748572515826,7.709851313022142,43.03215553287219,858.8944890492044,178.46959804263042,PANEL_DEGRADATION
28.05786403244651,7.622312523175012,49.283639740069134,826.1525081538407,161.60974433756678,PANEL_DEGRADATION
30.874138833273108,6.67465906220683,47.59728187261278,809.0383618623631,159.30426230761407,PANEL_DEGRADATION
27.763264900003033,7.661166650228902,44.26539356296574,850.6796952910752,170.35204865683824,PANEL_DEGRADATION
27.25072011535905,6.79321759866869,44.440042486900374,851.2640673649191,149.83813327656907,PANEL_DEGRADATION
30.754641967583613,6.127846328383877,48.57624939321945,894.9138439631829,152.29508122464384,PANEL_DEGRADATION
28.56472808674179,7.148323999219166,46.00906329689183,888.120963120969,154.10880754344151,PANEL_DEGRADATION
28.028147377661405,7.511419844984785,45.416032392871465,972.532929500469,153.960824489282,PANEL_DEGRADATION
30.413719198135205,7.881434159278217,47.96149987619311,956.829123371131,191.5946400292622,PANEL_DEGRADATION
28.80058857744502,7.200247879878993,41.875136077736265,896.394658885208,150.8939143768412,PANEL_DEGRADATION
30.71868407476223,7.056116843784249,44.93472835157993,848.3834773100559,177.70493856791663,PANEL_DEGRADATION
27.358552604424663,6.08712136114484,42.607088805926374,974.7930425530076,136.1436524010468,PANEL_DEGRADATION
30.27463867386068,7.76021333441281,42.56754077008954,974.9675769517922,168.4818228507524,PANEL_DEGRADATION
27.505625940908292,6.224423078494546,46.87753507927078,940.5753921292494,127.37776025656527,PANEL_DEGRADATION
31.889479938930634,6.868840276236659,41.805382609278595,883.8740146735046,171.17928211415835,PANEL_DEGRADATION
31.161128902521895,6.917536579913186,47.12328191259001,848.1220481885936,167.59869059429673,PANEL_DEGRADATION
31.929859719751718,6.098107145175588,50.63836804846201,901.2108504981541,142.1885811920421,PANEL_DEGRADATION
31.77444855004629,6.966708606117798,43.98028302008063,832.6695730887513,161.44785738130128,PANEL_DEGRADATION
31.16424520795721,7.228820018634332,50.95894743385979,841.7543213884014,160.97132594835898,PANEL_DEGRADATION
27.03043765487795,7.015724075231987,51.97968316458386,925.093748387355,139.76466800209465,PANEL_DEGRADATION
31.384292915130857,7.56344453197592,40.18498199291847,947.034886497384,174.72179653440023,PANEL_DEGRADATION
27.748367322918007,6.452661679474149,45.62295765250167,876.476226872242,131.54263971073524,PANEL_DEGRADATION
27.861091611035164,7.524461579284338,51.881317404819,940.0024844755443,154.19261629880123,PANEL_DEGRADATION
28.224044807060668,6.4353317521318765,41.640340893868434,899.2394989446142,140.33690786263298,PANEL_DEGRADATION
30.527513303315686,7.360426741867336,43.50799973540059,859.4559809714324,175.66285967960113,PANEL_DEGRADATION
28.74723820391814,6.425246379238626,44.492033844360876,848.9751483640359,131.2531105958056,PANEL_DEGRADATION
31.150694511383268,7.706222778314073,42.63700360200255,811.6589959145363,189.32096890772385,PANEL_DEGRADATION
28.057643129317068,6.78687097887372,40.7696230268486,840.7285252565183,151.41499984762083,PANEL_DEGRADATION
31.021982234576008,6.41416964977542,44.030966141280274,824.1629154368738,141.05724653112944,PANEL_DEGRADATION
31.960858572242046,7.311187902489678,46.505158110379824,937.789730072954,187.126575116853,PANEL_DEGRADATION
31.03357384022364,6.033078898579753,42.24169477828598,917.8829543812096,139.5019201552423,PANEL_DEGRADATION
31.912413255305534,7.3308095852765085,51.47858690475048,836.2603666962428,188.01476690011373,PANEL_DEGRADATION
28.606761529076127,7.979129616475614,41.892264064877764,892.9411673908987,181.49662400717077,PANEL_DEGRADATION
29.16321240302018,6.936168120375293,51.83626954606889,876.5554670542076,156.25973389210375,PANEL_DEGRADATION
27.272698303375755,7.68442016042052,47.77801658775452,872.7236185153065,147.10905838332408,PANEL_DEGRADATION
29.95834410296752,6.025315656968324,40.01444336690822,910.8977411868839,130.45023786357282,PANEL_DEGRADATION
27.959437748590478,7.306543131665487,40.644366255272494,856.4130010654202,146.66402298448486,PANEL_DEGRADATION
29.90088184898267,7.323530309454791,48.65363024318852,845.9416190453418,155.63127957922075,PANEL_DEGRADATION
27.39341828470949,6.852303096901448,51.350132908752585,839.1912261644644,137.1786979158895,PANEL_DEGRADATION
27.504444010529294,7.211140547787861,48.1584744873661,915.7276174689368,159.33231254879314,PANEL_DEGRADATION
29.43212917513036,6.268914081534129,43.47286156845295,919.2373952158433,142.73031382656015,PANEL_DEGRADATION
29.655015648714812,7.365928837377375,47.64869020447959,958.6384801036913,168.26661495193122,PANEL_DEGRADATION
30.89300679350278,6.4974143119329355,48.13819101506881,962.3949413088817,149.79838418667842,PANEL_DEGRADATION
30.895520936693234,7.44957860239087,40.71431436246187,904.671495732333,164.70673215990132,PANEL_DEGRADATION
31.836595861152958,7.622815005401312,41.316685614965444,821.9153595765821,187.19148590473486,PANEL_DEGRADATION
28.724445870865917,6.069811718146219,46.499698093996635,869.8121179434524,124.1611310676344,PANEL_DEGRADATION
31.009601961279913,7.830153530557612,49.07912720816956,948.0360158029299,176.27488850377117,PANEL_DEGRADATION
28.317864754593003,6.4170550805983755,49.18076117638677,970.6250742082095,142.83351495521887,PANEL_DEGRADATION
31.40733382439778,7.277398189766345,44.65191880670559,876.6370906874549,162.0604612182805,PANEL_DEGRADATION
27.15728597623013,7.390951208378155,45.26114670413417,899.3987122498334,153.93465270882658,PANEL_DEGRADATION
28.386879066666506,6.951785021658981,45.649122660012424,869.9168998210142,157.57183497386347,PANEL_DEGRADATION
29.25582001843798,7.207289049011976,50.74624144456991,955.922052114606,170.12861888043136,PANEL_DEGRADATION
28.35002498232507,6.069964976616125,43.13280159874395,850.1673222117275,139.23688736532318,PANEL_DEGRADATION
30.246213664189852,6.163407919204458,41.624543152133214,828.0217025975555,144.59659495288162,PANEL_DEGRADATION
30.677070127535014,7.719287821130792,51.287638609674914,836.3068203295595,174.56627944040775,PANEL_DEGRADATION
28.201614403724154,6.717523134932275,50.97598128908499,903.5202620490851,149.39310947017552,PANEL_DEGRADATION
29.45059618063391,6.057715826672249,40.77034583197377,896.8261456282195,140.2704637831819,PANEL_DEGRADATION
28.076652637643658,7.443819147984608,49.72798928180215,874.14154610518,165.01823979059571,PANEL_DEGRADATION
29.0201497516423,7.35670125891004,49.16796459183452,978.5467912954599,158.29355516623897,PANEL_DEGRADATION
29.055203902873057,6.331240118820343,42.448876700821685,924.811100467708,149.01229742031796,PANEL_DEGRADATION
28.973024758306202,6.359688893671082,43.42119399259593,881.9093068654649,135.4082041049617,PANEL_DEGRADATION
28.16789541560933,7.471968977514159,40.09413905488748,897.0614949205669,167.37640625681894,PANEL_DEGRADATION
28.33114143158734,7.206583021224034,48.026801267423416,917.9044453529162,153.84303901856143,PANEL_DEGRADATION
28.732889939378897,7.671848146055627,49.10135148399837,857.8259312145043,157.02913441591576,PANEL_DEGRADATION
27.359037727227346,6.188551955797872,46.99443233430451,809.2991916492182,125.36450348517866,PANEL_DEGRADATION
30.765998509571148,6.588696333030756,49.15969692616156,934.18406687727,147.87520499785944,PANEL_DEGRADATION
30.644110900463726,7.495553276544202,44.76944710800432,837.8756870734733,175.15416470929324,PANEL_DEGRADATION
31.606987940000984,7.279233464864124,42.075069971527135,922.8962464520336,172.84688118284512,PANEL_DEGRADATION
29.957643986776866,7.468128070046216,46.17936821817334,946.5171154231955,175.99719476755658,PANEL_DEGRADATION
30.07536670009255,6.301585631664703,50.03138933093882,968.4630053575669,135.7807057643504,PANEL_DEGRADATION
29.441205647167152,6.517777483941009,49.05427968910678,929.893334480846,137.5680133298207,PANEL_DEGRADATION
31.385136356308188,6.361946127956005,49.56710830777729,882.2564647330408,147.63493970140144,PANEL_DEGRADATION
27.791196313371067,6.335228512293259,47.9426866564108,899.0774698304817,125.82388105023406,PANEL_DEGRADATION
27.563489302191627,6.144621149545583,48.92520816848253,928.1387753412721,119.74459471801856,PANEL_DEGRADATION
29.801350377984864,6.16935231048538,50.8449492473073,963.2811354524239,144.10335852577433,PANEL_DEGRADATION
31.63094460719725,7.622906060827381,49.94246291112459,902.5474131025879,177.63943250675044,PANEL_DEGRADATION
28.088995575582107,6.654400044077859,47.541945161068746,831.0781764498319,136.6420509876159,PANEL_DEGRADATION
29.34030431397732,6.466100197049231,47.06372403659274,966.1716851221394,149.83320687331073,PANEL_DEGRADATION
30.332133070744565,7.165442951967558,45.85537491108478,833.5814947342387,175.47532309127274,PANEL_DEGRADATION
28.24268001006418,6.182617755156322,49.000182150744344,831.6107961796099,130.02216256946468,PANEL_DEGRADATION
27.141424641454897,6.274135885080896,42.078443569118946,809.7938229950321,132.6208641206329,PANEL_DEGRADATION
31.185038979015587,6.7466308127318815,50.49491772061841,838.4023834208227,155.4909823908471,PANEL_DEGRADATION
27.75368496515584,7.241118390837997,45.038435090443684,910.3910024315418,159.04605119787743,PANEL_DEGRADATION
29.72851508016474,7.255260709803576,51.223003772732,853.8315757295918,160.27777687871838,PANEL_DEGRADATION
30.588516808546686,7.222611034110773,42.14239485447658,867.7065158018883,167.05334714041527,PANEL_DEGRADATION
29.096949189841947,6.356549616644082,51.09316110141115,937.2173771049156,140.1529103896489,PANEL_DEGRADATION
30.400305141534183,7.794565344271044,41.634089708338855,845.067149127256,181.30164931128922,PANEL_DEGRADATION
30.995051856761794,6.072509790883055,51.808217802356324,881.8831885188315,139.86607060351454,PANEL_DEGRADATION
28.46362218919886,6.348713415301743,49.49888690716033,971.9745496542973,135.46500521833315,PANEL_DEGRADATION
31.762103473767283,7.647595230870069,45.77261352971582,921.3247122427039,182.7117102980099,PANEL_DEGRADATION
29.793617041062763,6.116092674037008,48.3551617036064,809.5084360071446,145.42112359806163,PANEL_DEGRADATION
31.124734647302787,6.474154575112429,43.8839533724296,886.6358681404928,155.4822035122278,PANEL_DEGRADATION
28.436768308709983,7.18497280926385,43.57344487875159,809.9883297927909,143.08415564834297,PANEL_DEGRADATION
27.505755289592145,7.584501400328037,51.53717574860005,876.8539158706194,158.8667852953463,PANEL_DEGRADATION
27.73424084536713,7.102062705360314,41.73585882408372,910.0185796157893,159.93813303388512,PANEL_DEGRADATION
27.978492696515197,7.529127436114204,40.282029073819885,867.5895034378918,150.2570950035026,PANEL_DEGRADATION
28.762377207978496,6.347073839277767,44.479659881474646,875.1541050993554,134.37485152945231,PANEL_DEGRADATION
30.283109747365646,7.83770410251782,44.807144489263266,834.6217681655039,173.85576478985317,PANEL_DEGRADATION
31.270004117481847,7.143279446540296,45.46013238768349,826.9346098716068,168.41395544092575,PANEL_DEGRADATION
28.392460016786934,7.886326255706699,50.60884131298877,815.1024575290757,170.62074453577574,PANEL_DEGRADATION
28.125291727573362,6.821554179048581,50.522175979017476,894.9526135799381,141.99537432964965,PANEL_DEGRADATION
28.039441770524984,7.600649718812979,47.49421618437216,884.2517828767216,154.74456166235453,PANEL_DEGRADATION
28.671231870785657,7.919686853477037,46.24107925127001,872.1258706237855,173.15476449591253,PANEL_DEGRADATION
30.894942529498042,6.680217873005738,42.1444734511913,905.2885013010286,160.94403674829672,PANEL_DEGRADATION
30.563590014792748,7.76397518153226,44.45408944826936,813.5638813212005,193.39582203994408,PANEL_DEGRADATION
29.175059637187374,7.246515019346263,47.995663877539506,898.3724675662166,153.19965974438517,PANEL_DEGRADATION
30.775715250580706,7.607503948608163,46.635707032209275,887.9410089052715,167.08957476176968,PANEL_DEGRADATION
27.41975830749892,6.6791296911270575,43.73015386620872,971.6581611733889,145.4196170274662,PANEL_DEGRADATION
30.2996214762953,7.03529617803521,42.008410368719815,976.1222009931711,158.81031538192025,PANEL_DEGRADATION
27.534628012236222,6.987597791431492,50.487976139357,959.7123803199192,134.93381638230855,PANEL_DEGRADATION
31.431478723757,6.542968434999717,40.46766836762108,952.6022486653173,165.2776612826978,PANEL_DEGRADATION
29.98115539921175,7.148867514592717,49.757443271457035,941.5357194878504,172.92521195162232,PANEL_DEGRADATION
29.763737237983516,7.935294185465617,51.95376197120006,820.9780297997538,189.4066460521014,PANEL_DEGRADATION
29.499111288742945,6.7751326765996644,47.35686771859258,810.0738003071613,152.04885715367317,PANEL_DEGRADATION
31.354452850133335,6.426923032277937,45.1166787372331,969.1065597886776,151.42218305569872,PANEL_DEGRADATION
28.791838161661993,6.881073296246757,46.233433198210676,913.7584419436644,157.71899480644876,PANEL_DEGRADATION
29.260511028821572,7.63496187018028,46.40464793622497,860.926491866236,174.02059386724164,PANEL_DEGRADATION
30.588611273717458,7.1160979512589755,40.67937967761668,830.5789175289485,159.82223160336443,PANEL_DEGRADATION
28.413128029757466,7.346841600493741,40.220183940083594,936.0227198689136,152.76945124890565,PANEL_DEGRADATION
28.550109231080512,7.0558196558878485,42.59110721126749,959.204836443595,143.0747430511536,PANEL_DEGRADATION
29.221911811505326,7.69884453890978,47.39012673305483,852.6193128516741,168.8417304326922,PANEL_DEGRADATION
30.533471901712574,7.946521486727798,50.7176646205532,861.6379055088278,198.90813935230813,PANEL_DEGRADATION
27.017523317655293,6.05525951161683,49.88608618205433,835.9032836299493,115.71168906620109,PANEL_DEGRADATION
28.18574036618251,6.85220030796172,48.76679524520085,912.380394779217,140.7011751811982,PANEL_DEGRADATION
29.516352240502922,7.852428210797138,49.78009332380509,858.1741612697228,189.562254516996,PANEL_DEGRADATION
30.543102002175655,6.124898711333564,40.421928559463666,830.3134308218054,147.29088143101114,PANEL_DEGRADATION
27.91869462921214,7.022973538417667,41.119121442169984,965.759508409435,145.34351344461567,PANEL_DEGRADATION
31.540660282803152,7.889751283821089,40.07354376776417,883.5443336957718,174.92984858555624,PANEL_DEGRADATION
31.54346383151453,7.036815089469152,40.89932815238196,819.8498110897821,165.59095929433403,PANEL_DEGRADATION
31.701170964364447,7.385818303136162,50.41142639426959,865.9621963411963,165.11152406565975,PANEL_DEGRADATION
31.87158818602207,6.034345981324739,51.37181983697307,866.361936292846,134.85980853895163,PANEL_DEGRADATION
30.445786158622543,7.961080608062709,51.58750867405111,828.9686620164354,174.9386811688198,PANEL_DEGRADATION
29.8276945730983,7.274609652856649,48.873014963990386,832.5890648849866,176.86018372733378,PANEL_DEGRADATION
30.19369628144619,7.69409383774111,46.48078858341006,874.5698325661789,189.86068339490635,PANEL_DEGRADATION
29.91060685409918,7.733747165598357,51.43950875639548,921.5638328615587,177.1624796474741,PANEL_DEGRADATION
27.017554254553254,6.080039281478012,42.41021459261339,833.4815177340791,120.00929355784316,PANEL_DEGRADATION
28.524673188488304,6.720130987101457,45.046452280826514,817.7959409220827,135.1571188445469,PANEL_DEGRADATION
30.369722245365118,7.074669649686156,45.32973042664143,914.1991894103035,171.73882836474024,PANEL_DEGRADATION
29.138464545581023,7.282238930103959,51.4428666860219,951.1324092550809,159.3826227481235,PANEL_DEGRADATION
30.223584189073716,6.354141843831879,46.72626621874108,976.6390924049197,146.37623416058364,PANEL_DEGRADATION
31.638191495950736,6.814669841006522,51.98613792621558,904.2596063409604,152.01628343072764,PANEL_DEGRADATION
29.93377398345694,6.549145391359193,40.38977586443074,947.7535948450394,143.71495222240262,PANEL_DEGRADATION
30.98274277023249,6.576435165911734,42.33191624648529,975.308403338797,151.47168797216673,PANEL_DEGRADATION
30.006881057215804,7.219962985628943,46.72568178608202,964.6452338338186,169.18800266668788,PANEL_DEGRADATION
29.01866502052465,7.724760769048548,42.172754789391576,897.9626163698751,182.48287224152577,PANEL_DEGRADATION
30.126988149402063,7.633936900949752,47.84272870654232,951.0867554368202,187.0577203445803,PANEL_DEGRADATION
28.364608637663686,6.3393221625134375,45.80788900399048,926.3352368283588,130.77089084314733,PANEL_DEGRADATION
27.020507252150836,6.685870231673411,51.62631202561346,925.0941429090524,135.1591264665038,PANEL_DEGRADATION
27.962880486734203,6.712179347509494,42.03807319961498,819.1350478363313,151.80688869222178,PANEL_DEGRADATION
31.988251691877366,6.328228879191581,40.65427070653936,859.3515992863182,152.9146682518599,PANEL_DEGRADATION
28.02410623537927,6.602849823597117,42.41044882829989,939.3669023178412,145.34983764349337,PANEL_DEGRADATION
30.174757578804908,6.774435714158409,50.90849129577083,974.5158574763036,147.35124714067112,PANEL_DEGRADATION
28.11506320705939,7.0512620560007395,41.09500683138695,878.5607117881603,152.61325716709925,PANEL_DEGRADATION
29.610367855686665,6.661817166156052,46.50934967292648,972.5841717665926,142.95785073412534,PANEL_DEGRADATION
30.274156791970018,6.0867933883121035,40.796996853777216,899.3290803602453,131.31126526244174,PANEL_DEGRADATION
27.111733942134286,6.343025995296045,46.77819005199489,926.6013718134078,124.55774238678038,PANEL_DEGRADATION
30.341297186040872,6.3649526621984585,47.36148911957508,874.1527423812438,150.3361277612048,PANEL_DEGRADATION
31.97526376239624,7.875633930465124,40.051381094033246,959.378977585215,178.2871196630916,PANEL_DEGRADATION
31.765232930799225,6.563651358199369,44.584417964935255,816.494876931631,148.75614935627658,PANEL_DEGRADATION
30.6337028261466,7.8886644714965835,47.328981939451715,928.853002794826,191.25772404648237,PANEL_DEGRADATION
28.314071372764708,6.090459261840429,40.02247292703002,863.1168709317234,125.70872485446912,PANEL_DEGRADATION
27.31158862524593,6.359056584987334,41.493986779215376,964.6781085111267,124.49648102134498,PANEL_DEGRADATION
29.688242319938396,7.186211910224329,46.5218734925036,817.8301581588778,157.50392304270292,PANEL_DEGRADATION
27.256351662315765,6.791339828192632,42.263187175259105,901.0938559911883,144.96425682325838,PANEL_DEGRADATION
29.66059930102353,6.868473393222791,44.64800105028031,951.5045182574606,147.96896540391518,PANEL_DEGRADATION
30.671091697644343,7.514964649480238,45.030400087248815,853.5141078606151,174.35925428397596,PANEL_DEGRADATION
27.466069629463494,6.09186006445818,41.339238393422704,833.6861056632007,127.24664764971098,PANEL_DEGRADATION
31.24568318080561,6.4712846639993735,51.22194412896134,971.8834236083006,164.8066252751765,PANEL_DEGRADATION
31.18781367338162,6.727650081595441,40.872206932031474,902.387371717969,160.94123965301236,PANEL_DEGRADATION
31.249878835547978,7.99198210189221,46.09788767872177,862.1367255871612,180.395370853988,PANEL_DEGRADATION
27.023999124086853,7.0182273849777586,46.66622400043115,948.4889263671315,144.246202176371,PANEL_DEGRADATION
31.582341743330282,7.256166953142871,50.084034858653,826.6943122653945,183.93847269070386,PANEL_DEGRADATION
30.375719272219243,6.3404660648766615,42.27716269775213,966.7701114279598,135.56189885638673,PANEL_DEGRADATION
29.31267471647853,6.626950579868203,47.98092927998114,951.1332897624186,144.37812441371614,PANEL_DEGRADATION
29.134510436614185,7.963835569002828,49.40699811615043,961.4967435677224,174.63203762513524,PANEL_DEGRADATION
28.170381019920576,6.823726930772903,48.593103013978165,819.6974728704763,140.79786670093114,PANEL_DEGRADATION
27.23317950230795,6.864695476676263,49.92934883175536,804.4394638936419,146.01324301996814,PANEL_DEGRADATION
31.662479372568697,6.473855723022364,48.32361808873178,975.5183421980361,167.1543635010201,PANEL_DEGRADATION
28.174645965145718,6.200662106424137,41.77939045475099,926.3664203267856,137.50595790154273,PANEL_DEGRADATION
30.371182808140993,6.672156775484476,42.037323277097464,904.5369965514055,153.61054092710341,PANEL_DEGRADATION
30.644170735611517,6.882720157371243,44.06367633623762,852.8261439246226,152.992954031359,PANEL_DEGRADATION
28.328731880933308,6.189660877688203,44.16228413114668,806.5825662253325,126.66408417594171,PANEL_DEGRADATION
30.733852223097145,6.650937977353245,48.01884420372812,929.0391516075099,157.34219938543401,PANEL_DEGRADATION
31.79348870682699,6.0428797332462265,48.86383180705771,972.5815959092735,154.36655488585072,PANEL_DEGRADATION
27.839463459025065,6.653640612503464,42.06942207851758,908.2355054866467,145.49420232939173,PANEL_DEGRADATION
28.585368846815292,7.079013147968591,48.29104684085434,875.8411669899887,162.38718202771466,PANEL_DEGRADATION
30.857749676439084,6.129331087701141,47.45350358908995,842.3585991727549,145.04985929310925,PANEL_DEGRADATION
31.78444221316483,7.758124009104501,44.85419683738158,852.4724945019836,179.5475382124386,PANEL_DEGRADATION
29.6625743487826,6.228496906516113,46.59130009753898,800.2400551083425,136.5071495143813,PANEL_DEGRADATION
28.099671569152907,7.942437579921564,48.72690783483975,862.9376084832028,158.71245993351607,PANEL_DEGRADATION
29.58400297345312,6.426895762652085,46.43715455078029,950.3652237522007,147.14323299995968,PANEL_DEGRADATION
30.16894209772501,7.082060578125623,51.12718759157691,967.7424831957086,162.70649945472738,PANEL_DEGRADATION
28.52879743571752,6.919174011758888,42.23869494634739,914.5419767572561,150.02292969351944,PANEL_DEGRADATION
27.5165023890664,6.39529556223923,45.75558347439432,959.7660183293945,135.14386800293389,PANEL_DEGRADATION
30.407675001042353,6.67805709948782,46.85693671653081,880.5283680748521,158.20641475477458,PANEL_DEGRADATION
27.25287783039505,6.9866004324779185,43.5519115017276,858.7133110300236,155.23909196621213,PANEL_DEGRADATION
27.913474063556915,6.622490505157193,46.11871090877046,955.3448506669322,138.64261350233048,PANEL_DEGRADATION
30.719326404440856,7.7127481964296045,43.720196269862186,870.6950330369677,175.9887828236517,PANEL_DEGRADATION
31.164279043089607,6.088693723907202,43.70105306594416,922.2935403671233,145.69995669053546,PANEL_DEGRADATION
29.18144679646847,7.0798964544427685,42.37101502993982,877.5289918894418,157.0594532145784,PANEL_DEGRADATION
31.505945609773008,6.5216703256079525,50.41394202597919,915.9634521486768,144.33150845579354,PANEL_DEGRADATION
30.62315668449697,6.07110375509811,51.968573521765755,957.0746037844156,136.77518119847016,PANEL_DEGRADATION
28.287056150983528,6.762882164211218,44.274003583773315,867.0208073093686,141.21785309529406,PANEL_DEGRADATION
30.105667034241655,6.328527327441248,50.151775509352156,946.2324471256368,144.260984657249,PANEL_DEGRADATION
31.263649826392736,6.494290140060587,40.210785468447604,911.4574265053682,153.28125703377998,PANEL_DEGRADATION
29.835822731479354,7.798678818036806,51.639106882791324,914.2015651560085,184.20965357172778,PANEL_DEGRADATION
27.419042167435823,6.321431169783011,48.79845765943572,877.6457821498403,130.60508160954004,PANEL_DEGRADATION
28.543038408177182,7.214712766955488,42.22198054499443,912.8449302765011,148.4457206870658,PANEL_DEGRADATION
27.31913017354857,6.660715377398122,42.773684104118175,960.0184949401398,128.57541761205957,PANEL_DEGRADATION
27.883068462870614,7.097439211166099,45.77280629016968,808.2533633074463,138.7010976588267,PANEL_DEGRADATION
31.940339709805748,7.317669400717676,44.384873570818684,884.6778045793834,171.08624684404177,PANEL_DEGRADATION
28.72436891846605,7.298088934536428,50.59374158640845,833.1434041546133,167.88319957845118,PANEL_DEGRADATION
27.607783147591345,6.429984447176782,40.44610345659575,825.34613517674,143.80282751450312,PANEL_DEGRADATION
29.297193733091895,6.155331723556707,51.516722056467536,958.218615396557,142.5651474330685,PANEL_DEGRADATION
31.66736395973779,6.440258841671528,50.036431516121034,924.1984153437751,164.04828706741625,PANEL_DEGRADATION
30.98455782871315,6.69299012635365,49.29278244420706,847.2421345372802,153.34272482455754,PANEL_DEGRADATION
27.53952858611488,7.870153231960938,43.49204036080338,893.7120437308613,161.8963289664605,PANEL_DEGRADATION
31.799640602917506,6.670098341876965,49.34254985707227,953.9749078336124,159.56211941317687,PANEL_DEGRADATION
28.890859072264657,7.4954916418652555,50.95475176367481,935.8877119530028,157.4879731352981,PANEL_DEGRADATION
31.441538737188527,6.775163334873666,46.91475294133521,949.6584114726879,153.93094999068805,PANEL_DEGRADATION
30.922550678387765,7.192325595821355,50.7200997019313,830.9546723318377,166.91095952608902,PANEL_DEGRADATION
31.164215464334188,6.03846340691352,41.34641640118772,978.3017382962123,138.0606652013176,PANEL_DEGRADATION
31.877715968619768,6.365063102017348,44.33313331608802,935.5165000106427,158.0484502181033,PANEL_DEGRADATION
29.905611999645277,7.059798351610015,50.121285323976885,842.2907413100107,158.999451680509,PANEL_DEGRADATION
27.777261460782288,7.191883191461409,43.00653309125584,860.0915715818095,151.13663090244836,PANEL_DEGRADATION
27.13385292851564,6.183875871841675,48.231150648498634,877.2145965291513,134.86728988790108,PANEL_DEGRADATION
30.473360018220998,6.016201883294645,47.40054796920562,816.8704758907489,145.51430189285685,PANEL_DEGRADATION
31.957538441392508,7.062397588483023,48.19335400232956,842.7165489610553,169.83952117760555,PANEL_DEGRADATION
31.28047666118192,6.334845895492503,43.18642726736515,880.1780615514854,155.6463518000715,PANEL_DEGRADATION
28.87941977397837,7.855464559566007,41.13348461522463,866.7447555580726,178.10298793689466,PANEL_DEGRADATION
28.12993382830746,7.312826268459346,41.97060349872815,810.0764512751035,146.9838106028792,PANEL_DEGRADATION
31.649923915670673,7.103501765879103,49.55614930575579,859.8778101629092,173.3670616134754,PANEL_DEGRADATION
29.474760668524958,7.891475918804588,48.970895632649324,931.4976736693842,164.1133637386602,PANEL_DEGRADATION
29.748348345018456,6.93398290780363,51.13410719927433,846.3215578741158,151.07134981264684,PANEL_DEGRADATION
29.0567312444075,6.486739426812752,41.55020701370499,954.3346723971441,144.56551677894467,PANEL_DEGRADATION
31.306813594782835,7.662269530807392,43.38450825747606,898.5927399783693,170.31235466565394,PANEL_DEGRADATION
31.576259420153793,6.808525430130306,44.724114206668254,854.4959667112316,162.37588395623033,PANEL_DEGRADATION
28.25879693272724,6.749704545593609,49.599364583018584,950.1659906453309,140.4792893170488,PANEL_DEGRADATION
29.34507215276394,7.747639552560105,40.632079981956366,960.0460931592413,165.12844910349716,PANEL_DEGRADATION
30.39269622107188,7.1651033927692005,46.63528897827103,954.6848404555078,155.0910525809279,PANEL_DEGRADATION
28.73514012662818,7.076505492689531,49.73546624735248,838.9597550141009,161.93361605592693,PANEL_DEGRADATION
28.998192412469677,6.377827712867391,49.10783728532179,816.3618022654186,140.88630022728088,PANEL_DEGRADATION
27.319378919309443,6.712835710315575,47.21292158807671,900.1007974676984,137.27854692150729,PANEL_DEGRADATION
29.14523996986058,6.453539106701533,45.47059106108924,971.5858740297501,150.85835934137117,PANEL_DEGRADATION
27.72616434538172,6.059561574641842,51.202291752599564,894.8149549785346,128.44923271598125,PANEL_DEGRADATION
30.90358997853261,6.629377947742653,45.78289082603202,974.3593243664128,159.9346039866537,PANEL_DEGRADATION
27.76872515997893,6.266453495968706,42.451177099996066,938.0081013957291,127.97587419714876,PANEL_DEGRADATION
27.106944233375398,7.888348727011324,42.03656099673893,801.7204735066523,155.76499476053945,PANEL_DEGRADATION
28.17514393559067,6.8440105016914465,51.04467797800044,958.2532852002377,145.55409771639873,PANEL_DEGRADATION
29.054499524959034,7.110018172949703,42.92144814366119,809.3932985539453,167.88738118438712,PANEL_DEGRADATION
27.933494924385865,6.396801458491433,45.669523946247374,888.4904020712595,125.47478480901327,PANEL_DEGRADATION
27.739773693869854,6.7563096371214835,48.20476832212647,841.1153222297485,140.7066382140104,PANEL_DEGRADATION
29.786725323582335,7.777184989246584,43.91284602792548,824.040487855427,175.76100401726404,PANEL_DEGRADATION
30.733608008420312,6.219719514105467,45.096201900363525,803.2013254272471,134.57789334251768,PANEL_DEGRADATION
29.41476681608333,6.596394596301859,50.14128758806495,908.3877751027618,146.3912564662931,PANEL_DEGRADATION
29.03967685527148,6.994490960379126,40.485265974551936,960.7028041557188,166.51520184614455,PANEL_DEGRADATION
27.907435624293495,6.240765929549239,41.72292956138314,918.9848704821861,135.73852527627784,PANEL_DEGRADATION
31.239620811392054,7.5036527768525065,45.396276080432074,910.3139650817574,183.44888904807505,PANEL_DEGRADATION
29.563682351426127,6.951301968903273,47.74116934771184,900.3454188156177,159.73434566403793,PANEL_DEGRADATION
30.06427386981682,7.4383931210273095,47.71364210539451,893.5536475587081,174.83733890015137,PANEL_DEGRADATION
29.24740982592714,6.483342451945202,40.01701864160699,900.7935464862518,146.17475591897465,PANEL_DEGRADATION
31.86024482387857,6.7229566681885515,44.72959891393974,836.3239246415942,151.74950336054906,PANEL_DEGRADATION
30.864022464308704,6.49936212867865,47.306858332360456,923.7991463981866,151.76093040432113,PANEL_DEGRADATION
31.38176056513596,6.887589681959458,43.41890347650118,961.282794133092,173.64798863315076,PANEL_DEGRADATION
27.820199735382065,6.0519220367078415,41.079826676195445,851.578531739687,137.49939779156907,PANEL_DEGRADATION
29.792580765804125,6.746523464058537,50.66459313535296,881.5645396661299,148.30085909455858,PANEL_DEGRADATION
31.706097643728288,7.699035332385356,50.12402050503329,892.2112537490384,193.99928885472465,PANEL_DEGRADATION
27.89676679632276,7.146445915112487,51.80615107417055,852.3725174932331,158.55762494208898,PANEL_DEGRADATION
29.452392036040337,6.079611366444174,49.156232773788005,830.3424459905802,138.9098986087656,PANEL_DEGRADATION
27.428320970234864,7.893734794991929,43.50068664616433,840.7636445019311,154.91347218209336,PANEL_DEGRADATION
31.73001096669524,7.4238074848826106,48.89993066461706,889.892821048444,178.30932746653312,PANEL_DEGRADATION
27.550106214957385,7.119682191167984,42.96299794130549,975.8861599040731,156.05333145081266,PANEL_DEGRADATION
29.064960300964437,6.302682517383066,49.42398029366541,821.9696780746369,132.3930748201744,PANEL_DEGRADATION
28.05760258872114,7.113781276546189,49.444679847884395,856.5766781704446,141.74492074544855,PANEL_DEGRADATION
29.322692317622096,7.496220482319871,42.65996611704866,839.5864186470874,178.85168148942,PANEL_DEGRADATION
31.77076863559589,7.980931464123152,49.691915218897364,833.8731504502302,183.94224137916012,PANEL_DEGRADATION
28.70112620761196,6.636265062666982,51.47833298893611,942.0333169187048,149.87588199579125,PANEL_DEGRADATION
27.92981612029066,7.819051118724659,49.934444554074084,829.4555314390262,175.69929039450656,PANEL_DEGRADATION
28.361237681852355,6.161739491664212,47.88186767817052,917.6848386891795,124.31896694724914,PANEL_DEGRADATION
28.59425904468291,7.985628924511078,48.14112000410484,931.4135299885993,165.6743837118582,PANEL_DEGRADATION
27.39391035501957,6.5538033794818755,42.98678062231831,842.2179381346496,129.8267331059214,PANEL_DEGRADATION
29.873778453277023,6.656206951683643,49.84414018057036,833.1105352125292,150.2789473025919,PANEL_DEGRADATION
27.0682891821304,6.963364644910384,40.670058650517696,975.9902321370759,149.82235817965926,PANEL_DEGRADATION
29.45055738318228,6.173174716358701,47.10934528948497,936.577475126338,131.4231715875087,PANEL_DEGRADATION
29.841041703937453,7.6284217967657355,49.2189733317558,944.5385632160875,183.36834480283585,PANEL_DEGRADATION
31.68841051079735,6.811042310407072,46.82522923027453,942.31871468821,169.13750806115297,PANEL_DEGRADATION
31.977601141321895,6.027355302209289,44.261598583789485,850.5850267286364,140.9853169404448,PANEL_DEGRADATION
28.11264891249443,7.418247681630458,41.01711367930386,933.4895901098009,163.33600642414672,PANEL_DEGRADATION
28.25402066250448,6.505667566330322,47.54632702413403,937.190798987062,148.000837693855,PANEL_DEGRADATION
31.26069781927238,7.9297659883277065,46.976618744038134,963.5580010412648,197.5736972533278,PANEL_DEGRADATION
31.473338121570066,6.023253202570733,51.59083590238973,885.2354293123661,150.85788567964127,PANEL_DEGRADATION
27.636020596688905,6.791882191627948,43.25752795625189,852.4985786901686,134.1666356977386,PANEL_DEGRADATION
31.028819162715035,6.018484629162156,43.75006548382243,831.3938977789547,143.9226430606802,PANEL_DEGRADATION
28.271262013072718,6.517996909056199,45.860057727943826,917.4840270813667,131.6727661307311,PANEL_DEGRADATION
27.877557262327482,6.494349489189036,51.68497856941553,871.4874499897256,139.7460341408085,PANEL_DEGRADATION
28.20771406357989,6.980919050314975,40.8894300926315,806.2535862660188,148.91716064773027,PANEL_DEGRADATION
28.99329643759206,6.273760639383656,48.251217147048806,978.7226283618676,135.9639378723017,PANEL_DEGRADATION
30.12279317958697,7.925951884728971,49.9784196693625,883.4394001944835,188.2555004197191,PANEL_DEGRADATION
27.64067520125262,7.024207710927598,43.34872332615924,829.009463821309,145.83937990155354,PANEL_DEGRADATION
27.655072772168072,7.397970216348972,45.47488052864003,895.6060338616395,146.80765435838242,PANEL_DEGRADATION
27.69885830546747,7.166830870520248,51.820116973953354,817.3251049827907,145.7656924407333,PANEL_DEGRADATION
31.347295582689437,6.144544024510473,50.51062865640341,894.3714770074553,144.26697504060274,PANEL_DEGRADATION
28.54840282175728,6.594234316255684,43.669630989393745,959.2645545728352,148.12935644829733,PANEL_DEGRADATION
30.348615039155753,7.597498297904002,43.08537595604974,911.2477061747161,174.13097854774733,PANEL_DEGRADATION
30.912208176000966,6.618512220946571,47.71814340243875,958.7982341271164,153.08823167744765,PANEL_DEGRADATION
27.33311043683731,7.032101644683586,44.15166985368431,921.0005684984915,156.48212215585872,PANEL_DEGRADATION
29.428041589984236,6.932380460311068,47.85501760229752,818.6295506468422,149.01049195708302,PANEL_DEGRADATION
31.594896627501992,7.3398852267275325,40.161328527801,836.8325850606236,181.33427479254507,PANEL_DEGRADATION
30.82199601281287,7.679719145348084,43.50612164058454,967.5851473299613,181.39917810031233,PANEL_DEGRADATION
30.482695111939464,7.193477725559816,41.47288065609545,973.3606386892784,156.72686036532698,PANEL_DEGRADATION
28.27440978205592,7.62725576044596,47.42316353801321,950.8668497677443,164.30591041665275,PANEL_DEGRADATION
28.884966176833174,7.843690999095569,40.43502781017754,954.1034396635482,164.87074528100894,PANEL_DEGRADATION
31.24368163876984,6.278393226833771,46.962627564286485,959.859425422065,148.4588346563244,PANEL_DEGRADATION
30.732833369016966,7.609343235711117,48.837930504601346,966.5593526374278,176.23909463395674,PANEL_DEGRADATION
27.86562719582578,6.09562212740496,42.95751843565006,825.7755506984436,130.27350283336838,PANEL_DEGRADATION
27.92472668605866,6.077867414578742,40.43187794642402,949.6825097056751,130.85185411504276,PANEL_DEGRADATION
28.79042650946689,7.788456085480494,40.842359336892564,976.4579730910086,173.54623359638714,PANEL_DEGRADATION
27.917321269844244,7.358138197953937,49.16057511740275,877.2817010067395,165.033193142429,PANEL_DEGRADATION
27.75366203648235,6.5576751671552165,41.121908339007874,837.9580113093234,132.61347317196748,PANEL_DEGRADATION
31.58816595460855,6.156219377502312,45.12898144225251,895.8317637008444,157.0961544864509,PANEL_DEGRADATION
31.988481093306067,7.506776229839671,51.64949188682836,941.6782038564572,195.84656337950415,PANEL_DEGRADATION
30.536353629722274,6.159526850902142,44.82304224391212,916.3875110844447,139.57861895152752,PANEL_DEGRADATION
28.366919590568894,7.154798534266182,51.20202252042922,806.2967372329076,160.80645869269932,PANEL_DEGRADATION
30.613636390223135,7.927906850776575,51.16853466799052,937.2018611679547,185.04795372752176,PANEL_DEGRADATION
28.021337766167598,7.090471436651149,49.184223927035845,961.2204582748208,157.90757034741432,PANEL_DEGRADATION
27.97633467595527,7.199372628456119,43.98608151437628,801.6570201303157,145.82766996790315,PANEL_DEGRADATION
27.566103249667247,7.685438247078937,43.10207502577374,851.24563439976,172.70469014129677,PANEL_DEGRADATION
28.89543361524426,6.01917128028879,43.40615378015364,821.4739245083263,123.89433169278897,PANEL_DEGRADATION
27.38743645067875,7.186518940350755,42.2721726835583,865.0237029273819,158.13374498959755,PANEL_DEGRADATION
29.12169069898138,7.831382700103275,45.975256640747276,871.790590671156,180.18049673321,PANEL_DEGRADATION
27.36587549384001,6.178956765964835,47.82368456707553,887.6493283830647,134.40319380018593,PANEL_DEGRADATION
31.581354186717657,6.776733755343095,47.156920319015754,890.1253930031558,175.02283271371815,PANEL_DEGRADATION
31.155422036782976,7.823475416554707,43.05208105093125,939.054756169267,178.38546532323687,PANEL_DEGRADATION
28.04371266714195,7.888532319311102,40.2316530006144,973.7699666594174,158.8190465083829,PANEL_DEGRADATION
31.09719040896634,6.551845106136206,44.20842792916873,839.0163880379573,156.93617735454654,PANEL_DEGRADATION
28.740477737539372,7.314786078989327,40.187767815304795,811.5874790327072,149.67552955662475,PANEL_DEGRADATION
29.094968426551155,7.629592345319952,50.65813492454059,844.0659332109622,170.68794427392112,PANEL_DEGRADATION
30.841824963463004,6.577658859839217,44.90809284083528,894.3153564834286,145.2903009653133,PANEL_DEGRADATION
27.1299114686289,6.305611618636567,47.5222434550424,813.2512870760627,123.64365792694619,PANEL_DEGRADATION
28.689269428476518,6.155740128612733,42.300391253939615,964.028562017032,124.03157670606971,PANEL_DEGRADATION
30.267159620871812,6.76881786183037,48.071784873188456,905.9645096654128,148.90568377189646,PANEL_DEGRADATION
31.236047437866944,6.983880765218713,49.87043222696166,873.0822565138794,178.48114190279716,PANEL_DEGRADATION
30.85244679250648,7.931900410225147,46.171917746918304,885.2644038123261,193.48780072987768,PANEL_DEGRADATION
31.40145631506715,7.928291591731116,43.894622872389995,943.766823291675,180.56500833268126,PANEL_DEGRADATION
29.727871733727227,6.359696296818399,44.16876834100407,967.6445060971627,135.65655810137022,PANEL_DEGRADATION
30.16200447567598,7.185908545854806,41.44886023250784,858.6762278783862,166.36155232739597,PANEL_DEGRADATION
27.93589304494245,7.601247312825631,51.665878114417,838.656691993245,153.40617993000413,PANEL_DEGRADATION
29.274675358987224,7.495530554280064,43.379207322823014,803.5783835655104,167.851611199904,PANEL_DEGRADATION
31.783002838836538,6.782553710813891,45.041614650197204,974.4023090805268,168.8673278846451,PANEL_DEGRADATION
30.595859614210624,7.125404010742136,51.695310530358896,923.9959671966001,176.02040362861874,PANEL_DEGRADATION
30.496894328666105,7.470231649680792,43.48493106570696,854.6261656424874,180.8786465848423,PANEL_DEGRADATION
28.483531445849497,7.1255401416030635,42.99222773088042,947.0570085456325,144.763672443055,PANEL_DEGRADATION
31.147233198808323,7.205459601015203,42.24291441792493,897.5663693911013,164.70924144647094,PANEL_DEGRADATION
28.61733667365248,6.7030560831937605,40.75983096366785,977.4731031922552,135.0024192276909,PANEL_DEGRADATION
30.312484365921392,6.742455295514861,47.752123491360386,864.124685555765,159.59058450696386,PANEL_DEGRADATION
30.646177547341804,7.381105280799289,41.36754377629783,918.2407822378432,165.94193556458296,PANEL_DEGRADATION
27.14400685284667,6.829661343777908,45.202517233645615,884.0913440034403,145.44866845132134,PANEL_DEGRADATION
28.544219045712296,6.630561026207845,40.72662707489513,923.6278188786133,145.38122760937654,PANEL_DEGRADATION
28.74712556346894,7.41037795783471,46.44829299072253,884.4640902566971,162.19006199292693,PANEL_DEGRADATION
30.181740626335284,7.320005209149199,43.46749382968861,825.3338054104075,158.803981154074,PANEL_DEGRADATION
30.19695442951501,7.7457465715342515,44.91395534014662,830.5136288593033,184.9647027349654,PANEL_DEGRADATION
31.162447372097244,7.761164886241933,47.2819771469648,954.9311406898553,169.7472102930355,PANEL_DEGRADATION
27.53617900884762,6.1851521341041975,48.551256211056796,812.5247210378442,129.36544240734582,PANEL_DEGRADATION
29.363534493181447,6.621407047116482,50.4448620393052,830.6779763383993,144.32297243634898,PANEL_DEGRADATION
30.870857500114646,6.060844628786569,48.07540480295643,946.9515907450827,151.90409541668353,PANEL_DEGRADATION
31.381483202457424,6.638768233667371,47.03636969587543,813.9128287670839,152.28085857139828,PANEL_DEGRADATION
27.471111893737536,6.630374580307928,50.50224656150475,862.4900311413727,139.78218151561387,PANEL_DEGRADATION
29.166904240574702,6.917833048597471,51.6348646220387,853.3078042874944,156.42940639330058,PANEL_DEGRADATION
29.100313347897234,6.122292362095372,45.87196997949083,946.4017992281194,126.82370518916318,PANEL_DEGRADATION
27.347959236981545,6.307263040786533,49.172801336671675,930.3191691460529,132.43878295009085,PANEL_DEGRADATION
29.341132020463164,7.776651629405244,49.20037388600179,946.1496052343249,181.99104294608404,PANEL_DEGRADATION
30.21358577372779,6.916029248631892,50.376133031027805,966.6813351685851,146.86756574706857,PANEL_DEGRADATION
27.257774366331258,7.917486593816875,43.32592736613034,957.2064991368953,161.1379920519255,PANEL_DEGRADATION
27.59550028804678,6.1608864004186685,41.87809478896548,844.9807750761256,128.97544111609653,PANEL_DEGRADATION
30.507489502828918,7.9727971529706,45.29808091947005,893.2732896217598,185.4915673761759,PANEL_DEGRADATION
29.69717177743968,7.0354813142089245,40.10529706074301,800.3104679797714,148.7024245231939,PANEL_DEGRADATION
27.507783017145893,7.409793817909592,42.458992390191995,961.0485388560103,165.3919055227494,PANEL_DEGRADATION
31.879466689479493,7.878162609774041,43.26265986302229,891.7598320466323,181.09403179753824,PANEL_DEGRADATION
31.031048275862165,7.776863410288192,50.21546607157018,878.0060507654302,190.89732311520527,PANEL_DEGRADATION
27.487895847881347,6.080489541238501,49.03883697170513,876.5639493791631,136.96542040131504,PANEL_DEGRADATION
27.48627107927766,7.711255363070467,45.7597967863479,948.8870351906978,169.15073240292543,PANEL_DEGRADATION
31.57996000681039,6.595700022572205,51.39759224154403,827.3000528643717,147.85317236416697,PANEL_DEGRADATION
29.158077586861747,7.6566459372836855,45.681053567601346,949.2716019554925,175.82573230111896,PANEL_DEGRADATION
28.047141930694668,7.897763249798928,40.72937402355284,961.6903473578831,163.14924152567275,PANEL_DEGRADATION
29.500740415821998,6.844703745401469,42.06201468300299,864.4664359523048,146.021647092555,PANEL_DEGRADATION
28.019432377302618,6.3741136720527605,45.86820856415913,943.6276461520367,137.21343359563724,PANEL_DEGRADATION
31.46603294275421,7.273088977153448,48.27208138759126,920.1693013508606,172.54201206444904,PANEL_DEGRADATION
30.446694111000415,6.139415492937922,50.31821766298796,940.0061858199051,136.34818428685463,PANEL_DEGRADATION
30.84016227127041,6.0252852028000365,42.606958869770565,811.7247029607613,147.47242565693756,PANEL_DEGRADATION
30.779370755891936,7.627272047603661,40.053780319906345,890.2218908021134,184.19014823629453,PANEL_DEGRADATION
27.777005643695077,7.299581455025249,41.009321191716225,832.6386540987763,153.50909757581204,PANEL_DEGRADATION
30.26782576340551,6.291738253907792,42.22267996997125,836.8003460718194,138.76096866500114,PANEL_DEGRADATION
28.132769242631458,6.790298216995273,47.845475810040675,878.8457209642046,151.509030494206,PANEL_DEGRADATION
30.596342529743076,6.253053828098151,40.586099479848926,958.029481519929,135.75720283097465,PANEL_DEGRADATION
27.741695903598565,6.044266551116236,47.540036383583846,904.8267013685028,137.23261142560338,PANEL_DEGRADATION
31.43466198158586,6.82168635496182,44.45903009095042,853.4333661703973,154.027992626015,PANEL_DEGRADATION
27.690418283010047,6.264567416019211,41.36937708624134,843.2921676329967,127.81162586358589,PANEL_DEGRADATION
31.80789485519458,7.1569465020037715,51.85114929415937,867.0440506086212,171.854482943506,PANEL_DEGRADATION
28.622893295826394,6.365775301793105,41.71797649333095,970.1142556054098,149.1212817255971,PANEL_DEGRADATION
27.224547482543656,6.3006917494635335,45.08228910761227,833.5400257419933,127.56355769550916,PANEL_DEGRADATION
27.645481749298167,6.91302351344358,43.26033539403111,863.3429100365589,135.9426404063204,PANEL_DEGRADATION
29.140640253550707,7.96651522192314,43.94599656257429,957.7572694716383,185.99432424793872,PANEL_DEGRADATION
31.760292091486054,7.580219024534189,47.91516192470578,954.1851999609423,170.71035379057756,PANEL_DEGRADATION
29.31415328599404,7.978512477230118,49.23520181553678,973.1735680467002,185.59955467882898,PANEL_DEGRADATION
31.37440983721072,7.413059264606382,49.12602405300688,894.1720417711101,188.60139606865738,PANEL_DEGRADATION
31.125194553116806,7.687769931331264,48.07610921155663,854.8243904757048,168.5214083056712,PANEL_DEGRADATION
31.678275647047723,7.172240697610993,43.57771565377768,826.8443194125568,181.65949191645353,PANEL_DEGRADATION
31.182600972237893,7.629015936261063,47.74099230360144,865.8827697665376,175.20511883277166,PANEL_DEGRADATION
27.04277385059085,7.667215117376481,41.04919236992371,913.5358996473382,157.68189029626654,PANEL_DEGRADATION
29.633446794631755,7.853425690615547,40.379380135254905,939.210600433179,164.36051218580263,PANEL_DEGRADATION
27.190768029676885,6.859635396282764,40.7569020921156,942.0459112327242,142.4159422395887,PANEL_DEGRADATION
27.145193913298872,6.081001372963839,47.35202235687375,945.1001271785128,124.22107922966322,PANEL_DEGRADATION
29.77290335767812,7.599658908099803,47.32607408850183,840.4568427785875,175.03012298066352,PANEL_DEGRADATION
30.14139729532607,7.468213961762253,47.45049025068161,974.4635834824469,162.9008915869371,PANEL_DEGRADATION
31.75545339783538,7.0766789807000325,48.063473685938945,817.9030875413941,167.56911161238594,PANEL_DEGRADATION
30.846895732315865,7.413822030197981,40.48167265798492,898.386967429504,162.50801336047343,PANEL_DEGRADATION
31.979282145890814,7.79459317706659,40.25296792514244,954.5569242024735,201.98769497160637,PANEL_DEGRADATION
28.767741112817276,7.439003310095532,45.30524495449335,917.9418472237419,158.54181153401518,PANEL_DEGRADATION
28.612796183166342,6.848867777715158,41.746813103830014,949.6050135983688,145.37560122190249,PANEL_DEGRADATION
29.000747769529227,7.788109225404289,45.95948576875806,897.9657036831553,184.02696762386827,PANEL_DEGRADATION
31.433631915724945,6.338933417776879,45.67858035901726,974.8333209371382,148.38252273481098,PANEL_DEGRADATION
28.857865542581,6.390060463578308,41.371877369429505,933.2548623360767,146.12201211470074,PANEL_DEGRADATION
31.845064817515,7.546836421810726,42.92022992840319,807.2209840919328,196.65020678891858,PANEL_DEGRADATION
28.702253477718028,6.623943084864841,50.871462516992594,905.3179817380975,137.9876762977878,PANEL_DEGRADATION
31.445481213581196,7.986721710109487,41.04014273380997,955.2052930944477,187.57160430433922,PANEL_DEGRADATION
29.620362232533523,7.8296319515299615,51.680550349301406,847.1895038735839,168.26520776753767,PANEL_DEGRADATION
27.40258279295756,7.123595705324276,40.163252745408016,874.1416935697886,138.36243531074913,PANEL_DEGRADATION
29.02612891464667,6.0798643785312185,50.02260712730523,837.7530189089418,130.48503975688692,PANEL_DEGRADATION
31.35023998303196,7.49253212266441,42.6284603397047,812.9418953583493,184.59765987325628,PANEL_DEGRADATION
28.953512753440545,7.532159998236443,45.34353726850252,862.2804343350098,164.46574330071326,PANEL_DEGRADATION
30.742794928353383,7.804440573080749,40.59720635906291,894.3400774208519,168.89660703352124,PANEL_DEGRADATION
29.342047725121795,7.770565658193801,44.33908319704371,967.8410757945157,176.85678968926536,PANEL_DEGRADATION
31.67077671896503,7.51433325082504,41.24122199978515,841.6072461612819,177.84612722950055,PANEL_DEGRADATION
27.85053441006038,6.989823209553321,45.65641786841789,972.1266556449286,146.4012913374299,PANEL_DEGRADATION
30.928134021439988,7.88382108970296,50.523865971687826,837.5601724120866,185.19606060067673,PANEL_DEGRADATION
28.738698911479627,6.799717390274431,44.32968191494901,948.7446578315007,147.39309361744228,PANEL_DEGRADATION
29.61847166122344,7.964894714094149,40.719751266298196,887.8323751623348,187.048488539129,PANEL_DEGRADATION
27.755809790941132,7.223063189229547,42.8735773544136,956.1327403804221,148.2066877494657,PANEL_DEGRADATION
28.645314084504548,7.196387757035787,42.20275489743891,851.279955002551,154.6062294190174,PANEL_DEGRADATION
28.768189315700553,7.049754436011165,47.195681728827594,902.0001416750297,157.88658982758875,PANEL_DEGRADATION
28.5387475830391,6.252852454310056,49.12969049717292,953.1404688735228,130.41749210446142,PANEL_DEGRADATION
29.0354597807901,6.997138433927111,46.39992211303524,918.7082307957774,143.22987127068689,PANEL_DEGRADATION
30.607385413670084,6.12394201395882,45.61946281207442,948.980804402455,141.3554770035061,PANEL_DEGRADATION
27.745448743841237,7.97006769001192,50.67142554489116,938.8364539805025,165.7130338030046,PANEL_DEGRADATION
27.91922863444649,7.882822362837002,46.38821351820567,953.4239828697473,163.09231137943064,PANEL_DEGRADATION
28.676441585397352,7.971080961348078,46.2619965819382,825.3251762949343,166.03321382417118,PANEL_DEGRADATION
29.409721396963604,6.084941820976823,45.550407824539604,875.409351574423,142.00558014607404,PANEL_DEGRADATION
28.77470982244621,7.965097523079199,42.169239031610836,906.3776032942643,162.90237705330716,PANEL_DEGRADATION
30.669319919969908,7.989507376123943,49.82966365301959,900.0266373296542,185.77623179513898,PANEL_DEGRADATION
31.175149806334232,7.871948169421449,51.870478309577116,871.3770609616072,200.96804183899556,PANEL_DEGRADATION
27.779631260869156,6.507099551863819,41.06819349680676,848.9129329672066,143.1933100494778,PANEL_DEGRADATION
31.26462179089225,7.5577852902051434,47.572789338012356,892.5139722540762,185.49918789750583,PANEL_DEGRADATION
28.954167746336108,7.682616702999404,48.12628112772143,925.6048457289935,170.01651583627623,PANEL_DEGRADATION
31.42614492105586,6.504029467358105,44.57377184033261,939.9756625419841,155.16354309167227,PANEL_DEGRADATION
31.446070067120953,6.692798639525705,44.43196202583574,959.9724420895925,159.05143921242737,PANEL_DEGRADATION
29.580622921012434,6.665527430671359,43.320039306148985,918.0707679509105,140.8548019574539,PANEL_DEGRADATION
31.396363205914547,7.558406273530216,42.28897916446963,924.9235902484218,183.27557088618323,PANEL_DEGRADATION
27.92267525368322,6.546407012100465,44.90783804480601,925.8636923441853,141.965753227615,PANEL_DEGRADATION
29.661174238383488,7.536821086228068,49.09525287527399,911.214647731206,177.5975613727033,PANEL_DEGRADATION
28.671316873896046,7.762499056645211,47.378921029623285,948.0254324862375,170.38240459238668,PANEL_DEGRADATION
28.092191224943402,7.0848202573566175,44.45333996531906,925.549826486677,150.683249401976,PANEL_DEGRADATION
31.18056402463844,7.356145024643833,48.21453319637589,839.0879600283916,187.6488623842724,PANEL_DEGRADATION
31.208376046357444,7.5780097691213895,43.962582701920326,896.4136975125017,169.4391103389755,PANEL_DEGRADATION
29.692379883313528,6.291778492966575,46.63645412787521,916.7699384278831,139.51998388149784,PANEL_DEGRADATION
29.492724391656466,7.751306775349172,41.30275773643371,942.5119207399375,164.70929352088893,PANEL_DEGRADATION
27.183539914023143,6.371149205490095,49.18051827964588,872.9226932006347,139.36673220598783,PANEL_DEGRADATION
29.62353770591133,6.044500703852662,48.60056331522312,819.8419235698219,142.30315633747023,PANEL_DEGRADATION
27.8405127490259,6.690892771611027,49.13525715550432,971.7616443457559,138.69731156927122,PANEL_DEGRADATION
31.14700110099468,6.381584530951677,49.68615724242989,918.3489306661252,143.73438522986902,PANEL_DEGRADATION
28.51251980175706,6.263541777194072,44.59560413277176,836.6567554021899,138.8138930705489,PANEL_DEGRADATION
31.972525521102796,6.0240183261685285,46.491037759447586,903.2599875588218,155.95168717390956,PANEL_DEGRADATION
29.530026673834687,7.087402839289835,45.65983361594066,848.4027748210666,147.91100493428272,PANEL_DEGRADATION
29.04328841104918,6.105182942481357,46.60590963359101,855.3128557836128,135.4740711624451,PANEL_DEGRADATION
27.671484821975934,7.865259931478719,50.73425492259922,834.1993716564112,161.320201211414,PANEL_DEGRADATION
30.0674638592599,6.191372414611813,44.25481385339381,845.2002116274211,150.76299317819112,PANEL_DEGRADATION
31.262553181446027,7.159665482533727,46.24415604245889,967.5306430181715,181.72516874457614,PANEL_DEGRADATION
31.846650626758304,6.250757768216375,41.926693729158046,921.8126057623796,152.27971305050522,PANEL_DEGRADATION
27.09232952446618,6.1239500719790385,50.65696458710566,956.3967431970896,123.25151846856053,PANEL_DEGRADATION
31.455253084652675,7.187350148795804,49.67086776422683,876.9375928088385,161.33239270173013,PANEL_DEGRADATION
29.16863531323008,6.914599595993796,46.611330326087234,819.004888322797,165.17723743614343,PANEL_DEGRADATION
28.220684104034532,6.397104807074186,46.32163502627124,896.69747229108,135.89960786429222,PANEL_DEGRADATION
30.85946073162627,7.033308801457205,47.31634546173981,930.2743493734014,152.58266786830603,PANEL_DEGRADATION
29.853220912725224,7.768388942456738,40.20866491510521,872.932778684173,188.11432989977322,PANEL_DEGRADATION
28.76577201141269,6.9174576484004815,51.778496716531755,835.8782946111032,140.84839109160305,PANEL_DEGRADATION
31.29711295430652,7.736930682424737,45.66493401616016,892.5572914059115,193.78673437712,PANEL_DEGRADATION
30.692797490578975,6.530298004434021,40.20272026085822,886.3460292560383,160.9617166238841,PANEL_DEGRADATION
31.47917338345081,7.912452394152307,50.55475885135338,904.4078399536577,187.64317060870135,PANEL_DEGRADATION
30.874249232670493,7.479643268731193,46.45772116097746,815.7189270605245,187.3128740733388,PANEL_DEGRADATION
29.278012687508312,6.726667563832528,47.55480874202526,921.2908330100558,142.83965363467152,PANEL_DEGRADATION
31.18469422404978,6.579874187324756,42.2402071109718,873.1519735138095,161.62250958258747,PANEL_DEGRADATION
31.827290892199017,7.618562528742866,51.2841805320423,825.3090447337748,171.80580274571307,PANEL_DEGRADATION
29.788523809533356,6.580594966088069,49.936659675631276,920.9578168524187,160.0529264109027,PANEL_DEGRADATION
28.27396177865652,6.971568228710465,46.014885729104236,843.0518230743277,151.93756762247872,PANEL_DEGRADATION
29.2164299303962,6.893443111979748,44.35283977566981,803.0472834365963,153.59936867397406,PANEL_DEGRADATION
28.676239178501657,6.002639737968659,43.69532449194318,850.1530999561562,128.62024856624782,PANEL_DEGRADATION
27.659259948216985,7.015367649270169,48.30928423021756,913.433402429823,154.5431755929424,PANEL_DEGRADATION
29.260041439935407,7.038183460679456,49.724823290307796,876.9862107474629,161.4945550835547,PANEL_DEGRADATION
29.17301184358996,6.835472389023125,49.12246749434992,831.470644783918,147.69006682139985,PANEL_DEGRADATION
28.120861383734507,6.718219885935194,42.76449786839229,904.2930135955978,150.34054650172456,PANEL_DEGRADATION
30.93306530608951,6.729001929097585,51.86512487073114,906.8937856470442,155.68021561047738,PANEL_DEGRADATION
31.17769639620713,7.459748025285282,48.99130404188925,835.3050829520969,175.8750495413454,PANEL_DEGRADATION
31.309140654123013,7.008076015257514,48.2014329210526,905.8280719461676,175.771057880317,PANEL_DEGRADATION
28.422804198808013,7.15095055577273,41.47881601611765,924.2379398059043,160.12774874224857,PANEL_DEGRADATION
27.21418660594499,7.35158192725597,44.976281849989434,822.3374376997428,150.12829913976415,PANEL_DEGRADATION
27.97116464847791,6.831119064246633,44.61206833550233,932.9104946484904,151.50397796477395,PANEL_DEGRADATION
30.035143271922735,6.045373684364895,51.17226734885193,923.5219904173606,127.8466444987116,PANEL_DEGRADATION
31.09416449607059,6.4005323094359925,46.95065427485328,883.9941865910337,149.34016080191665,PANEL_DEGRADATION
31.44856860062199,6.874722583125229,40.90412941087781,970.3949708986914,175.22251578523802,PANEL_DEGRADATION
30.422163447907995,6.93578505626405,41.11431367532226,942.3346613439458,149.61222579865557,PANEL_DEGRADATION
27.34300492447573,7.074767684878736,41.921538882215685,801.3914481212628,145.23370736980897,PANEL_DEGRADATION
27.68608615805033,6.321030830561383,40.922927664824016,836.9168756702497,137.5287860094712,PANEL_DEGRADATION
31.04463653608896,6.905067288058602,46.07864579057701,805.8779062269565,151.83879312522095,PANEL_DEGRADATION
28.287838628247584,7.087796841426295,48.874613784819914,908.9005510408459,149.78344070559487,PANEL_DEGRADATION
27.59162036501569,7.561546469774379,44.36543261918868,932.4897226069021,158.88778425014195,PANEL_DEGRADATION
30.693310267809125,7.814579122905144,51.05235419264562,896.3192204001086,182.6212703163281,PANEL_DEGRADATION
28.328392327514187,7.871599663058583,45.49503000639545,822.9664230717278,167.67148643953294,PANEL_DEGRADATION
27.63526625119002,7.005063368514151,46.73530617827455,860.7960370688454,137.17522740715228,PANEL_DEGRADATION
31.717517678166196,7.546706226966859,50.06657296606145,866.0363109715213,189.40770811624063,PANEL_DEGRADATION
29.42686447584597,6.402166976812092,41.49308052288656,862.1091564779703,134.98669714385383,PANEL_DEGRADATION
31.991344881020343,6.098377980464044,45.29372319242892,881.3768340302692,143.60494486280086,PANEL_DEGRADATION
29.856757828534725,6.299954048303089,49.406948567046804,859.8405892845749,145.01485709730702,PANEL_DEGRADATION
30.578196180334796,7.778084235380322,50.029449237426405,909.4956250586407,177.57289205240022,PANEL_DEGRADATION
29.51602335037482,7.537469586757605,50.53054651071368,818.680747071801,166.0078495767864,PANEL_DEGRADATION
30.880582992067502,6.863303525187922,43.9867331687954,874.0380854281885,163.69220332911053,PANEL_DEGRADATION
31.999025720669007,6.985984858209063,42.50193369945113,829.3123835502371,157.6173438513493,PANEL_DEGRADATION
29.79408617459161,7.089144182977669,42.46280712136371,925.1592931614621,166.63411373821748,PANEL_DEGRADATION
28.295491026910558,6.688199528059473,51.885660068167084,867.3676042131322,149.74955352644113,PANEL_DEGRADATION
29.2636271331497,7.586689655721952,49.22827886539177,920.1960845357364,178.18257712826576,PANEL_DEGRADATION
31.696092474388426,7.159966640904168,42.84962688667295,871.7532130959335,179.51113295317353,PANEL_DEGRADATION
30.254417425619348,6.355596677130498,40.6148744937571,922.9330868375716,140.39285624696757,PANEL_DEGRADATION
19.497691706103375,6.9934935450251885,45.87733492918866,791.6623616356515,79.29821694164524,INVERTER_FAULT
17.535297288216434,6.0157285072896896,45.91564748730706,850.5552091755551,61.661419883962374,INVERTER_FAULT
16.47288390418981,5.842864408949437,51.78133837666044,845.5965729708062,67.1286227667086,INVERTER_FAULT
21.941267266681905,6.523039114925748,47.893627918447606,806.9852814577797,95.46746494824639,INVERTER_FAULT
17.906692054843028,7.164124193508302,39.17213786352474,888.2394142039388,72.73665321672355,INVERTER_FAULT
22.16832465826016,6.108409036270007,47.16150710762805,848.2503190068392,82.90964451328486,INVERTER_FAULT
20.518092832284474,7.3950459611024755,38.5777764632447,908.6393998236346,99.16367674819439,INVERTER_FAULT
21.651200105383367,6.267749906868556,44.605801647726594,901.639105252163,84.20780068865822,INVERTER_FAULT
19.742616967243595,5.540389846168666,40.22037208173259,869.836111116472,73.4921044392517,INVERTER_FAULT
20.078206557491498,5.786620072551221,44.23567600008969,829.7132672908466,73.69175049811423,INVERTER_FAULT
22.09230324187866,7.051722877317304,39.175853019448226,904.643287688439,98.178166636269,INVERTER_FAULT
21.20703501420199,5.780078462528705,47.39007335989867,813.0856424653241,76.55319892086452,INVERTER_FAULT
16.11804009057473,5.8032212758609525,39.289126903730676,813.5641842113562,53.03551330573009,INVERTER_FAULT
20.843370186336934,5.558079804418439,46.64836700874997,799.6990963155804,82.33135328974811,INVERTER_FAULT
22.53165851176898,5.951006205041925,46.601898175122415,783.9207447261442,94.98709382151448,INVERTER_FAULT
19.660911157341967,5.586446302835558,42.79499990211392,790.7589246605728,67.74605728241717,INVERTER_FAULT
20.689484395129263,6.439779816082879,43.37211044607236,796.681986375665,78.82753549274787,INVERTER_FAULT
16.701003014168457,7.114997463313322,39.89335759178611,863.3522713168451,72.2787699302899,INVERTER_FAULT
17.581848692586284,6.778936878984208,44.39803233127717,836.0203654198383,77.56459985657125,INVERTER_FAULT
19.438873399430005,6.106968417103122,45.826858028713524,873.7298007170972,65.83062061286337,INVERTER_FAULT
19.26110210235373,5.6153665691670875,40.60967579695355,858.4712227709163,75.41349809117979,INVERTER_FAULT
22.179639754319396,5.6398880202772625,43.867471208013896,861.6209076206371,71.92737925558345,INVERTER_FAULT
21.358025517213402,6.988470516874478,50.646774191895126,781.188041691682,87.59114921930227,INVERTER_FAULT
21.790306999717252,6.841160101653871,50.52145795177887,788.0051516342373,97.11733882729422,INVERTER_FAULT
19.983326024255717,5.571348832721065,45.18930907677477,865.3328435833894,64.85431049460281,INVERTER_FAULT
17.91330708187264,6.780694692595474,44.55621326639942,900.1219120595657,73.87540522121513,INVERTER_FAULT
17.86661760871741,7.469731880689686,50.75590078182117,784.0589842998572,90.88865712865376,INVERTER_FAULT
16.772343416776422,5.554970389658742,41.83173722352888,817.7084230685546,64.22051905855712,INVERTER_FAULT
20.974670721599846,7.463218854664029,47.96118060436546,838.5557774558467,104.69575869229041,INVERTER_FAULT
22.996213470304816,6.920283765125056,48.66353898372446,911.3711021266363,90.60188223464614,INVERTER_FAULT
20.93349005413409,7.2016119159348975,51.3613004030925,809.5357005596379,95.83003724835685,INVERTER_FAULT
20.763883933511373,5.994935459002675,46.40662008550384,816.0610295497199,75.51935810949611,INVERTER_FAULT
19.090630875576053,6.558380197493134,44.291122202752106,849.0473727703101,75.21733513215159,INVERTER_FAULT
17.112755658158413,5.594699954653679,40.74370211488335,861.4721098108096,65.45215912150405,INVERTER_FAULT
17.18473318210026,5.717110715545297,48.490065047689505,822.7221662752206,69.92779993358565,INVERTER_FAULT
21.000225794272612,6.153512094486062,42.05359846911187,853.3177740779832,72.81250066504997,INVERTER_FAULT
16.823735588517092,5.851715762632385,48.846130306263845,851.9400302976771,54.323097853542365,INVERTER_FAULT
20.71461569230476,6.347380357320994,45.15193310949317,809.976274077811,84.64949777986568,INVERTER_FAULT
22.854072678260422,5.646889382011523,41.974843595302026,814.0196630005162,76.43291701676601,INVERTER_FAULT
18.650944502957643,7.136219569488335,50.78002165950142,808.3101122442563,85.4885523796084,INVERTER_FAULT
20.45829280515836,6.54365494872769,44.07706951875687,806.8765708202933,84.74061901905581,INVERTER_FAULT
18.808503793979302,7.091126725004539,48.69046102828193,798.7598153687939,75.36245220453961,INVERTER_FAULT
22.357077602592522,6.571016777928995,50.00921312195627,788.1411568792962,93.94925869276211,INVERTER_FAULT
19.775985602033654,7.2214040650843,39.36653997521591,813.6623789146273,88.41555222982258,INVERTER_FAULT
22.060890327939596,7.377766630141134,51.89814467431079,914.287088104193,89.68245900328796,INVERTER_FAULT
16.333958390177106,5.795213638315177,42.884069354783826,896.1885243381743,66.42694478823239,INVERTER_FAULT
17.30784084406208,6.739328303239417,50.84306779091387,844.9224430303849,66.20697340624858,INVERTER_FAULT
19.204695550592376,6.251589804576114,46.0872119449241,841.4122158169945,66.38696687642053,INVERTER_FAULT
22.9579841338957,6.587080475461142,44.63083057678453,913.6464320105675,87.181275125007,INVERTER_FAULT
17.324663217816738,7.116029498125567,41.65163512035012,891.8917948808138,73.49636801750427,INVERTER_FAULT
16.23231341157501,6.534029447773432,40.75361007777606,886.0984810105459,69.89554835500476,INVERTER_FAULT
22.465218675845424,7.065976714531471,40.53086336777017,892.0221531330715,104.62393866240501,INVERTER_FAULT
20.682661492324375,7.164525771940298,46.033536968645166,845.2404920094218,97.5373315314103,INVERTER_FAULT
18.085702002708516,5.865194262174199,46.63222973299745,812.7387716719669,59.78299047526203,INVERTER_FAULT
16.003879292096777,6.7166388028001345,43.07008296872331,885.3235358942839,65.97660824066097,INVERTER_FAULT
19.40202413766759,6.31416994563077,47.10804707553085,829.8594826820955,87.45094195930696,INVERTER_FAULT
22.55302890618971,7.196055805314563,50.884203788018475,842.8795563843147,104.0610694883463,INVERTER_FAULT
21.19464814790771,6.892291849877083,50.46950033847659,880.2863438159374,105.12485429529619,INVERTER_FAULT
18.439540598821136,7.165995484478836,47.7668875196573,876.7941023301026,79.9950918434541,INVERTER_FAULT
21.499212546961157,7.300752044695198,41.05967846128788,867.5695571963386,96.7916710466395,INVERTER_FAULT
22.92683683506414,6.457665631663363,41.1964824331572,833.4600675310566,97.88617448691114,INVERTER_FAULT
16.532625599447034,6.707203840442475,51.03714662850457,899.0507902720991,62.26393701746912,INVERTER_FAULT
22.953729151173476,6.897453847407759,40.27193154039633,781.7382524837193,91.68729408755212,INVERTER_FAULT
21.86723144480017,5.543278649890327,41.26406225065321,886.0227833468825,78.74671782563199,INVERTER_FAULT
21.47914997252134,6.992301007653576,38.708419419705265,904.9515986731813,88.40036913157536,INVERTER_FAULT
19.873747081608347,6.788576313055557,40.36079495239134,916.6723759381364,85.39902636675761,INVERTER_FAULT
16.403498869181753,7.374524089555681,46.207749804705756,877.8870477173926,77.33240748522344,INVERTER_FAULT
21.843165683438773,5.566266924386422,41.75729711388007,845.7507698963769,68.4550430606117,INVERTER_FAULT
20.941346685286607,6.287326828111281,41.81735186375401,780.4730385531777,88.52780893168121,INVERTER_FAULT
21.83666516211003,6.290081071362997,45.89905167846712,811.8761276301437,90.07338554078032,INVERTER_FAULT
16.084962208206402,6.477287794197517,47.01887674576969,908.5468482521628,64.05694649408541,INVERTER_FAULT
21.356331420867207,6.695374059887001,50.97816958095113,835.7728745923202,86.40033586770502,INVERTER_FAULT
22.209993990859004,5.598488802816578,39.90939550107147,791.5366208417662,86.21015547909427,INVERTER_FAULT
16.074251963592236,7.2233143109940965,44.31774913519774,780.5635390395558,71.78806676915768,INVERTER_FAULT
17.307605887315248,6.748800974944326,47.51102305890305,848.2538598566999,65.04766730296562,INVERTER_FAULT
20.592901630570413,7.184077567211043,48.08453988256962,896.1941086537446,86.41036004865981,INVERTER_FAULT
22.222215577595378,6.144386901295926,38.187667399527875,898.0748304860699,96.95970926021688,INVERTER_FAULT
20.58890738192144,5.962873260926849,41.52442249995543,845.3230022809868,86.26137187671632,INVERTER_FAULT
17.04718359303291,7.1519473391669734,42.078239321872104,893.2020637200737,86.13030409246015,INVERTER_FAULT
18.99245710396024,6.2301013082110615,49.23109846559822,854.1276035331151,78.84656830959847,INVERTER_FAULT
20.359804658728258,5.805777691289593,49.82706504405387,807.408515597839,83.74646537679976,INVERTER_FAULT
17.753999039955033,6.967761946547483,41.98517550891029,824.4899572021609,74.55742753477477,INVERTER_FAULT
21.235245778182584,6.613630235938786,50.361334381864964,823.0321806885663,93.76456076894857,INVERTER_FAULT
21.270640197641775,5.802964226059917,43.60825100247736,847.5944492090575,75.3516114820526,INVERTER_FAULT
18.254788171783968,6.872839787995284,41.02212956723284,879.314704335158,88.94739377266572,INVERTER_FAULT
19.956382648244258,6.722868473478949,38.96505782973725,901.026766506496,80.30074012697874,INVERTER_FAULT
20.305358158699953,7.458224339489605,46.33703640801931,881.4593282450129,94.75786363285734,INVERTER_FAULT
16.4225609046054,7.095198698979577,38.4899837776958,878.0920960442995,64.5407779032644,INVERTER_FAULT
22.036136656036696,5.815272071665961,45.199800936195714,863.6010986276406,80.44792599292647,INVERTER_FAULT
18.38534442544221,6.435628592361944,42.359820554336224,841.3371285913208,72.29608217490666,INVERTER_FAULT
19.963433764550018,5.9758483244899665,51.84119176879618,850.1217934735032,69.5518987205044,INVERTER_FAULT
19.33946724697091,7.232830259049648,38.305295103741535,875.1375766750205,89.96386582535926,INVERTER_FAULT
17.18690596059095,7.134952878609841,43.16438471323608,821.132284034171,84.70896420929681,INVERTER_FAULT
20.469675323341654,7.296518167349649,46.81837185139679,883.7144721104961,103.38453617431878,INVERTER_FAULT
16.38317745136956,7.05209791773876,46.59189074589408,789.731091512127,73.53369461982192,INVERTER_FAULT
16.577206545887677,6.971894403446445,45.651023994570366,913.5002952377216,67.16417692268529,INVERTER_FAULT
20.24223416764265,5.923164269140983,46.59690978618357,881.1709583305199,80.66643613949944,INVERTER_FAULT
21.70551793477827,7.207100455916633,39.08180416774048,828.0574019901366,104.31178392004237,INVERTER_FAULT
19.490104011738485,5.881351893509583,45.73793398233377,837.0409913872602,70.64608099917339,INVERTER_FAULT
21.668276022049646,6.315196667664362,38.37036307672594,788.1288674447528,95.18023361723728,INVERTER_FAULT
22.72420567008765,6.876818672911416,43.101156117401125,911.4040442112619,103.55662079997586,INVERTER_FAULT
21.910334844395365,7.031704608074019,43.3079504208163,847.01830811911,89.61191129475668,INVERTER_FAULT
18.04409870308514,7.056251322573043,50.515697486363514,881.4244592551977,80.09673022157945,INVERTER_FAULT
16.605564882578232,5.613895897396897,43.24055790457995,844.9350406274729,60.92522810841922,INVERTER_FAULT
16.04542664970898,7.479445780932613,43.0951443676566,898.733252932157,76.92030622900785,INVERTER_FAULT
16.913076181733427,7.0951311050690435,47.93757904887826,853.8410518900919,76.49719727378606,INVERTER_FAULT
16.612357240256497,6.811697897147749,50.7574321805602,793.0542886909901,67.30624634533088,INVERTER_FAULT
22.316155814094692,6.068687819639587,47.15521141051897,854.8745430920402,88.21566871481218,INVERTER_FAULT
18.910522311040772,6.099982941107422,38.67946831021536,884.199331501183,78.07563470558847,INVERTER_FAULT
20.695080180551063,6.787267576239241,41.412039850345366,783.1282907272807,96.56576253817774,INVERTER_FAULT
19.43796974987079,6.113676261405237,39.42704669492798,788.7810227261944,72.40853345054583,INVERTER_FAULT
21.633159453368584,7.337447498667661,50.55451910458291,908.8001168649516,111.79718100241047,INVERTER_FAULT
19.690573261202772,5.938831277113808,49.17265215971548,809.9198164793611,69.62842723899371,INVERTER_FAULT
17.63278025275784,6.529964807391612,42.50558511436712,801.5818469475478,72.19822522223834,INVERTER_FAULT
22.11735067149617,6.641105709899945,50.29669848242622,807.4221059110793,84.95538994376425,INVERTER_FAULT
20.02903987988894,6.426657803092546,47.242416983057396,891.2477507437494,87.23626134923954,INVERTER_FAULT
22.595828215609927,6.296512818314023,40.88941439147453,857.127769592704,80.92972179383585,INVERTER_FAULT
18.02195786332142,5.915776110526289,43.551892035159135,795.5703205003101,59.21473844841358,INVERTER_FAULT
20.597558032410223,6.72049795657961,47.91702510454125,872.4541016379882,78.823843128179,INVERTER_FAULT
18.037552169629524,5.7590532198007045,49.80161362867989,884.5665117497732,60.69243223250678,INVERTER_FAULT
18.389164683429254,7.433229984528428,46.31823101031512,892.161783622162,81.32841097245085,INVERTER_FAULT
17.470370441255135,7.067833857693097,47.60221437324016,875.336910089647,79.51318736704674,INVERTER_FAULT
19.94504839943584,6.9713950106125075,41.78003473569673,829.3875852199739,97.0780628819557,INVERTER_FAULT
18.162056407085103,6.592619142758598,47.83695249609357,919.9894757566447,74.71490823028974,INVERTER_FAULT
18.996650136374605,7.185176758867335,49.27704355763809,882.3506234428368,85.82065298566219,INVERTER_FAULT
18.26757384112501,6.717460965169697,50.26712610384297,903.7288441492021,69.75482585842214,INVERTER_FAULT
18.998451986692054,6.429443912397499,51.686615145332546,874.9197221339618,75.6388543878468,INVERTER_FAULT
16.18240520189915,6.630770320198392,39.345063658936986,896.8229940286868,72.74292137613939,INVERTER_FAULT
19.223564119357253,6.3584215590834,50.56274551796276,820.384169058538,72.40181372993867,INVERTER_FAULT
22.574382029780335,7.118491673506965,49.488758302940724,807.3271339986296,92.2971475814507,INVERTER_FAULT
16.182206848719943,5.97408301783736,48.838666884000546,813.605378626981,65.15310321349033,INVERTER_FAULT
17.76335785757195,6.290584995901344,51.764272058759715,814.273642379779,68.60763535275443,INVERTER_FAULT
18.107610263256497,5.719249972660005,44.85851798983155,833.0166928666204,69.19292864610752,INVERTER_FAULT
21.723161828660825,6.588499428991277,38.450749909222715,866.6491298728611,80.0653788542864,INVERTER_FAULT
20.314494265193176,6.870059898538377,40.76874678664526,894.708460821048,98.37494040587369,INVERTER_FAULT
21.69160874879674,6.110218380424165,46.21300217423888,908.0741208867719,80.12243547024471,INVERTER_FAULT
21.740194755857974,5.5189502625233935,38.05105383898547,886.3596324474554,81.52201647971954,INVERTER_FAULT
21.522840314966057,7.360053675776324,39.65068836548398,812.4778978977164,111.46202028081754,INVERTER_FAULT
17.240653384406475,6.864458535153168,45.42648200057141,791.647114759211,70.83051579839007,INVERTER_FAULT
19.642605515086775,7.204700233367668,47.90553885460543,867.0636426036906,89.7691769787059,INVERTER_FAULT
18.09078788669894,5.738489822638522,43.72706448392534,783.9925891475809,60.82237863125922,INVERTER_FAULT
19.02738363110862,6.33721037134383,38.62013603395789,862.4684214935407,77.58710057095635,INVERTER_FAULT
16.54673012814639,7.386326104920879,39.39135890531204,899.676781173227,67.22718498305177,INVERTER_FAULT
22.175967665317682,5.539439464408625,48.609368446489626,830.6367135820354,82.97967555299832,INVERTER_FAULT
18.81221643797485,5.641815844663683,48.74509373553509,789.9753759449911,75.01206587198718,INVERTER_FAULT
16.35681825054163,6.458650555543031,48.12248203191114,835.0545050708853,62.00499763027741,INVERTER_FAULT
21.31363672977219,7.068589409577453,50.91772977536114,832.6631154603509,95.82753311551392,INVERTER_FAULT
18.541899099922503,6.014163643702736,48.51446146152652,827.5512583023738,69.44930129189116,INVERTER_FAULT
18.825715603368195,6.925322451293492,50.84913876554952,873.3458485830329,82.15775370634891,INVERTER_FAULT
21.454435803172185,6.781942648244275,38.84854499964939,793.3929020986378,80.96440760040414,INVERTER_FAULT
19.19771428344424,7.1517068686779295,42.38316437091893,833.7824256329475,96.74058627485826,INVERTER_FAULT
21.858324117216583,6.83009622476512,41.73525294929152,796.385807576382,82.51952521412535,INVERTER_FAULT
16.749074708230946,6.085192887247885,45.72506089011294,788.9600115853342,58.4171109044552,INVERTER_FAULT
17.26756491615559,6.763964185966612,46.62105718572174,857.1072016921014,69.21229152228928,INVERTER_FAULT
18.597837838531124,5.693379432675486,41.17044845261277,905.6787317061612,75.87131801787447,INVERTER_FAULT
20.533617099482065,7.33364658404684,46.99838660561995,784.6475080547658,108.33925269358458,INVERTER_FAULT
16.692666111805746,6.865283602890122,41.53970684304706,834.8773558069744,75.61401519420026,INVERTER_FAULT
19.05541144515395,6.001092117862257,42.682246616296545,827.8167363692447,81.54361555148245,INVERTER_FAULT
21.590291111464158,6.4170975429588,40.797492884779096,893.5422554367718,79.90296951373222,INVERTER_FAULT
17.473235519994024,6.232026783680302,50.32487474192786,798.4501336087754,62.154309579621305,INVERTER_FAULT
19.45782491813686,6.052821082187349,45.96219118307424,843.2291358556513,73.48472581867829,INVERTER_FAULT
16.783810793408954,5.78209938049968,49.4951000842559,904.0235832600442,57.24686729227639,INVERTER_FAULT
16.794223510673383,5.606833343869021,46.516166592386554,880.1494497500288,57.757123749470985,INVERTER_FAULT
20.757731072434478,6.925917631119052,51.09479193955667,789.082309296915,83.77114758024776,INVERTER_FAULT
16.47968191317892,7.235987866672221,49.09622024046996,860.4498898870575,67.2817487634434,INVERTER_FAULT
17.913186510576036,6.095439696117034,45.85040474421584,816.1261451651402,61.40809883215917,INVERTER_FAULT
21.115336112973097,6.098160423310823,44.33323847832621,797.8733288975227,88.38837136999572,INVERTER_FAULT
19.958723138468404,7.303171252419726,44.936601882914665,911.7995940545031,102.26916494352382,INVERTER_FAULT
20.03521899521464,7.367786876299727,42.52324246212373,831.1899027785896,82.3296234186783,INVERTER_FAULT
20.12440634734697,6.943847939857867,48.82926866338944,800.9742800464545,87.40886547700661,INVERTER_FAULT
17.23804248465741,6.824254697708498,40.21124921390475,906.5829157538504,69.31252621150311,INVERTER_FAULT
18.039815864017715,7.201812644302,44.41854654204013,783.3594324120103,82.37923283858237,INVERTER_FAULT
16.59180334766086,7.470689437374621,46.23356198637843,815.914566465537,80.05230438389009,INVERTER_FAULT
16.538069723672283,7.099782608537634,50.95459275409829,902.4222143488623,71.40095335665822,INVERTER_FAULT
18.280376837503578,5.5701752224326,47.11960502181283,854.8866697865712,63.95508904504072,INVERTER_FAULT
22.35341667334295,5.835757802165693,38.13532773366255,790.2643032969072,76.70058265929177,INVERTER_FAULT
16.2329988448442,6.505687421286271,42.39726637327009,805.2676211295386,71.55012751828377,INVERTER_FAULT
17.43115928362771,6.875210201987587,42.88970868186694,851.6558864927576,84.9395305845224,INVERTER_FAULT
16.26146144371069,6.500529014954924,49.96192144458666,862.3163947718488,63.114923728606726,INVERTER_FAULT
18.78376794601524,6.860531257457149,50.471366520393246,785.7492923245256,72.44386925610684,INVERTER_FAULT
18.27536066526711,5.965559368874958,41.70903240711368,810.9777998076233,63.59190744651835,INVERTER_FAULT
16.914367768085043,7.367908263590476,40.018652494686144,808.616528467175,73.7603153462873,INVERTER_FAULT
22.531104111912946,7.011428267202169,49.05579202441721,794.6661563353897,109.3461313849733,INVERTER_FAULT
18.857351572721925,6.0256460524247775,46.06050116928435,895.1056068143428,77.53624979941424,INVERTER_FAULT
22.229982378067923,7.356264372030887,41.333708999988495,839.340105183698,90.34796897331167,INVERTER_FAULT
22.15525161485542,5.8091443029495355,50.06064737279772,826.1142250781235,78.84126545831582,INVERTER_FAULT
16.273925781387014,6.153757579530639,50.4370915592177,783.5766361570246,61.99782463804708,INVERTER_FAULT
16.21979740868919,6.2418468502181295,40.416968970924074,815.3105750575721,70.78721283199182,INVERTER_FAULT
19.052344544353236,6.047595982803824,46.25073729130767,799.8949743765615,68.45233136008315,INVERTER_FAULT
19.82373577322022,5.975046083696138,47.507788323612225,848.8087823163331,80.69111476982394,INVERTER_FAULT
22.637711750057278,5.731609778694816,42.685310139783624,824.7368688029769,74.69752238438042,INVERTER_FAULT
21.672121961334295,7.01975740807758,44.781956591681585,855.2879088912454,85.21313848831286,INVERTER_FAULT
19.888551466289318,7.082683048039273,46.033586030174,817.1428918168587,93.46110161020168,INVERTER_FAULT
18.530419009756734,6.589746568571471,44.825915085904946,833.3645001351252,82.08398662797718,INVERTER_FAULT
22.187132783901173,5.510425036953849,51.070631269225146,851.6121190516515,81.8075075157668,INVERTER_FAULT
21.98937196323114,6.4342073846285395,49.68963702710846,804.8667747237283,81.6446456704222,INVERTER_FAULT
20.602299581993073,7.240286011103475,50.49396648550455,870.1236641728145,95.36711768065938,INVERTER_FAULT
18.319751613875614,7.460000831198663,42.475739613327505,884.186055012423,87.52554176535313,INVERTER_FAULT
20.259586397677428,6.286961101177252,51.50752375661147,860.0355256538979,90.36019551580601,INVERTER_FAULT
16.0531399132174,6.6453411663822415,48.0406164561538,884.3112239627105,75.08530738060628,INVERTER_FAULT
16.030811263026504,5.500660318518953,44.61168845113301,784.1011187007518,63.10786161326716,INVERTER_FAULT
17.554456221789742,6.44532945872969,38.85592682017113,853.0867782639762,69.53761448484835,INVERTER_FAULT
16.312620202140565,6.170248533392449,43.48010428311998,918.5890087784916,58.91624091997918,INVERTER_FAULT
19.813457307590696,7.474631098397257,49.08826891116189,919.0714501234925,105.8326205091831,INVERTER_FAULT
19.42677679465908,6.892751699741131,39.54620377717612,841.7608355065522,92.06340398919332,INVERTER_FAULT
19.537347246840003,6.905398065634464,48.44051861977988,815.4856797740051,94.28661075462843,INVERTER_FAULT
19.218757016364254,5.920370207243088,50.11582234503821,838.4946328548755,77.09345448674344,INVERTER_FAULT
19.83623150555115,6.263743504469001,49.33826981053997,861.8257904302458,76.58657244672193,INVERTER_FAULT
16.76718509234589,7.2908906275334155,38.496574194783335,900.8462287715279,74.71700237135379,INVERTER_FAULT
20.475371344509842,7.34439944767137,40.12389261705458,859.3730665894334,102.25094846112952,INVERTER_FAULT
21.3030868290334,6.551263829199008,46.746352438690415,886.0537791785982,96.71303339710055,INVERTER_FAULT
21.332691678131045,6.208009886362485,51.954169614808265,840.8303771207026,73.38924957152427,INVERTER_FAULT
18.538318661098234,5.755565909147687,39.70019662019725,819.4149056149652,59.65234780762231,INVERTER_FAULT
20.81958531886694,5.64797776840381,40.84605377610339,793.0059600291767,65.93643163981292,INVERTER_FAULT
17.874261658776792,6.64379793532074,51.505597790255784,902.5779316089449,82.99750075787821,INVERTER_FAULT
17.232469252263602,6.02981438699564,39.06950643513428,888.985567588126,58.38299235941718,INVERTER_FAULT
19.896869695745973,5.995751144647901,41.40823887640243,918.7015077346647,80.96099763197671,INVERTER_FAULT
21.85857550803735,6.643965370688026,50.19420002351249,870.3686754832894,103.23498448898427,INVERTER_FAULT
17.96937010231946,6.6906390915657905,47.66183887111649,835.0112227038929,84.10454000557884,INVERTER_FAULT
22.85862214172908,6.487538982745323,43.468969167260745,846.0713099979042,103.06070678286964,INVERTER_FAULT
20.518278978627173,5.58954474503619,45.590378746240006,782.4220171837358,78.25736274789097,INVERTER_FAULT
18.298185914797244,6.4440149642346585,49.18149348270685,786.5028344200066,68.03060062043406,INVERTER_FAULT
18.785722635115803,5.959850327091122,42.73061996085088,919.7444633049452,77.28834378589562,INVERTER_FAULT
22.18731270472076,7.3741092671315505,42.773102324398735,821.5907740915062,96.49662785525435,INVERTER_FAULT
21.810818379156856,6.85910372457037,41.30640775476028,832.7791360894637,95.16838926532152,INVERTER_FAULT
19.696980400916274,7.27745545710343,43.32792586126103,907.1933642700717,89.59459250491423,INVERTER_FAULT
21.224608723546478,7.360508639970112,50.706059855485734,787.9734014213954,91.38626192032194,INVERTER_FAULT
19.338337978725924,6.363108579906214,46.9724833077209,912.2592671155577,70.02994447882489,INVERTER_FAULT
19.163010655939683,5.884822075774279,50.517506377571266,915.0412260122314,71.20121545815933,INVERTER_FAULT
16.728072084096986,7.070589333445346,47.759978906893586,829.6539157254434,82.89576186049237,INVERTER_FAULT
22.83082322847895,6.61570769826039,45.92019075882009,821.6518907159289,98.08157772686987,INVERTER_FAULT
19.077496243673927,6.104382053856104,38.94059275133462,815.3791003592775,67.96802147549576,INVERTER_FAULT
19.794293891877643,6.703340043527188,46.52000414028423,834.3453401463951,82.47998944993672,INVERTER_FAULT
21.83966900748448,6.452465627034325,51.82882664991971,841.5464122012411,93.06743177939204,INVERTER_FAULT
16.35254099295377,6.8066798488376214,49.91996952181009,911.9440973946614,80.08998842988707,INVERTER_FAULT
17.97525051954463,6.6507401296514335,44.310051797450065,858.934447280524,68.95175689688503,INVERTER_FAULT
21.99304700817159,7.319137886689175,44.295263283580915,819.2601806203007,92.38747508312194,INVERTER_FAULT
20.78635377344463,6.124463679241471,50.73353997878744,873.9417464782819,83.99175224003478,INVERTER_FAULT
19.915814811287685,5.591552678857451,51.04691409959822,867.9112490619244,80.06702180403495,INVERTER_FAULT
19.76149483341021,6.920221783812426,38.78693381012711,868.4430647552775,92.99136218614697,INVERTER_FAULT
21.4496000639679,7.040223304460571,41.16795678211135,916.5557868647317,108.60349832117244,INVERTER_FAULT
16.52917112613121,7.3728928456235145,42.052288720261174,876.499771445135,74.03211637158863,INVERTER_FAULT
22.77428026361185,5.703007716607071,44.96845543738927,839.9266908718904,78.6336153513796,INVERTER_FAULT
20.51873793616104,5.7621114868433345,48.033273853871755,917.2828973326702,81.19826834344259,INVERTER_FAULT
22.020117270366818,6.219273486358005,42.548412490737064,852.3867696566186,76.38659975867662,INVERTER_FAULT
22.617506941195728,5.787570346032385,50.64218254835329,791.7015110800498,90.30115705929978,INVERTER_FAULT
17.063737681147504,5.576263228182945,48.07285230363172,819.23714202442,63.891103579038976,INVERTER_FAULT
19.885596753309738,5.717614780460131,51.04982102621629,843.3239844668868,76.72990448692818,INVERTER_FAULT
19.507144004109374,6.708722949922409,42.2388302929937,808.050442560483,84.04827899711178,INVERTER_FAULT
19.081532810797015,6.280226426867866,47.415940731324724,876.670928481559,66.84548224191558,INVERTER_FAULT
18.371211459705705,6.323529100452754,39.35649025629835,813.0261213377604,64.91386615681071,INVERTER_FAULT
22.973694690319142,6.973114405939689,39.224302191038554,782.8349131706129,107.6978747903025,INVERTER_FAULT
19.07434515977867,7.0735934181291515,50.92866452945737,863.9020544622922,78.50001533762895,INVERTER_FAULT
21.47535825232517,7.4116234863487485,46.12323801883939,875.4796426193027,96.67353566099064,INVERTER_FAULT
18.67069386262218,6.969308995706128,50.98879537769547,868.0583742114093,89.03900710773813,INVERTER_FAULT
17.20144512190761,5.9239181805159475,45.44848561566746,804.7175869139977,67.04498899944244,INVERTER_FAULT
18.041572297762894,7.083065237333784,49.313544852600806,844.9302438057495,74.21227167848706,INVERTER_FAULT
20.52742472757353,7.485574036527173,46.716272571195326,785.0084566999611,84.96451206069105,INVERTER_FAULT
18.242533793446142,5.8915676137208095,49.382716900006315,898.27279338504,63.83766888814796,INVERTER_FAULT
18.27951343864925,5.972493935430229,50.717355663197694,850.3709068471195,72.22351527986179,INVERTER_FAULT
18.908374606897222,6.762028387009062,43.4019752741043,827.5549812820916,84.11350543500625,INVERTER_FAULT
20.137434546342924,6.087055908335899,40.090878304472625,831.6007371373393,76.06970393397859,INVERTER_FAULT
20.400790333972232,7.3290575272737275,38.50658716546095,814.1125417558583,87.15911335957647,INVERTER_FAULT
19.516060860856484,6.35940161408632,48.20652673348264,813.938227756281,80.80394797917376,INVERTER_FAULT
22.187000845199716,7.321355479836609,51.42298446615044,888.2565612911984,114.3599146486593,INVERTER_FAULT
17.64171610389692,5.8951618887009545,38.09083317292737,878.9582100400737,73.77496781662374,INVERTER_FAULT
17.308547415291734,6.773887150853758,48.450436629104885,909.8659929207279,77.37849852332596,INVERTER_FAULT
22.792056129241267,6.189346282025095,42.89899947279971,856.0217514020084,86.78432899388868,INVERTER_FAULT
16.00998009801273,6.963544050173975,48.52403858069877,884.5764446561478,67.85646832439058,INVERTER_FAULT
19.656026313178202,6.219947036353339,38.22450960042904,858.7428517779986,69.8149481462113,INVERTER_FAULT
16.560289268640084,7.010998137393575,38.133086833853476,914.2611821052217,74.02724573574667,INVERTER_FAULT
22.88111501494304,5.615995144945417,46.16941368412279,828.9057850366275,89.10103511457729,INVERTER_FAULT
18.528559146640003,6.020975158114698,50.005743779398784,832.4514328314565,61.67724414728365,INVERTER_FAULT
18.732023705875335,6.809044538021884,41.56103354328935,840.478262939522,71.38070658270763,INVERTER_FAULT
20.1166495405977,7.012589847720788,43.786375859615546,838.8325685922044,79.70557602258982,INVERTER_FAULT
17.413586051583877,5.809350606255825,44.74362876126153,854.095775733105,71.95827031961628,INVERTER_FAULT
16.512620529940637,6.699735946310094,45.37097938259538,852.272633711016,77.26823185787777,INVERTER_FAULT
17.438769294868404,5.581546548682743,47.4118011068787,828.3220449790372,53.82547678292276,INVERTER_FAULT
17.759618051032895,6.118653548433624,46.63573727497939,804.1620111668981,67.39609261570257,INVERTER_FAULT
19.37732811092483,6.418474782728182,51.635170733334945,786.3705932906414,88.51178328707252,INVERTER_FAULT
20.073560497958233,7.091455429939677,44.02549665222506,843.5373033759772,99.57229293615525,INVERTER_FAULT
22.271541474043314,5.977377762862595,40.78938630018465,849.4729243417931,93.59343746619815,INVERTER_FAULT
18.256485653843235,6.804029230678262,47.914123628368415,889.0144530851818,80.22810833496222,INVERTER_FAULT
18.817186247952787,7.434031977597946,46.55863054623994,881.9991296286579,85.14215806402666,INVERTER_FAULT
20.68964426702156,6.015595324328252,41.431356845400906,880.0611082533197,79.48511087153815,INVERTER_FAULT
20.78293627295673,6.038876981496183,46.38212677479423,842.1507109584358,81.76479307264765,INVERTER_FAULT
18.036158125709534,6.9309019272982475,49.283011126232516,816.3883063400813,75.1423003306842,INVERTER_FAULT
20.62807988803365,6.891170348607089,47.857395581564305,875.5777906686171,87.67588942085038,INVERTER_FAULT
18.763975720825748,6.009635247288763,40.195671798549085,876.9608331155669,63.806985568884194,INVERTER_FAULT
22.56454600750747,7.153372607342902,50.00508035940159,906.9336340461266,99.98911170618494,INVERTER_FAULT
21.926905063452807,5.816122600583299,38.3029851245153,889.884795252939,71.76285577166487,INVERTER_FAULT
22.91967267128145,6.849592859203112,48.548295943389476,814.4125398789013,104.32910506964213,INVERTER_FAULT
16.3025395607847,7.1756514398472016,40.374737302442014,877.6301293567278,68.80394293854734,INVERTER_FAULT
16.4791721859823,6.462987357098789,40.37000694381905,882.1221583657169,62.87889348355975,INVERTER_FAULT
18.3973078936508,6.634878502528946,41.989555886082364,832.9183362693947,84.06000245422969,INVERTER_FAULT
17.25446894692718,5.664403178963868,42.59700899186227,839.412747381943,62.771321699825485,INVERTER_FAULT
18.60696587322505,7.07982340044561,38.550472827358625,840.4474553477982,81.01425703823375,INVERTER_FAULT
20.533049435648014,7.432552503794792,45.14525569280407,918.1627585718409,91.77875252583593,INVERTER_FAULT
16.21607692779723,5.831326334952825,43.531748386843944,824.2867472863973,53.568865007912635,INVERTER_FAULT
19.028620753835018,6.176231543319125,39.71666908640414,821.4563982856672,82.34919508336746,INVERTER_FAULT
18.114342058425382,6.927910846484103,46.568659115208575,839.805362737172,74.12139112779688,INVERTER_FAULT
18.583102895421618,6.684214426942086,42.91054500649097,810.0855007003925,70.77665512171451,INVERTER_FAULT
22.158368565366956,6.380625951503811,46.75291650440102,848.6574505591527,98.73376321010146,INVERTER_FAULT
19.828543967137477,6.461562835898227,50.944413865903975,880.7565434463496,72.89752628484125,INVERTER_FAULT
17.243931228377697,7.074245725878884,49.70191849651936,856.3267160726415,78.5915458601261,INVERTER_FAULT
20.42353073996011,6.378231548565279,47.52278772877466,795.1873760592982,92.93404608141769,INVERTER_FAULT
21.251083766564452,6.762348408018013,42.42850879813273,802.5337682439421,89.0393204218346,INVERTER_FAULT
20.63103718401841,6.767419486846222,43.356976170918,865.8600951366382,96.10487247218167,INVERTER_FAULT
16.18399340636325,6.401242095860551,48.61977319853507,856.4602258648728,68.45225061880458,INVERTER_FAULT
19.616734748237395,7.483749089364622,38.764701510846535,848.7462750481328,83.02519229116717,INVERTER_FAULT
17.118498934794992,6.266076700836524,40.177561281006824,914.9162032339311,76.26109711087616,INVERTER_FAULT
18.352767523544227,6.779495424075359,45.47254648831301,894.1821772722076,81.70399699807119,INVERTER_FAULT
16.001767181433934,7.026348771219478,48.45587369814565,851.3611787793074,79.09689262314322,INVERTER_FAULT
22.35912343983281,6.547823353408795,46.51183523675152,919.5130900694542,87.95919524712475,INVERTER_FAULT
18.27232069618034,5.865547805326993,50.54213714821015,884.2283745928972,60.87226908410802,INVERTER_FAULT
22.87237145838576,6.961923416322232,49.90730953446965,786.7411104842481,101.24896092803188,INVERTER_FAULT
20.890188007089275,6.585893169143683,47.333064519789886,894.5023689026661,84.42455518231856,INVERTER_FAULT
21.940680729330968,5.8258322095305815,41.792404770369245,786.0683867898256,78.22144321405419,INVERTER_FAULT
18.65936681376884,7.110541194414502,47.14382938405518,841.1411581417933,87.68163012432304,INVERTER_FAULT
16.36948345360984,5.860543072036752,46.77726997338457,869.7913546915423,65.38893467584516,INVERTER_FAULT
18.820998313375217,6.945108193232312,47.57572465584265,914.8750729717789,76.67311401660263,INVERTER_FAULT
19.86175694626848,6.703528884220939,51.98107038907909,808.1657799033312,85.07187923818606,INVERTER_FAULT
18.42329715399547,6.551785937158,41.24980042944348,786.6657329798484,78.13703038559136,INVERTER_FAULT
18.350980211025824,5.8638828034968675,42.53509792509247,786.8992282026843,76.57118001673008,INVERTER_FAULT
20.068035404812825,7.12953736269405,43.923654765668225,906.464053459266,90.44738919743756,INVERTER_FAULT
20.017617255404687,6.4835879601253135,48.26589614214712,859.3318508642888,77.3747448468463,INVERTER_FAULT
17.018776719258526,6.712248777765955,44.848519461658505,793.4365975374558,70.51166663168748,INVERTER_FAULT
19.603434954003177,7.15378646765118,39.06541478166707,828.7893487544404,96.74394377875711,INVERTER_FAULT
20.53896752240105,6.079916643607573,49.834691708316996,849.061101278777,79.26077130973002,INVERTER_FAULT
22.83611137440269,7.394233006472756,43.01945756717782,799.6810780128316,102.21894744619179,INVERTER_FAULT
16.213382822179717,5.541535773420782,43.53730990751987,911.7427751776128,62.724981882015065,INVERTER_FAULT
19.58009983742336,6.630452762341662,38.08306895444479,810.1701618167272,71.95048074743706,INVERTER_FAULT
21.28177672886771,5.791291592052995,50.16665943467544,870.0654039146103,72.59379087782284,INVERTER_FAULT
17.104042219582748,6.755249401846106,50.61171772395253,880.5704306480134,70.39434536782505,INVERTER_FAULT
20.11168516688053,6.1215233907448425,51.98809393490122,884.8374863846592,80.5714257400837,INVERTER_FAULT
18.962813999360804,6.736304580519114,42.78262487454269,784.0410775241243,78.83622564245408,INVERTER_FAULT
22.51336573705907,6.752602189547732,39.17537984299262,903.8991058753036,90.56190562483005,INVERTER_FAULT
17.706386451579093,6.094181937560641,46.080831305763404,856.2563330807567,68.36276604279071,INVERTER_FAULT
21.02275804458839,6.133075462669918,48.94890330201403,804.5450349730039,88.06790322534276,INVERTER_FAULT
20.64667073675198,6.8664166190951725,44.74174755978164,873.380214575321,79.89591592377357,INVERTER_FAULT
21.96085781934557,5.611094466975292,40.082381138200965,860.7505591896131,83.26275290036845,INVERTER_FAULT
16.533760950423773,7.34152962824464,51.63050708320978,864.8330242210795,76.69122221898965,INVERTER_FAULT
21.189764805958248,6.15671470465441,44.90570207747149,908.2611437540162,92.94724448310623,INVERTER_FAULT
22.489483812358294,6.0248961339276805,41.254566563034686,821.673030830104,84.68860394765797,INVERTER_FAULT
18.199171889543745,6.2484255914781155,46.68891732969063,886.7535947931566,76.7635208206893,INVERTER_FAULT
21.700964969554065,5.564368806430805,38.66827305550259,890.5136144964081,77.35666730909557,INVERTER_FAULT
20.04698471633484,5.605173720428754,41.574393216397795,869.3696026839668,78.21416054205325,INVERTER_FAULT
22.418883780269816,6.500838991670164,45.63663925833477,896.6269483496587,93.47807620286376,INVERTER_FAULT
19.618009678761222,7.310168075521908,49.05905809478232,907.2701536905812,84.19685432875903,INVERTER_FAULT
19.670628406587497,7.184944257186716,39.55606958453953,891.2527016011546,82.12901321669376,INVERTER_FAULT
21.656831284897248,6.7240018751137365,40.705303880788136,846.2695851065921,96.97221751043112,INVERTER_FAULT
20.436970306184797,6.354494392463408,50.59113140489298,852.6968780282982,82.594833640155,INVERTER_FAULT
16.43575412959018,7.344240779595275,40.47963196149722,853.9682570811176,82.87898965263439,INVERTER_FAULT
17.508172938689505,6.554746579941682,41.369588729126775,886.3572996919877,74.12890191311668,INVERTER_FAULT
21.991831022766004,7.2891160057547655,47.08226875423557,881.5547744622522,103.1324451371973,INVERTER_FAULT
18.69100113147168,6.796235846041669,50.716040728822605,838.3352532604013,76.65528175288416,INVERTER_FAULT
18.719058569868018,6.370795260423199,39.02985440568803,849.7818576608993,75.61183938724592,INVERTER_FAULT
20.119106793483663,6.225640060942663,46.583506343378254,902.9502834383884,89.23494179948203,INVERTER_FAULT
20.085285512987348,5.585181907940626,51.56930396173952,878.8206885254758,68.10601212368012,INVERTER_FAULT
17.030103906746064,5.78683722447255,40.348421685954435,786.3801530259349,69.3170491350538,INVERTER_FAULT
19.785377629791356,6.899918825427674,49.5935191297563,890.815740886648,95.5681139535352,INVERTER_FAULT
22.770782357674662,6.378141229483879,51.30469653335747,881.2605927679942,81.62419345900553,INVERTER_FAULT
20.772481848486418,6.873433319209697,50.68204789309538,832.2104985458129,92.725198618712,INVERTER_FAULT
16.085312857082197,6.164150484362672,38.87141216622293,853.0622161870856,68.31256594346851,INVERTER_FAULT
17.445098844903484,6.554882091115557,40.85612091115074,796.8963854984737,72.82638260249794,INVERTER_FAULT
16.554040346648094,6.674709262275979,38.438724449474165,794.9400960615726,71.10245980531494,INVERTER_FAULT
20.139851890292398,5.557973860187516,46.02727503202182,897.3903535453092,75.31035950522184,INVERTER_FAULT
16.91829572744559,6.68494929512723,47.411535001038985,785.2123682453208,78.64934340981772,INVERTER_FAULT
22.34387178102881,7.200904546724518,49.544840551847585,884.295127784525,105.81869342788073,INVERTER_FAULT
20.750389034917763,7.112790586669966,47.274978417058264,825.88177393549,90.60942405038519,INVERTER_FAULT
22.279402278606046,5.534244171594324,47.78348813741995,913.6688573395302,82.61801562871986,INVERTER_FAULT
22.957383917622472,6.875089811056662,38.481082409036055,895.7813834305693,94.44587281191079,INVERTER_FAULT
19.122400579651085,6.124183831814165,41.75975748693551,840.3967985137699,71.95039383482383,INVERTER_FAULT
20.433370072898125,7.126302401975021,42.15924114462137,809.9209613950825,96.59652720972682,INVERTER_FAULT
20.69224046081547,7.302262478572343,38.223239610346354,899.4256926963114,96.48809208524372,INVERTER_FAULT
20.34911462420469,5.682742881122829,44.05660906020864,811.8223370133933,68.59903901331883,INVERTER_FAULT
19.528665802732192,7.124911900806225,48.412933022027985,862.7399942720335,89.28630505377426,INVERTER_FAULT
18.99114230264143,7.445419947122772,45.842695759279266,815.5552957637111,83.29917262051919,INVERTER_FAULT
20.279471215425993,6.545655054621857,38.10776924136598,896.2091521074091,88.8977070845263,INVERTER_FAULT
20.632805027746723,5.637561315395318,43.068781902414884,910.9535165025901,81.03228146692172,INVERTER_FAULT
17.998800565086732,5.814117768198278,44.28723140036008,829.8162530134725,69.69274776656161,INVERTER_FAULT
22.765043670590238,6.226002899965123,38.87113841713139,905.6659611679339,78.86877367401021,INVERTER_FAULT
22.669361280073332,6.829158856018079,51.18364891818729,807.952356130857,86.21811161101117,INVERTER_FAULT
19.417469847935443,6.40124682914025,42.64089182556836,914.0719064144176,85.74426941746106,INVERTER_FAULT
20.631074149629153,5.825716583275655,48.28052771505935,881.7817436579613,74.79011253090526,INVERTER_FAULT
22.473501367998097,5.833955764458021,41.7427258737633,788.8514074950887,89.83966544301903,INVERTER_FAULT
20.35231570266778,6.129880611362499,40.293391290320415,785.6206878040236,72.15295857987606,INVERTER_FAULT
19.172992524363607,5.994353938021212,41.625750484047536,902.58069133348,73.27612217288676,INVERTER_FAULT
21.104763811898902,5.571421898056286,43.1122869794924,847.0837086353619,68.39727303107466,INVERTER_FAULT
16.84134079011877,7.240607556999685,51.15204277939715,791.0329377263571,74.30302611167878,INVERTER_FAULT
22.707999397011317,5.66632346626493,47.01097922030217,916.1109919353808,92.16668977975357,INVERTER_FAULT
19.298563316326202,5.825498215564761,40.82918040968414,904.5441953174152,79.25717956128229,INVERTER_FAULT
20.255157507114884,7.032352798939822,48.359037520585716,872.6550237184749,98.37532228321218,INVERTER_FAULT
20.797846361282247,6.568004611494999,41.31738907623419,884.1443401766066,86.12439534722775,INVERTER_FAULT
18.063541788052564,7.1038925514835505,47.7539904049424,911.227538837458,74.18585415241886,INVERTER_FAULT
20.54432499245545,5.988478936176352,50.65016179422298,793.9299179959262,81.38969858259834,INVERTER_FAULT
21.53760005069621,6.209835680729414,51.35793311137333,899.1022958420452,80.25835752314993,INVERTER_FAULT
16.05278764901199,6.0933143522361215,41.9383465865904,904.5950450501273,69.87984523967869,INVERTER_FAULT
16.493079901791823,6.442589657066634,45.67664797941714,793.0076325861585,65.261055430585,INVERTER_FAULT
18.219576921750654,6.572112708654174,47.25667259624713,878.4879154695193,68.64139595442869,INVERTER_FAULT
21.690633913612352,6.857084059581518,50.44704883445407,842.9070483209607,104.40585701128784,INVERTER_FAULT
22.06041885649253,6.376818664718539,43.3360064141017,910.5936820958359,94.47443107349926,INVERTER_FAULT
22.49771742506653,7.0939495577916265,46.5301641500798,796.2193887805271,95.68705819908864,INVERTER_FAULT
22.781896849688742,6.1388441974284085,39.305568176995195,879.0574698287048,94.37113097498643,INVERTER_FAULT
17.998204042010055,6.095343958692608,44.56450179712297,783.0504529667157,75.05867287390491,INVERTER_FAULT
18.21962151091888,7.207526204003955,49.23682590240047,872.5962846366297,79.47766779450967,INVERTER_FAULT
19.61421593162819,6.389658515195918,42.74434640748144,898.739080502445,79.23197536402161,INVERTER_FAULT
21.829061684580026,5.710436948283649,39.9743470404047,916.8248427158168,81.01486958413851,INVERTER_FAULT
19.568387714493344,6.546312126288223,41.01376283646004,880.6185529302762,72.3017043783452,INVERTER_FAULT
20.013265991721163,6.641537593171803,50.79863793786915,853.6655934146804,76.20246904974461,INVERTER_FAULT
20.009272814737137,5.682655288730665,40.8531136941989,784.3552017862382,72.46014775284016,INVERTER_FAULT
16.591728307055007,6.4387887570626585,51.061230494538016,880.7665978227064,60.16273802207799,INVERTER_FAULT
17.569468685461903,6.847324839786868,50.52582605433857,784.6086021469536,82.78309377922758,INVERTER_FAULT
19.93269716236816,6.592182650592785,51.40938455854701,884.6702457635482,91.25994167126697,INVERTER_FAULT
18.477968986812666,6.608728081656819,46.61567948398879,825.0217516507452,79.00190894203372,INVERTER_FAULT
17.656587656357996,5.786751342136479,43.235583629882655,883.5005480245012,72.10968520986808,INVERTER_FAULT
19.203998360487628,6.785647376550863,39.44251983365141,906.624926197326,84.26762806332118,INVERTER_FAULT
21.462367733376098,7.088882401842787,41.590727369153484,854.0844234454589,108.52165264218334,INVERTER_FAULT
16.627441813745794,6.866099796059126,51.471697092492406,822.0807951275631,79.5102443251482,INVERTER_FAULT
22.5356028178579,6.99417241878965,41.238596372297415,826.7601006357231,87.64935195121294,INVERTER_FAULT
21.820172639717487,7.19922237302216,46.857944339526696,829.3538991769392,88.44979029034833,INVERTER_FAULT
21.271403269404367,6.953052387219846,50.776435304344616,882.2744829407507,102.18169305464716,INVERTER_FAULT
21.221682325327997,6.761374376624633,43.97752951867413,906.2964232099189,94.79727797059395,INVERTER_FAULT
18.788487253761364,5.666938590363914,42.06986798266135,856.121742876223,63.549384652226074,INVERTER_FAULT
17.548647435425316,6.554787028175694,40.377484842540284,892.0574088655145,72.73687946341873,INVERTER_FAULT
20.017039417738552,5.794766535194697,42.544068698811145,837.4125556565614,79.7338808626296,INVERTER_FAULT
21.391116661603068,5.945954949575363,46.626507142498106,814.0838900880797,91.32311875726332,INVERTER_FAULT
22.664867146916094,6.6265294410412405,47.784636006518,892.2002535092104,101.01285075813645,INVERTER_FAULT
20.898800837576946,7.417108015899056,46.35038548830197,869.0823740546678,107.63424709996681,INVERTER_FAULT
20.689236075008846,6.9658652440350455,41.278361606752995,831.9773693761099,82.87403936358173,INVERTER_FAULT
19.54035809634364,6.411454801360493,51.960279399912395,865.5692113941759,85.65483857252707,INVERTER_FAULT
18.33810269530358,7.163090662685593,46.611189530827566,877.5789264237814,78.82148776790753,INVERTER_FAULT
19.84046874186904,6.768073946827217,46.24732546143213,908.1271195994393,94.36064554730596,INVERTER_FAULT
22.796888405138095,6.8348560120139785,51.606797821759585,896.5469200044672,92.87127669028119,INVERTER_FAULT
18.99204968685908,5.97678488437802,38.058760251627916,806.3268254405672,62.50962439918608,INVERTER_FAULT
21.038869229453432,6.351068595442399,42.37604617909002,886.6409247533263,92.40078715306934,INVERTER_FAULT
22.82709677054916,6.784027169350482,44.46140541956073,822.737002225041,91.02558478958905,INVERTER_FAULT
17.490481653378207,6.3183787494395975,51.88500897403102,780.1195176412365,64.48621607906736,INVERTER_FAULT
17.318750876825018,6.934238971064585,42.93478618637287,844.0165126428549,69.08506226269175,INVERTER_FAULT
18.834979272138632,5.706399623811672,45.46260603044016,793.7113711535999,73.55779725099548,INVERTER_FAULT
19.966212022783427,6.947935747547033,43.85922941313758,833.4087810539119,78.6142444311266,INVERTER_FAULT
19.66698924929976,6.5290043297141835,44.553428622294476,883.6725710555429,88.79595697485183,INVERTER_FAULT
21.255527724639556,5.787731485613688,46.70883312994951,791.2452347965346,82.18877360946699,INVERTER_FAULT
18.67287367592789,5.764997912532573,50.06871199766579,865.9611674654512,65.69858143151261,INVERTER_FAULT
16.2150902575535,6.574620518007221,50.92516229880726,863.4931765783313,76.24402026618044,INVERTER_FAULT
16.95515782789321,6.636610209189674,49.17375067209001,853.5757023576002,63.63065303082744,INVERTER_FAULT
20.080202010830526,6.723475811684944,48.20192947865493,886.5696121231664,91.94519393062468,INVERTER_FAULT
20.644110755472763,5.9316223728373165,43.65930058175271,888.6581961660158,87.19669834128113,INVERTER_FAULT
16.552628753856354,6.57107335559439,42.37531179854029,811.5551452043562,69.17546480711925,INVERTER_FAULT
20.242625383895756,5.5195444628389625,48.922892010816675,894.7834983763227,79.79055975023878,INVERTER_FAULT
17.264506132572865,6.6891051247218964,43.97275522866953,826.8758992177491,74.62093661607794,INVERTER_FAULT
21.476681652564853,5.54610556689042,51.571601575926614,893.3834219987995,80.72170321774456,INVERTER_FAULT
21.322711675263523,6.278121419237305,48.52268771182739,834.147829204414,94.07877164813307,INVERTER_FAULT
17.240556683145286,6.084694848430303,45.71872559778706,824.6895450242182,65.26261666164336,INVERTER_FAULT
19.446958825790162,7.212706697627017,45.3246915505217,830.7443788060384,83.05315566380841,INVERTER_FAULT
18.86073185154538,6.53147220882874,48.44560800084531,796.9468286641275,72.39453404761854,INVERTER_FAULT
18.657578111080714,6.22079681023903,43.484473226472964,891.0929770496455,70.23165818494066,INVERTER_FAULT
19.513287262818654,6.747814065715793,41.25049970257047,880.6173542006554,84.6662931174817,INVERTER_FAULT
19.127468141219644,7.119568053476628,41.40893362859255,903.6446358860053,87.88717026615521,INVERTER_FAULT
20.264224155657608,7.250117928337886,49.446157629890706,864.2186896350661,99.61657135474502,INVERTER_FAULT
19.03323643163028,6.594755506999492,38.86898191391916,792.5801085200065,86.73429371812517,INVERTER_FAULT
16.417701589777476,5.838798251265215,49.14165722530618,780.1604330879559,57.32490652530485,INVERTER_FAULT
20.088270604786352,6.690899862938593,48.88014071521263,850.8296756289038,85.56429313983439,INVERTER_FAULT
21.077174028784903,6.497248926532567,46.51887521189064,905.6883695557071,84.66495350016936,INVERTER_FAULT
18.695875496434557,5.507097983729542,46.58796766129725,784.1680670369984,65.45222344733423,INVERTER_FAULT
21.629636523225585,6.599842141039327,41.77490631303346,890.063579002912,85.0591602990372,INVERTER_FAULT
21.131222466621292,6.7205169103804625,40.37994815447202,906.718742478186,82.95097884802901,INVERTER_FAULT
22.92710951898469,5.514620977309882,41.68876728000064,807.9804416183879,69.83964754512083,INVERTER_FAULT
21.12657530103121,6.886851604199192,49.092913500969026,815.9377965050392,91.01287111615085,INVERTER_FAULT
20.613794651350833,6.379537007776287,47.76256078445082,868.7562771816619,74.8916338737221,INVERTER_FAULT
21.467301847538778,6.941352718185037,47.18168142664368,801.7131048779403,88.74556467328053,INVERTER_FAULT
18.752239221113204,6.059859243312887,41.18934406946584,892.7500738226486,74.82920114456583,INVERTER_FAULT
19.958304920851752,5.951905421706508,50.853071871760974,806.7656254736243,81.3879387522497,INVERTER_FAULT
22.766708666937053,6.954185458448472,51.90002285258482,871.1471563769126,92.93111227012442,INVERTER_FAULT
17.42673645601558,6.149128568510953,38.09982028309408,875.4377858115969,63.831923839833294,INVERTER_FAULT
21.70628262604927,6.2183453011186005,44.719390908486375,915.1964483184518,79.79434825642801,INVERTER_FAULT
21.048778682008177,7.010235578610835,41.093974205330895,850.1395571257074,89.94099407552936,INVERTER_FAULT
21.403343703800623,6.744966638058075,44.66376276804766,889.1108571066806,85.1718549034769,INVERTER_FAULT
21.275353164090514,7.230748624185649,50.300702355306015,889.7143030227445,95.28068797579438,INVERTER_FAULT
22.87265615902479,6.259187287644879,46.940755587433955,802.5503849297256,102.6024186868691,INVERTER_FAULT
20.92790145305264,7.006755090492737,38.92087384775603,886.8784939908941,99.96266219538306,INVERTER_FAULT
20.70240908453561,6.083819227580687,44.85566059025234,795.4608119832203,79.36970652581813,INVERTER_FAULT
17.706766968202835,6.1981939729881645,40.276405717651784,812.2076114845656,61.79106609318969,INVERTER_FAULT
22.43930956505845,6.560821375950807,43.55438759767836,854.9040897876298,96.69574420850142,INVERTER_FAULT
22.453151553585442,5.857385904572626,42.13773498089304,916.6105070881761,80.6333030493896,INVERTER_FAULT
16.157931555301293,5.795286985274318,38.36874182447973,918.589239938902,55.94119992937933,INVERTER_FAULT
22.464799298553583,7.491772551519432,46.3977770960036,784.6474841091787,94.9000760388023,INVERTER_FAULT
19.371123385755144,6.312344025822972,46.48648228094475,841.438693359591,86.66922773145873,INVERTER_FAULT
19.743178007894578,6.887452122924884,50.550793816994954,800.5620626166491,80.09979796013906,INVERTER_FAULT
16.751230623318104,5.779276798459825,45.17617553707926,824.9650962554449,60.20995070008023,INVERTER_FAULT
22.877428822558432,5.813408695591896,45.57136899117306,793.8419617075111,80.34869060733739,INVERTER_FAULT
19.69268146572219,7.393263491930675,43.47719509796876,789.0869374700537,89.68357293576022,INVERTER_FAULT
17.020188231117842,5.959979226582891,46.65326872430987,789.4393412685155,63.80604828608985,INVERTER_FAULT
20.266231102075352,6.343716784734994,38.26776890873222,917.9727099664012,78.73336685001378,INVERTER_FAULT
21.45004030853287,6.151292984374907,44.65023459790786,834.3849099655395,80.25342101854955,INVERTER_FAULT
16.15295964045445,6.220041875709007,50.452859865593425,876.6550674031157,57.74350640474276,INVERTER_FAULT
20.138085032359175,7.2844617198977435,47.80047657350798,800.8158149299376,102.32446337925288,INVERTER_FAULT
18.110808093022058,6.408152288624684,45.36599863564805,899.0709246129474,82.21154697412099,INVERTER_FAULT
22.507570144533894,5.515908362557081,50.906438798196405,787.6141752402201,73.8916040152233,INVERTER_FAULT
19.60491498309483,6.459851378008788,46.46593711442349,847.1224720231808,89.77141585873629,INVERTER_FAULT
17.68384193750211,6.048049388076972,50.890331099702784,790.7435319243359,69.90702716682752,INVERTER_FAULT
20.772151664459276,6.5110834468594785,47.71924630352392,804.1856504416754,93.99109958973084,INVERTER_FAULT
16.9801798262892,6.301624888631499,39.05360641831488,856.329551034436,71.03448445469213,INVERTER_FAULT
22.588551445667033,6.978672391792002,45.57544083035812,910.5663824038468,99.52233381765414,INVERTER_FAULT
19.928439571692085,6.692197055340191,43.73971616241194,897.3875766792154,77.54909408946207,INVERTER_FAULT
19.883895332601256,6.9444665123743885,50.65566640627208,903.748575500799,87.88790433101589,INVERTER_FAULT
20.50213015814339,6.288475472258602,44.554488680322805,906.8772109602269,91.30873954649287,INVERTER_FAULT
22.267898406469136,5.776741723627277,49.90117629862891,912.7709223430072,78.64958919808564,INVERTER_FAULT
19.630524025951686,7.058190511625992,45.86909392591908,919.0876930388749,86.93989603190579,INVERTER_FAULT
20.99759897845164,7.085182280393088,44.91740582061815,899.9777327995926,95.6374086964859,INVERTER_FAULT
18.88155557761142,5.715647347703894,43.50779006890594,882.7511036626598,76.25851023566862,INVERTER_FAULT
17.76175582702217,6.210471034661005,40.15545391746197,876.7012051920557,78.67581968232976,INVERTER_FAULT
20.486665538937228,6.734153060012453,45.74885902700608,792.3838036959751,92.98742927015657,INVERTER_FAULT
20.214346804845455,6.822953537712574,50.5833553023839,889.7545101885426,94.16670898702736,INVERTER_FAULT
22.490286382155432,7.479869902926,46.13795824745483,795.2434262443631,105.65369523958151,INVERTER_FAULT
21.51320802523151,5.555450649523698,38.79642413698609,789.402089533595,80.5864868727979,INVERTER_FAULT
19.508166399942205,6.237795887041187,39.4786386336643,882.5136350288245,73.56929987771359,INVERTER_FAULT
17.85726849045267,6.804638403107102,45.82615249635579,830.7374898538623,80.08300036598499,INVERTER_FAULT
17.89855064268883,7.089660523208654,41.21046530430716,802.2372773534822,86.67090982779087,INVERTER_FAULT
20.955244214885532,5.865277951403597,39.62744053765913,897.3758723881369,83.82615459810137,INVERTER_FAULT
18.29080161589765,6.816394816426733,39.73824261166935,850.986672266675,68.96952018941562,INVERTER_FAULT
18.741213166450887,5.64968564294281,44.65206052219636,839.0354305594052,66.2339806448213,INVERTER_FAULT
16.31731911433596,6.223232682563665,48.59077388739883,831.6480122695068,68.19650274966327,INVERTER_FAULT
18.586351065436133,6.346478882980373,45.894489579609726,913.0954711529915,67.0597976612122,INVERTER_FAULT
16.230396380628214,6.7159143676200905,51.28735924499797,918.5612385576601,68.92279792404568,INVERTER_FAULT
19.276571347595688,6.789927541490393,45.778886600869576,868.7723280659766,91.43469424456016,INVERTER_FAULT
21.224143186413265,6.493754783373591,44.46610242600237,869.5442447918363,86.48067397976635,INVERTER_FAULT
19.204455458859478,5.53261180357301,40.43689792370232,848.3919095994054,73.29722788290735,INVERTER_FAULT
17.95108904708987,6.545286866262298,42.829469186629254,794.6725585355425,83.76346716158609,INVERTER_FAULT
21.98271709175211,5.656984848933813,48.077021674555986,828.66118661005,89.42736855194177,INVERTER_FAULT
18.116789638802842,5.9774768907252,45.95046767627567,896.9176628680486,63.105206021734745,INVERTER_FAULT
20.96581938803532,5.622813166282244,50.86508640354696,791.3504882606219,83.15968811096852,INVERTER_FAULT
19.43565074616892,6.39618222559184,51.626299113005274,918.6537848777507,82.11313752245108,INVERTER_FAULT
16.88983504299934,6.512340171310405,45.40828341337927,852.0224999389434,71.1445500565106,INVERTER_FAULT
16.131072996560736,6.922454562941005,47.97352022734184,796.1657685249043,72.24168180787497,INVERTER_FAULT
19.978528277050422,6.8649008403808,39.195567689891135,867.7104630172535,81.97874004419033,INVERTER_FAULT
19.5490209334732,7.046647105408153,47.87904310908219,796.6464224749191,89.60985593869462,INVERTER_FAULT
22.78381571658517,5.813538874670004,49.94069922815581,878.3567312775288,90.27847976271146,INVERTER_FAULT
17.97370828999852,6.075777858759685,50.68427238087084,830.3764844929582,61.23220571394064,INVERTER_FAULT
20.20417692505615,5.749635338083685,49.15234737971072,869.844501950148,81.16604536034279,INVERTER_FAULT
21.493860748478447,5.724227296676393,43.33498947008191,888.4384349880422,76.39880562608957,INVERTER_FAULT
22.80655839345985,6.971480899786899,38.2169988336645,903.1979968185171,90.17219340979469,INVERTER_FAULT
16.9836660692606,6.968984801222102,50.109559832026726,855.0889479059379,70.91337484845029,INVERTER_FAULT
18.45920881677223,6.185778659192112,42.57349345333317,814.007354055031,74.62046866763941,INVERTER_FAULT
22.302837229955472,6.114164826166682,40.61372016445977,897.4008732919995,92.19560677313386,INVERTER_FAULT
22.515859220919374,5.831039471209819,40.01951839763228,855.8001152026995,85.92379441918744,INVERTER_FAULT
19.361214093017125,6.6979332726477505,40.525316764251,847.1459255829717,85.83212483450986,INVERTER_FAULT
19.028945144740927,6.8588946716331955,44.31667792775376,826.7039413179189,78.52102451980834,INVERTER_FAULT
18.876314412920117,5.546179245364401,47.359351938245595,898.3147897372367,63.89177336364306,INVERTER_FAULT
16.32223195299203,7.473551194771115,41.69177557631494,797.7269570367082,74.7594962789804,INVERTER_FAULT
21.169899284434898,6.087833193781131,46.045844854872826,838.1783992211999,73.46348681812707,INVERTER_FAULT
18.31200908744477,6.9497410114281335,46.56805456264024,796.7689731836986,73.52849928295153,INVERTER_FAULT
20.485133515152118,7.1268308286417374,42.89264294341437,863.343505258083,84.53194675354928,INVERTER_FAULT
18.179634358337267,5.540540411346106,48.75586326919331,836.1413747682153,69.37347142039388,INVERTER_FAULT
20.958610972159086,7.157488531456954,41.999221374160356,805.9152222598983,107.29147500817633,INVERTER_FAULT
21.021294509286086,7.168084535853341,38.183867231939075,829.6246268414241,101.90332917349797,INVERTER_FAULT
16.545879830929884,6.634679859137871,44.00701874437004,782.466310999755,64.78092065641253,INVERTER_FAULT
17.993543923467,5.723719892692645,46.841516736397246,813.9357026752645,61.5051486472081,INVERTER_FAULT
22.287670187401034,6.434246185386279,43.48979405756981,881.3419453640604,101.04763515082207,INVERTER_FAULT
16.17525435366211,6.396477693110793,46.550938985091264,824.5988337376385,70.4914320757792,INVERTER_FAULT
22.80033949189192,7.3868547325005665,41.72375555131919,811.687358981248,120.04728707498197,INVERTER_FAULT
19.210399412020262,5.916595446169383,47.89795749082585,819.8188453465308,67.67689577131263,INVERTER_FAULT
22.154743301544492,5.824958306753807,38.90150125052731,817.6861016240362,84.29326980846385,INVERTER_FAULT
16.861614973822896,6.443189344553588,46.78271954595448,898.8231789630444,63.99893410817412,INVERTER_FAULT
21.721424263679527,5.969812522262477,47.474731577354966,840.2943000075437,73.84813383702247,INVERTER_FAULT
20.99984423975294,5.935525237098036,40.47272796434428,830.1652100025136,82.39781135030586,INVERTER_FAULT
17.637975351534394,5.867323077563771,38.1393507599871,846.0300335942413,64.45935738306953,INVERTER_FAULT
17.637074205461634,5.6073043280193815,44.009582244341715,890.3487155500284,66.4186492816365,INVERTER_FAULT
22.025564229021192,5.5191653754263115,51.52987043526438,827.7977153678428,87.32673073329237,INVERTER_FAULT
17.768336224212423,6.443072775156489,42.95498747205425,829.8065000992024,79.3580173838915,INVERTER_FAULT
21.224932578161372,7.4843028704600965,46.58920555804518,844.8559246152304,89.80206128544108,INVERTER_FAULT
22.975929936596998,6.603061305864566,47.80668457566198,836.9439342067836,97.56741941690775,INVERTER_FAULT
22.59804412325021,5.832838875863206,42.093216180623564,801.2883618889246,90.2477500073109,INVERTER_FAULT
16.434316822952805,5.663263299702677,42.178917579023164,851.9863453289415,57.61769278581923,INVERTER_FAULT
16.31371417469565,7.414983115741903,51.34017328501317,819.1098852537064,81.5744964756457,INVERTER_FAULT
20.050027879682567,5.974953390011248,41.670401724382614,848.7614444034631,74.42692585788123,INVERTER_FAULT
18.03860529761885,7.115023192610298,44.74048084692339,871.6787287344779,74.71949759316699,INVERTER_FAULT
19.734553637615406,6.1359520988932434,45.369790545528296,889.31561667753,82.42799685411036,INVERTER_FAULT
18.47954474623993,6.888554234159278,51.17805930551988,867.5937061894869,73.22521693954373,INVERTER_FAULT
20.757960404953664,5.709808772698622,50.20954572310238,852.3324694122716,72.9484219202929,INVERTER_FAULT
16.399046162547847,6.26156746918422,50.64489335082105,782.9376194800824,64.76162336566559,INVERTER_FAULT
22.518106637774356,6.289681999530043,43.9944596244701,860.9984077278768,89.04377611352061,INVERTER_FAULT
17.180211838662867,5.537111078139721,46.53736321170182,908.9129221810937,54.04091634913323,INVERTER_FAULT
17.476669034769273,6.240458971649947,49.32239120629568,817.6964443059369,76.33817019338335,INVERTER_FAULT
16.384705122550464,7.38191324251787,45.85045909023271,872.2288749882787,74.0830370488662,INVERTER_FAULT
21.47395999857742,5.833132500168812,38.68476555389882,835.372372035058,87.0720828435308,INVERTER_FAULT
21.284487856463862,6.534311940977916,46.00992846031495,798.1849956818257,96.37037918919681,INVERTER_FAULT
21.50871778074938,6.8129407877738855,44.52667450860514,915.0242975591318,102.49360448311258,INVERTER_FAULT
20.51101345460233,6.243601995434576,46.652311901541175,860.5617297142932,79.01733397581266,INVERTER_FAULT
18.146717801816532,6.314021584474645,46.03475968446757,839.9388782595532,68.15232915624392,INVERTER_FAULT
21.32674322432566,6.562934991914826,38.9474522851584,831.5643107876575,98.03714605400388,INVERTER_FAULT
21.286655718399665,6.146493567888014,51.134564128623126,790.7244071701494,93.34133309221903,INVERTER_FAULT
17.71993564739273,5.518188360604839,44.073312511256574,830.2558601561813,62.74130738351767,INVERTER_FAULT
21.577410023988918,7.184861604300894,43.61721999456368,840.178404118889,89.17214429559832,INVERTER_FAULT
16.332833262168144,6.78242998047005,38.90212675773769,882.7362167190038,71.07909368346921,INVERTER_FAULT
17.390080847582585,6.579045887025299,40.561968032429384,841.4232090514577,78.4768042268347,INVERTER_FAULT
19.233435053874462,5.797398636595096,48.13360154552123,806.1475782778012,75.3268408787062,INVERTER_FAULT
19.355466024510832,6.407483518188603,49.92009053000464,879.2044934076937,68.90477678921998,INVERTER_FAULT
18.073220202211218,7.241841321699797,38.25656635963278,856.3354824766759,88.18011589280665,INVERTER_FAULT
20.35299259839203,7.021064404208873,48.15968588480644,876.8842973214358,98.55244153012526,INVERTER_FAULT
20.51983467914677,6.304836988513964,44.60672753880422,880.341469575403,90.4289554276192,INVERTER_FAULT
17.90553160587843,6.184153591942142,51.03035154907378,860.9916509373223,64.27061878383137,INVERTER_FAULT
20.64586597238668,7.4815243110787595,49.5283499025856,884.4037591171964,90.41742228909084,INVERTER_FAULT
22.13297849278805,6.551577687071093,50.45006030900738,826.1758961194831,81.28288140344893,INVERTER_FAULT
19.331831780618224,6.039675209635755,48.013210056868175,913.9949173998446,77.93193928613745,INVERTER_FAULT
22.208537507964422,6.406048027202413,48.802970320734225,898.0260811340385,95.44096774283472,INVERTER_FAULT
19.554441002486953,6.751732219230736,47.807097939504324,815.4318164509998,90.78507717520463,INVERTER_FAULT
22.652271772770913,6.430478630359872,47.814940563538286,883.1836268106496,96.51498571360054,INVERTER_FAULT
19.82980575830045,7.263295909149621,44.28497392976452,788.5544139081245,99.89537187074728,INVERTER_FAULT
20.717868906215855,7.198517252999293,39.93966419422572,784.3054116713603,105.71548271213291,INVERTER_FAULT
17.03409814095402,7.119304664140904,49.5249391905289,879.2187280768604,69.40512335654724,INVERTER_FAULT
20.671790371925653,7.2781731666537315,43.95744302721236,837.8923596130038,94.07606012030004,INVERTER_FAULT
16.575903234733445,7.284051138059947,50.168560095727145,919.7073050506401,78.41817470137686,INVERTER_FAULT
21.2583414551597,5.90534381261461,47.345403455138374,870.9625988260347,88.27888022024554,INVERTER_FAULT
21.81554905987352,7.3769329252355265,50.16366861782251,901.6171452858392,90.25588227777159,INVERTER_FAULT
21.921733668871692,6.714956789006236,43.32622232472346,787.9120474143288,97.92043298170455,INVERTER_FAULT
18.297412253763323,6.435552529972069,47.54419811877188,907.64843658338,81.28841556945328,INVERTER_FAULT
19.1541799037252,6.275566314892758,41.356916343816664,832.1397451646355,68.38101407568594,INVERTER_FAULT
22.79773855855328,6.647834887919158,39.78928179913298,829.3928412972268,97.44974488652986,INVERTER_FAULT
19.730199456486087,5.571006737437265,51.31177447920756,818.5525954064923,60.75681590392022,INVERTER_FAULT
16.53510806265198,6.660389806495954,39.92899728945136,785.8414709994904,67.6790676356345,INVERTER_FAULT
20.359328346381318,5.7236796096832245,42.38658965011842,838.4864940274359,67.25057775844456,INVERTER_FAULT
19.54251728926697,5.670428173803542,38.651258948830964,852.7769514017189,65.61793828578166,INVERTER_FAULT
16.667616655286192,6.347825174975265,50.811970353243524,881.3869425315817,72.86181412244325,INVERTER_FAULT
22.103397921310453,7.445255482792838,48.68545202919842,865.1771090715272,100.73419482498086,INVERTER_FAULT
17.271502655904012,6.873319747966589,51.92929980570719,845.4302158466487,79.89657935864558,INVERTER_FAULT
19.465647149952094,6.363866846726953,43.744278589838814,850.6474556104376,75.85870805154326,INVERTER_FAULT
21.241413252752654,7.248544053183033,50.36039429303258,811.8778198796156,108.13335434773883,INVERTER_FAULT
18.390858622985736,6.118615330970595,48.1745848035753,822.6574876120806,62.90284616318206,INVERTER_FAULT
18.615324406172157,6.942931200716698,42.57741788378247,868.1382678393205,85.5886081789495,INVERTER_FAULT
21.136152082084493,7.294260932621873,44.05590298975804,803.300490732744,93.15376822274986,INVERTER_FAULT
19.025170786217902,6.927782938656226,38.18370975786287,824.2099536815831,89.96469110220379,INVERTER_FAULT
20.69600392331487,6.96347994717121,49.36535077214873,889.6530006429148,95.97723528562659,INVERTER_FAULT
19.077630726594133,7.467196657756308,45.96702473826103,808.3876893116375,85.4422533212261,INVERTER_FAULT
20.85493719179329,7.349479130398927,40.502081808882565,791.5285094044101,107.26963238570521,INVERTER_FAULT
22.40694585238984,6.052758690631799,43.28200014119736,872.4263196497002,82.19999370109046,INVERTER_FAULT
22.14011095789037,5.715157405427726,38.531751093442736,809.1880689439905,75.74780241735733,INVERTER_FAULT
16.790486139022125,5.631380858681293,48.57850798902518,802.998719226316,66.69498348236539,INVERTER_FAULT
18.575997630136673,6.84121161944269,41.155629606763206,813.6451875888614,82.31129741499667,INVERTER_FAULT
19.924500476021905,7.037458456024162,48.60938627971972,873.8962870529126,87.82575475972588,INVERTER_FAULT
22.234482703964318,6.745156980442598,51.862778866473,894.7117745108102,83.61600436344455,INVERTER_FAULT
18.244157349562226,6.643751432941904,48.10057353020082,857.0471096866718,82.86402600184566,INVERTER_FAULT
17.978589569301413,5.86782410246565,38.75483357305678,860.2639242400131,70.3718313086379,INVERTER_FAULT
18.28304801983553,6.7271683697117535,38.73020123194661,793.9010684815526,82.31910246830948,INVERTER_FAULT
18.57648793652109,6.842668062206011,49.64409568391885,899.3671412466564,73.63240660820581,INVERTER_FAULT
19.403999006459426,6.967853447264973,48.83572834773675,889.8546373020429,79.60668350604358,INVERTER_FAULT
17.34774372406641,6.680024936547392,48.375201168335074,824.679532174787,65.79855789590974,INVERTER_FAULT
21.017224680370543,6.099395662760009,40.3290781403641,800.6812939755985,77.36853314151885,INVERTER_FAULT
20.148746461396218,6.216804477387633,38.28926592230804,793.5671808548935,75.07952407333451,INVERTER_FAULT
20.61793137502964,5.697030146937068,45.84919594900955,796.7840219153607,68.82914944883728,INVERTER_FAULT
17.20531969289034,5.6344572711416205,47.39861744341226,844.8764966340448,67.01441853603848,INVERTER_FAULT
16.69223587987622,5.789465866676144,42.29040823890631,887.2212381714331,58.174726750893456,INVERTER_FAULT
18.858930952490848,6.10320713259433,39.123140085214416,911.5207072054662,74.03823795147906,INVERTER_FAULT
21.514832317298477,6.816714184370592,45.19955990686765,792.5549559323132,96.68806629412745,INVERTER_FAULT
17.087592491557825,6.328766338712553,46.807584008726025,889.5120600660973,72.07298624158686,INVERTER_FAULT
20.700734703382402,5.798084418350415,42.84579956100223,786.0077181724272,80.69387240261054,INVERTER_FAULT
22.668101869221935,6.028220780358152,39.22775392827233,846.5798107455115,95.05786130492885,INVERTER_FAULT
19.863819366902458,5.593554300380227,51.639811367391246,896.0109873947641,63.595770285149,INVERTER_FAULT
22.452584295524563,6.401376577210377,43.206571868049174,844.5474662738063,99.44174843217101,INVERTER_FAULT
20.616357748007502,5.618496904799455,51.40646119562639,800.6897786869645,78.38954421502008,INVERTER_FAULT
20.452955712996918,5.875056095893122,40.390249065582694,901.8458631186569,74.66259771820475,INVERTER_FAULT
20.58203559921897,6.508142007713347,48.18294923906343,847.0939325055062,80.21705710441519,INVERTER_FAULT
18.543683596975477,7.218155388900685,44.552485700918176,809.8829065142453,94.88482165078533,INVERTER_FAULT
21.576203195488638,5.611332292112398,51.98520146772725,877.2897375016144,69.88781020777664,INVERTER_FAULT
17.660173769090175,6.884890962483094,48.91665477390771,813.4650320409728,72.18515605698099,INVERTER_FAULT
18.149844864104427,6.696036729673273,40.40542649621788,794.5940478438689,80.86824931090061,INVERTER_FAULT
21.45368557855219,6.501858808833011,43.09365794375739,840.4859798937067,85.92921354225085,INVERTER_FAULT
22.719894357663726,7.036179810438281,40.91322100790154,833.7864812875572,102.70799762867414,INVERTER_FAULT
20.29090103444582,6.436367792057534,49.34177289016743,887.4648427241524,83.04532654809397,INVERTER_FAULT
21.981005707472114,7.002179060884772,48.90014588208901,913.8961091206784,91.62546710668526,INVERTER_FAULT
17.873537136567943,7.27790451138128,48.81116922739951,909.7163758009879,72.94109857579298,INVERTER_FAULT
20.394299540831177,5.789256676246895,45.05456077609615,801.8045704594822,67.50804100605528,INVERTER_FAULT
16.085178417674232,6.760477624765809,43.0263166336612,794.726359883056,65.77702489512885,INVERTER_FAULT
17.182608640161096,7.383389663003319,42.48006840065887,826.7534932605146,87.88962959852788,INVERTER_FAULT
20.53429032900203,6.920343214806003,46.90402525584545,912.4674797527991,83.15805691080506,INVERTER_FAULT
22.92327469229057,7.161912355113026,46.24561624426879,872.7320274154748,108.40447744905002,INVERTER_FAULT
16.408773568414077,5.936032997063878,51.46059238334649,854.8110200403131,59.83663503486242,INVERTER_FAULT
21.334269243723526,6.549037885311619,38.18427880004656,883.0732635401165,94.23720776357985,INVERTER_FAULT
17.15604098476982,7.413320176848426,41.1347138415756,844.0849114335078,72.4314968568564,INVERTER_FAULT
20.222976236154118,6.250902240114425,42.944428470935875,895.7767628109326,69.73199744466305,INVERTER_FAULT
21.585627396246956,6.642897131496158,51.80537918872279,862.5220508845948,80.21505503703644,INVERTER_FAULT
16.354517285106084,7.266305972743664,49.77699803715474,828.4246105814832,77.8459734127597,INVERTER_FAULT
19.427139499389202,7.434328110272104,51.29945261227648,917.7374611957084,100.70892019288733,INVERTER_FAULT
22.366861135425708,5.934557557534273,49.634095045856846,879.2399958485985,94.7312099409329,INVERTER_FAULT
19.998832799098338,5.6703343334211125,46.36358447662014,876.1213299229803,66.61738888474987,INVERTER_FAULT
18.7587936845891,6.69700682810336,43.237480322431075,832.4926804134129,71.93756736056336,INVERTER_FAULT
22.585227061543662,7.000988768990193,38.017408144125426,887.1858597631032,106.85125617204544,INVERTER_FAULT
16.06811672108866,6.239208595227529,46.49446766455743,843.385091260125,68.3979194226385,INVERTER_FAULT
18.97820832844104,5.807725938907674,51.6698187398336,813.8855989886465,74.06884433155811,INVERTER_FAULT
17.002094181648502,6.158025227567865,44.188386518025936,806.912480633789,65.59340754931003,INVERTER_FAULT
17.10013976094225,6.6180130779717805,47.29198553528272,788.7407997639215,79.00238977106878,INVERTER_FAULT
17.295986195294248,5.950724850640648,47.258897761162885,845.625148460818,65.34594562741435,INVERTER_FAULT
16.89708489194193,7.111471643752816,46.63875944545894,798.9534860633238,73.72968655461078,INVERTER_FAULT
21.67286952914521,6.636710091973241,39.52108290786103,832.1887864105001,85.04451888511427,INVERTER_FAULT
19.622258875576083,7.186722257743979,44.10773988726188,840.6678842515653,99.26514547098284,INVERTER_FAULT
20.03329788755091,6.632382174794814,41.666738486255454,865.0811846971977,86.08612829298102,INVERTER_FAULT
18.777960292393047,7.481391131798361,50.34647350927321,884.9420806107541,90.100049493282,INVERTER_FAULT
19.234418613262413,5.869794790446399,42.28032463620473,888.3545119752495,70.80511449866796,INVERTER_FAULT
22.17588661598651,5.7958222726910575,45.116859344190914,870.5751957629832,81.98309424176709,INVERTER_FAULT
22.22458824109491,7.47912656365828,39.62168521677918,798.1936865707689,95.10391142170239,INVERTER_FAULT
20.768239672493692,6.245352190991676,48.26640525772268,836.7660062041771,85.17636511328243,INVERTER_FAULT
21.389006039752253,6.596431821309841,45.55305026630008,792.3528055399888,87.45291759246065,INVERTER_FAULT
19.820440072574563,6.42396165133282,50.610948002637954,906.9142884967285,87.81987236523774,INVERTER_FAULT
18.62708652761184,6.934598303375068,43.534038454974535,812.5631038566063,78.57409373910096,INVERTER_FAULT
16.496752432998747,6.163555018009294,44.4503910416564,913.7673252693162,61.34067031625484,INVERTER_FAULT
22.317174774438644,5.957716551646994,40.673564568629494,852.6593639005031,88.32851140918896,INVERTER_FAULT
16.31032575561597,5.942131730094434,44.37957133101843,826.3406070376454,65.04615759439504,INVERTER_FAULT
19.57812417228922,5.820718211207801,50.522515310411265,821.0067945676703,76.84150222901698,INVERTER_FAULT
21.459410453737867,7.4263154005122045,44.97910453133742,866.2169721650205,96.72284098838095,INVERTER_FAULT
20.747255053884466,6.42676697173264,44.12713310614191,899.7654540762547,74.47297376572479,INVERTER_FAULT
22.17373699482308,7.204139675657114,45.08912754986505,848.6283995887879,97.68381864174621,INVERTER_FAULT
22.95921654177214,5.722338665507682,46.2630132988005,875.4354226157384,93.12717942954944,INVERTER_FAULT
21.46142447799733,6.7876944056230935,39.63537243536972,832.3226923564055,83.55882028369163,INVERTER_FAULT
22.168489127258596,6.999242311127286,48.60551501516121,871.3159124882961,98.71406011967659,INVERTER_FAULT
17.04979741624448,6.159389773410103,39.916821094676465,881.487839999328,60.61952026353933,INVERTER_FAULT
20.914794851201798,6.884510779191809,44.43026270587804,798.9320115765273,86.89916084788618,INVERTER_FAULT
18.24065176352886,6.900770266286587,39.59240227179214,896.0696104702527,85.51554721815313,INVERTER_FAULT
17.304148427219918,6.938328763557779,47.359184540549506,884.7369120155297,69.89015860606214,INVERTER_FAULT
17.103132255095282,5.972967971845509,43.12220384408566,891.1130973450122,69.00128231998106,INVERTER_FAULT
22.478161145949734,5.6172591181972304,38.1617879341986,877.8794361581118,75.44106180303757,INVERTER_FAULT
18.338552268736724,6.593604051829025,39.43378372377518,869.977218316727,73.18813746947964,INVERTER_FAULT
20.42900587010694,7.168013826146772,40.395558666724014,910.3222330080329,93.75042791531284,INVERTER_FAULT
22.46049435621778,5.915460164403556,46.463877304459324,836.5441964253047,90.56257253640598,INVERTER_FAULT
20.241362602493076,6.489030913916637,50.78179569003412,832.7963889840353,77.15268456776468,INVERTER_FAULT
20.256708307964644,6.748056874345627,44.14732470200626,848.1254061165135,97.47936925959677,INVERTER_FAULT
21.12879983977761,5.721203502965154,40.96982099218855,916.5807288209783,81.41403376522864,INVERTER_FAULT
22.405315883012573,6.107722927977444,48.386136041212296,879.9603791932916,82.12059164102403,INVERTER_FAULT
19.855714278154938,6.7548302225405905,44.73584535158451,895.8050189321218,92.7571158809639,INVERTER_FAULT
21.954203838110896,7.106847138196326,44.833168680760025,833.401361740861,107.8655004166411,INVERTER_FAULT
19.43141020989387,5.992742797255964,45.102809452511025,799.8589750686939,77.73763660065174,INVERTER_FAULT
18.351448971367343,6.021317596894908,51.391122447286435,888.763339406163,75.56003401992051,INVERTER_FAULT
20.366053784954282,7.178345621020594,48.62827473628734,863.8283185787063,104.29391431321109,INVERTER_FAULT
17.34116464779096,7.386759437989502,43.62013426798411,853.9758576762081,73.12504647120669,INVERTER_FAULT
19.780752072452536,6.722413503716387,51.967821585319335,916.5269375500137,94.98195332648315,INVERTER_FAULT
18.4387164207144,7.482532997490087,44.37669412233155,899.2570762266661,80.95626810093152,INVERTER_FAULT
19.540832257596215,7.432024192255211,51.25843955692798,875.7228828949998,99.57240387670983,INVERTER_FAULT
17.23498687621681,6.943317098968315,46.65271131669521,792.8172430051744,68.1194451305947,INVERTER_FAULT
16.759105324258833,6.948713869659671,39.98401291546602,845.4825179560258,71.11707206599016,INVERTER_FAULT
19.853528985391524,6.912952974438806,47.58611552109865,852.1727882280127,86.31939986542078,INVERTER_FAULT
18.784709165855812,7.223819896608759,42.63192526821703,816.3112149634493,91.78075669886053,INVERTER_FAULT
18.518344231877087,7.193997199514537,42.590442060920026,878.2722754404424,74.29311283656438,INVERTER_FAULT
18.69894016077224,6.186460349935103,49.43350234986293,915.3877564519635,72.68766511023655,INVERTER_FAULT
21.773853940076307,6.89938940191473,51.543403827291705,893.5551920079954,84.60313471487638,INVERTER_FAULT
20.992972056675654,6.570999430844747,38.23010481105258,815.1838142215621,97.48537355223064,INVERTER_FAULT
22.48242960950727,7.097700920401269,51.74491444589185,892.9163314473886,88.04227287869443,INVERTER_FAULT
18.014840382110584,5.561248364475526,39.31751156232583,810.6377143731087,63.67808322796618,INVERTER_FAULT
21.932724024234126,7.2239335123142165,46.62682601980215,909.944631469273,100.61142172029207,INVERTER_FAULT
22.22325230893241,6.408130512664024,41.88115010390635,908.2978085340599,87.71698457340406,INVERTER_FAULT
19.523828761911233,6.157721265061355,47.27972640407022,919.304371500845,66.64370310848403,INVERTER_FAULT
22.29893604204971,5.507852113978531,43.09919033604695,803.604952880532,83.36332749698862,INVERTER_FAULT
16.354275885300215,6.606969907168656,42.128965873834375,798.7138348410583,73.60614736629495,INVERTER_FAULT
17.5219178397868,5.947350424109878,41.85107499193092,862.1473469359238,69.00127199890476,INVERTER_FAULT
16.123217665909415,5.983739272227581,44.03359179507396,826.4767733025726,67.56380410552018,INVERTER_FAULT
21.513961116204932,6.7517804310776555,42.73259382395856,878.0941282784623,100.72426115802915,INVERTER_FAULT
20.163812641512905,7.068922933786759,48.48746945959647,860.0432235624451,85.95961290126739,INVERTER_FAULT
21.2204751060089,5.9135927327152125,48.91283685060147,892.6365368999546,86.55804422292937,INVERTER_FAULT
19.310411796849202,5.884961535540843,39.39613040092496,884.0705750683094,79.62422858219963,INVERTER_FAULT
20.555868511858346,5.788320120776739,51.088550279246036,918.4742820355048,74.20723762603508,INVERTER_FAULT
20.1637770249164,7.0544570400033155,48.30945706070062,915.4902068706829,81.01252724318566,INVERTER_FAULT
20.065074062999642,6.883862839346184,50.46137793862738,902.3753478805411,98.933563590243,INVERTER_FAULT
19.58454917756375,7.161521733626453,43.98194391378259,839.1239428998446,83.18102726312914,INVERTER_FAULT
21.727661009134607,7.471630211627032,41.58878419686161,787.8584223229501,111.7948990683176,INVERTER_FAULT
20.341610367743293,7.419397601102009,41.53134906707733,789.9438721201793,95.6418768456346,INVERTER_FAULT
16.598262160756033,6.023580002205415,39.76369005146836,811.378505152411,56.793643541955596,INVERTER_FAULT
22.677341995990997,6.057125426899471,44.21456620389591,905.8056530687911,91.36394249741225,INVERTER_FAULT
20.326262363932422,6.911126380721674,49.60351159947535,902.8736974992465,92.60952844582265,INVERTER_FAULT
22.230050922858403,6.5707950548509535,41.882071987757925,903.2107392437382,93.78372682620123,INVERTER_FAULT
22.34296311297064,5.580335627901162,43.565220521577295,912.6927025707455,73.86621403984181,INVERTER_FAULT
22.590753722269447,7.407804922258499,50.349992399162055,858.9135263130618,110.44621566940057,INVERTER_FAULT
22.087318989149082,7.051794164778369,46.82131389237576,917.5163171018984,103.82098738276437,INVERTER_FAULT
22.828373947134327,5.614776949214182,39.94544519039098,843.2042384400687,78.88343287340871,INVERTER_FAULT
21.479143889499195,5.821228052938407,51.66533250756084,824.1092225365279,77.88642774769039,INVERTER_FAULT
17.92321522708016,6.658727234653094,38.820801805916176,800.9548507798628,80.7715209278392,INVERTER_FAULT
17.30550408383363,5.971028903113326,49.101751300147725,793.0621649700155,64.5172485372956,INVERTER_FAULT
16.16144370898059,6.193614798635807,47.78573963655056,792.6144591604119,70.1702179092228,INVERTER_FAULT
22.366493300585013,5.709980750250271,51.87025410926087,821.6541374753684,72.0676736742709,INVERTER_FAULT
16.035469801480836,6.317045791527725,46.817339799885644,826.5050949864639,70.12189251690495,INVERTER_FAULT
21.01624392895535,6.200323063936065,48.280335332520465,911.668283175695,73.73141426449047,INVERTER_FAULT
18.14272772110332,6.426651878233386,44.97186178856676,855.9073902840503,70.08722032742207,INVERTER_FAULT
20.670817521876444,6.790169007059659,46.089501087802596,795.9266410395227,88.57798147475434,INVERTER_FAULT
18.493588212425628,6.482076939676245,50.906130097210365,847.2743880421772,66.21718941242531,INVERTER_FAULT
19.071857166588916,7.141296360098764,48.920852925054355,851.8746102939454,80.69183892797597,INVERTER_FAULT
19.255620640401816,6.6274044388363835,51.99820013583788,870.1849326237128,85.2498720838963,INVERTER_FAULT
19.440179004976365,6.20897910156506,49.38134177106089,849.2905254074931,86.79768239253089,INVERTER_FAULT
19.19984401987631,5.636000567295155,47.55609391926116,786.5298031296136,64.12384883849481,INVERTER_FAULT
18.476167769459323,6.9789671712426555,44.91930296970658,784.010430383436,84.44121699617149,INVERTER_FAULT
18.880053661986636,7.3436690199342145,44.9938723559633,879.2565204315074,81.41567341891087,INVERTER_FAULT
21.326814951721573,6.941910620967345,50.65714391957832,784.7350298406878,92.68969707978997,INVERTER_FAULT
20.75408781917741,5.69032780016043,43.74845694008477,911.9005244292673,73.70573574819655,INVERTER_FAULT
22.89783348436442,5.613678122159639,48.04961686597248,861.3422730747577,81.6353704809161,INVERTER_FAULT
22.795931810395064,5.759300800982257,50.54398532353279,876.7736575591255,77.98929624940082,INVERTER_FAULT
22.311684019426053,6.358589835722027,49.39918259302299,834.437112386636,98.55175313392158,INVERTER_FAULT
20.45640382911534,5.782093267167454,47.09528428857338,806.7882667782621,73.33729306254523,INVERTER_FAULT
17.192069089764235,5.544032231334237,40.966411552299405,855.0920833213776,60.22522685605385,INVERTER_FAULT
19.510479668752446,5.995373756893203,47.592256808598606,878.5968601548484,71.45325350361921,INVERTER_FAULT
22.16819061931922,6.788046433271096,47.982549853620846,818.8275885114515,82.77893546752924,INVERTER_FAULT
22.057629284714768,7.144848769159617,39.724686432599626,832.3747188938829,104.39755972184103,INVERTER_FAULT
20.564776000531097,7.220700669617113,39.963754262895996,840.1915646899166,84.12495023390774,INVERTER_FAULT
18.727166739070398,5.530214891175409,50.57582291154178,853.7861595560154,71.92258913409896,INVERTER_FAULT
16.419332907023545,5.954916220945841,41.63131993309653,834.1368092494304,67.12181027125926,INVERTER_FAULT
18.705905116120448,5.909307059292654,38.90986364474276,791.1288447693762,75.07893319086705,INVERTER_FAULT
19.11362093725643,6.952362244000031,47.552019704691766,798.9507446464361,76.31454737947723,INVERTER_FAULT
21.28739410803894,6.942536586970834,43.29243073624035,790.8391168665976,81.58763310712048,INVERTER_FAULT
18.017098646232213,5.518444547174454,41.22101669545185,838.7301036295873,56.73672556514461,INVERTER_FAULT
16.729944304820823,7.292874871437473,46.19658040632045,910.8237961467894,74.27815143562832,INVERTER_FAULT
20.740014561304143,5.909383349243581,46.65676444191918,798.1420022013979,67.45173397120075,INVERTER_FAULT
22.520722609867054,6.609788752350418,50.97716927894855,826.73641331829,90.16633530691175,INVERTER_FAULT
18.804585012411223,6.912081967916336,45.92132087860644,909.5496869938765,72.05051050679,INVERTER_FAULT
20.957371565807755,6.160655378733109,40.52327112545846,851.4553871528138,82.09672081625276,INVERTER_FAULT
16.959077200819,5.90379211226578,43.71430530862177,837.2335977349242,60.47269770679549,INVERTER_FAULT
17.039816060569866,5.508747358201959,51.58329087399229,912.0898921585498,59.34530631332532,INVERTER_FAULT
22.96536227292504,6.847308661564487,38.96400552650558,796.4805478715679,110.97808524163486,INVERTER_FAULT
20.410365415047398,7.186367253314702,50.57577509487382,842.7118815795341,81.88200377463697,INVERTER_FAULT
17.317962442281253,5.633143894604871,40.6423578397791,837.4746097038228,55.61522464196632,INVERTER_FAULT
17.167132734637402,6.391643564143358,42.762393305438856,845.4721373863257,68.35494660257817,INVERTER_FAULT
20.511346181859185,7.374379097751709,39.51010073821939,793.8964209032873,105.12114450999938,INVERTER_FAULT
19.544776932567213,7.032810047136884,41.01590665050194,896.0407602434573,97.18788782919283,INVERTER_FAULT
20.448381108825416,5.711758042947604,50.534127398188744,890.9482818318099,79.14685763029671,INVERTER_FAULT
16.25709732234141,7.097925050513942,39.931314146557,811.1340646675644,74.78682484822083,INVERTER_FAULT
17.85486541041818,6.82269641262384,46.51298626778714,795.1409437218567,80.58556106738017,INVERTER_FAULT
22.46768436877451,5.822219810371666,46.35886829320042,827.8611520711372,82.16733524590849,INVERTER_FAULT
18.00900125355279,6.20826127269539,38.404765525731804,917.4172433084109,73.36795609700762,INVERTER_FAULT
19.504939133457196,6.267430699000654,45.55124382353639,833.2148398202125,74.7147527205686,INVERTER_FAULT
19.24762579205409,6.051966067342382,40.520698599534995,857.9248257452412,80.75624854741984,INVERTER_FAULT
17.069797244081247,5.565468681208437,41.45536443215651,917.1608900835336,65.63542530488648,INVERTER_FAULT
20.171062374700178,7.358497830486272,44.23390763572142,917.6592843605243,89.11234989260085,INVERTER_FAULT
17.682140246611574,6.776096402294022,43.294155551305046,867.6911758766761,72.11110025038562,INVERTER_FAULT
20.325427797865938,6.051492521170073,38.71360896346446,907.6990262692457,86.11724266740194,INVERTER_FAULT
22.795587044908704,6.933054352442809,47.55809648829424,858.2604298104764,90.30740907188095,INVERTER_FAULT
17.32464717664489,6.078939377345073,50.46218907602752,804.2157334444305,74.4462952735093,INVERTER_FAULT
19.65950013135992,6.931139270946145,39.54342281352793,817.6646968286275,97.14826552159265,INVERTER_FAULT
17.86304962850812,6.093043440782292,40.766363387775115,798.0703131429561,64.17811842059324,INVERTER_FAULT
20.496288243655588,6.410735467007127,45.75258170873058,797.1310760272434,90.18512530112251,INVERTER_FAULT
21.488662904058934,5.543179822285351,43.36921132314427,789.6278842759607,81.55339339991257,INVERTER_FAULT
21.16088778187993,7.303976188586312,41.30965542534361,843.8814236378919,89.85465387303424,INVERTER_FAULT
18.598644541318837,6.5444865031337685,38.746631057740245,880.0818574948339,78.18713020825973,INVERTER_FAULT
21.802713120474714,6.043561002382394,50.64649547376956,919.8171954242621,93.06380616611764,INVERTER_FAULT
21.44524733083208,7.124737605747562,46.03241939562421,806.6215408077654,101.62132852030422,INVERTER_FAULT
20.989271014419522,7.470770280535811,45.5782184275885,817.9916621035079,104.46798681210747,INVERTER_FAULT
22.85563073766518,5.854427816538188,42.56397085949844,855.8633335281753,77.46554642889339,INVERTER_FAULT
16.15554447663957,6.173966244882501,50.11519122101481,786.0855759053201,62.13219387218935,INVERTER_FAULT
21.33540541048258,7.40636519382177,51.79665558606205,839.0757132852239,112.43999087627863,INVERTER_FAULT
16.247932812966045,6.991833875997113,46.99844448487058,814.9330600620614,72.27914630823133,INVERTER_FAULT
16.90687616432347,7.243194301903122,43.01057319763907,867.6462258652003,70.6583147935076,INVERTER_FAULT
17.44315391241845,7.483912741606304,48.543209522178614,914.6760617683699,78.36429587593983,INVERTER_FAULT
17.151940136338744,6.506136926957662,44.92535595118281,804.4925119261183,75.28583217402432,INVERTER_FAULT
18.532442741071137,5.8727304618610345,42.647767523606035,858.9122179489021,73.30107998946367,INVERTER_FAULT
19.373236202402392,6.551189979656747,39.94524310319848,908.0567294591525,89.84293267339957,INVERTER_FAULT
20.783986132926024,5.535262817868049,45.51903902264657,868.0906560924059,82.72772378912686,INVERTER_FAULT
22.972468686363577,7.215222470651115,38.89363388836559,913.4586947090222,108.42672538202288,INVERTER_FAULT
21.606207393354257,6.314385699371707,42.475372597284256,844.8541803677331,78.44293328382199,INVERTER_FAULT
18.499462971273143,7.215234999536557,38.53130680765234,801.1229265554447,76.25192771483515,INVERTER_FAULT
18.821528798901596,7.493973801781723,40.427011022959356,800.3675709438965,99.51778355051071,INVERTER_FAULT
22.17435361876176,5.564480739993109,48.52388344251041,871.7651982067001,83.96802018253476,INVERTER_FAULT
19.461517183571456,7.482758436896591,38.61385826195348,812.8120220965328,89.91125521584814,INVERTER_FAULT
19.148445590959923,7.342734805399037,45.84006109708162,786.3155393728551,87.07995315734517,INVERTER_FAULT
18.91543288658349,7.4309818768755695,46.388759274295516,868.9911499622515,94.35148424400967,INVERTER_FAULT
21.390275209774863,6.770102140404978,41.3207209158751,902.366428007763,97.67153815179552,INVERTER_FAULT
21.19309339567869,7.493113478469498,49.23537148808642,896.0811964417214,113.02574740055556,INVERTER_FAULT
17.057937998942258,6.495454752956135,46.12793833027103,826.098602091144,76.75035333204728,INVERTER_FAULT
21.336937351520064,6.941766149016248,51.96009215661434,816.3133922771747,99.98242753553492,INVERTER_FAULT
19.859831324341304,6.125978364987752,40.24821619012376,905.4237371894566,79.22891355189128,INVERTER_FAULT
21.77453686348556,6.5906899680030895,41.079679129156276,827.2568338340456,88.23831010930753,INVERTER_FAULT
22.810543687525914,5.511266556762765,51.7993243223431,917.2646289153763,90.43252676412372,INVERTER_FAULT
19.336117252437443,7.427617939241999,43.53838854589758,783.6812216935741,84.46928580481169,INVERTER_FAULT
22.61707371456169,5.5275293866708,45.64391789592165,790.584222445255,74.84582934065693,INVERTER_FAULT
16.616649954983206,7.219057242226112,46.27498993506788,906.2949052005638,80.0134213814276,INVERTER_FAULT
22.7972039187157,6.519755309520813,46.94194814468024,860.6832347844679,93.98374230353316,INVERTER_FAULT
21.92171555796109,6.78905027134072,49.218371707976615,890.0909511243378,86.68877163465362,INVERTER_FAULT
20.551144727623505,5.899296038362668,46.16648669541279,874.8408558224821,87.23386029519337,INVERTER_FAULT
16.21379384704817,5.682484788227442,39.07837374919724,835.7705800773437,63.54249700411277,INVERTER_FAULT
21.90839432950995,6.973959191442304,50.556295385619265,825.2003921837234,86.32326532249922,INVERTER_FAULT
16.40707119592895,7.204265439238773,48.22610812095168,877.806142841557,71.83600087162691,INVERTER_FAULT
18.659336320327583,7.416227057798638,38.89326641737109,888.322443171291,83.39412997189396,INVERTER_FAULT
16.27338232888789,6.985140221484912,42.63276639949724,881.1006526239916,76.19438758171067,INVERTER_FAULT
19.743508128031806,7.054746258421098,46.13453653839741,820.1291593987565,93.98975942597318,INVERTER_FAULT
20.123978711144066,5.525454563379841,50.62301848878433,856.3901065654039,77.57643452546503,INVERTER_FAULT
22.179157872875713,6.389933313470177,45.107239950317236,838.2056142745843,88.77610260316757,INVERTER_FAULT
22.266030112802095,7.0762880279358225,39.77135946841809,865.4430894156135,113.33416442608583,INVERTER_FAULT
20.168854908627402,7.071743251186211,48.76686062733639,829.044453622126,87.46213168254378,INVERTER_FAULT
21.068534952532822,6.49996706320967,45.98798992782543,879.8068106510773,93.42205419691676,INVERTER_FAULT
17.9006160441315,5.793587518873926,42.085125054132156,851.0553655128906,63.071952425301795,INVERTER_FAULT
19.978539311933158,5.606931448251257,45.13650576259274,831.5178869712792,71.79178359100426,INVERTER_FAULT
18.957733484194836,6.068451701275085,50.6575106764069,805.86709837899,76.60005355164104,INVERTER_FAULT
22.4725129880769,6.577339919370866,50.269718840112745,797.4792069806598,93.70286830738166,INVERTER_FAULT
19.199176963366575,5.51623761407399,44.205602779030684,831.6641658935637,70.30818101752453,INVERTER_FAULT
22.56830845003563,5.671582176524073,42.58466941400472,842.1690632351953,80.3035890757073,INVERTER_FAULT
21.423668045895777,6.386791331666881,38.380258220351145,879.4145732429964,95.83755954669766,INVERTER_FAULT
19.59733298784771,6.6622170433970105,40.28111014556664,810.890432255054,77.0286450996076,INVERTER_FAULT
19.015193824169067,7.356290441791284,45.3049867340084,806.8936703281894,83.26222693021401,INVERTER_FAULT
18.688105208090292,6.746517951385599,44.16046414205607,834.9422781847695,81.44793260050244,INVERTER_FAULT
17.692844964681257,5.657806545169164,38.34180040751111,815.1762828853978,56.61514531714909,INVERTER_FAULT
18.354384469645368,7.045867080719511,48.028120626815735,865.529867190324,89.86948072862367,INVERTER_FAULT
17.974473371809935,7.270107506059931,43.58934837536851,836.1250645573277,80.8768726251434,INVERTER_FAULT
16.68666056368687,7.4509809966621114,39.93909488955223,827.7240014256859,75.13146647767002,INVERTER_FAULT
16.522756029716966,5.804520260223754,38.6280167065954,820.9366290984719,66.87876051950637,INVERTER_FAULT
18.37609544016169,5.747383664134759,47.03971415737485,919.5241276876875,62.25920710117793,INVERTER_FAULT
17.956997037593986,7.443694108561577,40.50286802570682,851.569969444283,78.9622003363503,INVERTER_FAULT
22.526463285308708,7.463042029152588,49.40576984568021,824.0697342137935,103.99532335344374,INVERTER_FAULT
17.69613978566495,7.281515934017983,50.803815887634215,838.6418927144466,85.25165395913112,INVERTER_FAULT
17.158872258422857,6.369871800726818,46.84098749342897,833.9564365925228,66.7594447255205,INVERTER_FAULT
16.0069929458686,7.108586927554228,50.450726568300276,915.7248941364165,76.496352394217,INVERTER_FAULT
19.84154618658919,6.0385690396174185,51.990192663488976,862.5653996344947,79.7720688417104,INVERTER_FAULT
20.776843133687223,7.1905035915143625,38.135415543856865,810.834571660392,99.0705568780659,INVERTER_FAULT
22.266020157771976,6.870677563842713,43.78887808091152,830.6177694218367,103.33230533110302,INVERTER_FAULT
21.188663879960355,6.7141159850113805,42.08053833736272,909.5216745746761,91.5918009046755,INVERTER_FAULT
21.533446493738314,5.9286165243236635,42.81657104060619,902.4411322942279,71.30241368634644,INVERTER_FAULT
19.586207178796634,6.463410959688018,48.51722264471315,819.4651278839066,74.34106012407416,INVERTER_FAULT
22.482929871412637,6.64341930391693,39.46565395597116,807.0250627100049,107.51193336556771,INVERTER_FAULT
17.36926297376535,6.720951022707357,43.881793105938655,903.983873278977,79.19254485528549,INVERTER_FAULT
20.17865977383271,5.521477963595965,50.31713290490843,842.2534459174203,78.92356938888,INVERTER_FAULT
19.468773089979408,6.888448978365451,38.97009709253299,884.32123149375,81.46615757008433,INVERTER_FAULT
18.459513100322468,5.73731168941878,40.05600008096283,806.0062678688694,64.15853007384415,INVERTER_FAULT
22.24378938942924,6.236520476460161,48.14107789188506,791.584650544582,90.23803139795073,INVERTER_FAULT
19.373238618893076,7.455915893909009,49.84690877830548,843.6761681414109,98.4790464956019,INVERTER_FAULT
17.351271189056444,6.624672654783556,39.044666777961915,828.7324645152356,67.63412159277162,INVERTER_FAULT
21.032368707276476,6.480181382428723,48.51498670387215,852.1413612684024,76.96529665547774,INVERTER_FAULT
21.14757354812769,7.166458527975611,50.649437162779094,860.0788723429391,102.7696723143629,INVERTER_FAULT
21.26431035817839,5.811499519597889,40.29908962443399,789.9239708132776,74.68844441965896,INVERTER_FAULT
19.31456011418745,7.495795705508434,44.033906788954376,881.6739623910319,96.69396572839445,INVERTER_FAULT
17.431373651754058,5.617014302898873,45.64409452147022,878.0427829240266,70.46773898313256,INVERTER_FAULT
18.510277365968197,7.292729124162193,43.34705438216861,876.5176391802718,87.97367372075922,INVERTER_FAULT
16.37085155311818,5.656776853940517,38.29069725614245,831.9167718431586,62.6746328285507,INVERTER_FAULT
17.20928775793506,6.711705936767792,42.04358892043509,891.57896735707,79.20403104798824,INVERTER_FAULT
21.427901604764966,6.549667027602753,41.983933941117925,893.3221661430089,81.63021914275014,INVERTER_FAULT
18.02831721420059,5.867895412321243,47.43894224542707,876.0730439362145,69.91829858546791,INVERTER_FAULT
18.909210268052675,5.7003420144028665,50.7563741832103,851.0823349617133,66.74134019893887,INVERTER_FAULT
20.121774252738053,5.885580871638211,39.85568290746824,836.7735310041121,69.71017373966367,INVERTER_FAULT
17.710032061760153,7.285022975557059,45.43062848060155,847.6856690052691,86.08229093801442,INVERTER_FAULT
22.660836795737175,5.724397128941128,49.6694839395296,861.7626851814985,74.56908363316697,INVERTER_FAULT
18.08004523082294,6.464722832929479,47.67648002408392,813.9649823734833,74.91341840128433,INVERTER_FAULT
20.79270139191103,6.397481501695013,50.08236345568246,901.7242743976566,83.80550998790305,INVERTER_FAULT
22.810479972862296,5.651170184810894,38.04707329652111,833.2935569325487,84.07069062617502,INVERTER_FAULT
20.404401102147624,6.452891472587657,39.748366385369046,803.8696530503051,91.49107879157881,INVERTER_FAULT
22.07537792217483,6.847797075721441,47.29905161190435,863.6754979238931,88.35713259866824,INVERTER_FAULT
18.997754901819324,6.891789302926758,45.521531808046745,782.6012467677139,93.23481170171569,INVERTER_FAULT
21.913712368005005,6.021090028219476,46.630425092328146,909.2535137219463,74.72301944848572,INVERTER_FAULT
19.521206365576905,6.412486051692589,43.742870073969456,896.9824052450094,76.94904861692578,INVERTER_FAULT
16.44564333268705,5.631675484328605,38.598424491344524,837.2803590623652,62.250259484375746,INVERTER_FAULT
17.426057233513607,6.792937040863099,47.619238609451855,815.7282973621838,77.19114154358745,INVERTER_FAULT
20.794078380187933,6.433227245604251,42.71403236192133,866.6812172204059,95.81279415080485,INVERTER_FAULT
18.987889865582847,6.283470192570242,44.49973663396559,790.6705750823068,76.8400418002358,INVERTER_FAULT
18.300881710520844,5.742844244662525,44.527594375643226,780.4737581203568,64.9831486659595,INVERTER_FAULT
16.740146875485152,5.54858540679956,49.54265064742303,908.2748324595689,54.36551966420566,INVERTER_FAULT
19.775087846839828,6.05591631426197,44.91008414141055,841.1283849251824,71.34344636961723,INVERTER_FAULT
20.902755057447084,5.752981918640509,38.74301895039914,887.474560625219,79.75287828987737,INVERTER_FAULT
19.489682869024787,6.435579540945083,44.963759312879965,841.1833706538142,77.36258072641692,INVERTER_FAULT
19.497834220202844,6.557030342319521,47.68663239717069,879.5690025027632,78.52378364998236,INVERTER_FAULT
18.89478365920442,6.2473943394724465,45.51150083075994,843.4694953079874,82.77557333784478,INVERTER_FAULT
20.874528868415307,7.297312767508891,47.92791788183196,915.9389007933339,100.24326467622586,INVERTER_FAULT
22.74485096714138,5.816339780818852,38.734687531611655,861.0775259285404,94.87885142612465,INVERTER_FAULT
18.923236731116777,5.924086724385919,45.3015802887092,870.8318074410444,67.6631080681684,INVERTER_FAULT
21.003385509494816,7.450229014091452,50.557483703948634,820.8219522917074,94.7553921777564,INVERTER_FAULT
18.60078857114712,6.289105556787291,39.40447298870591,886.6747974445005,71.60577758104094,INVERTER_FAULT
22.158739836938167,7.353881246240217,38.34203833030763,918.3904297899489,109.2930333153825,INVERTER_FAULT
19.642745581950734,6.279055216745107,45.25925385653598,825.4474613569822,80.89200582385863,INVERTER_FAULT
16.65086193511354,6.74224520582362,41.854827901938215,782.4688760673284,72.29364818608413,INVERTER_FAULT
20.049134290968873,6.353138009423072,39.01200725570443,905.0680133925869,83.29596564318352,INVERTER_FAULT
16.809993096982787,6.521861153188295,44.9615604232786,788.4562616310097,71.60819933745157,INVERTER_FAULT
21.65828479245095,6.998016108496956,40.84157179829857,900.7209541375896,92.18672429636273,INVERTER_FAULT
22.62555864804359,5.6434959284514274,44.806921639277796,863.5974128048568,75.6036855866371,INVERTER_FAULT
21.399661321041595,6.7537913596214345,38.25353212203138,865.171602697473,91.56643934461611,INVERTER_FAULT
17.372204411924553,7.491496454119059,50.56027072758661,820.9510773040689,83.54998934612962,INVERTER_FAULT
18.215514979372035,7.050991503272156,51.02464006475037,830.2360049680137,88.23001329844838,INVERTER_FAULT
19.488852798992433,6.293157122623155,51.137905929382775,851.4566564206644,77.20098463982742,INVERTER_FAULT
20.707040813736402,6.022468402036569,42.54710019103642,910.4864170734072,82.9741436538928,INVERTER_FAULT
21.786460034397038,6.0422235238708595,45.61306265901821,915.9954773785298,79.53340201337244,INVERTER_FAULT
17.12333533421929,6.521772016449328,43.42949524214826,802.3408125901399,78.28981777223402,INVERTER_FAULT
22.935067373876443,6.6371643613799955,48.84547475722836,900.2653717364819,101.86314249300224,INVERTER_FAULT
16.30909234378212,5.815268463433636,38.99384867611941,781.3831449298879,57.096572658211954,INVERTER_FAULT
18.74649172337092,5.982059464671852,38.90446507320849,854.1808327171349,66.88907250498865,INVERTER_FAULT
21.572260084044935,5.516105243250562,49.79537871802654,913.665515052434,79.93395752558168,INVERTER_FAULT
21.135508456837965,7.367124623205466,40.92699799420489,919.2391795492008,106.11367464235428,INVERTER_FAULT
21.085994958294556,6.222181157990585,45.640884795678545,871.5484903582686,85.99670432752782,INVERTER_FAULT
20.934892469343065,5.6647634781568215,42.979078059643754,840.7600023233668,70.47958648871705,INVERTER_FAULT
17.208390891884566,5.777854959825726,43.12936749159219,849.0818380787592,55.749643894206464,INVERTER_FAULT
22.62520666213385,7.030486645721517,48.23192482459653,804.2004734984217,103.8139486100265,INVERTER_FAULT
19.70807462766067,7.464937691573388,48.46740478112221,860.6066637202723,102.19485191250898,INVERTER_FAULT
17.085659896024968,5.530433059381954,47.66326666780333,793.7636044332132,53.824370824155814,INVERTER_FAULT
21.212765084971714,6.041069688267978,46.8008370179645,908.4369696529848,77.3757228132245,INVERTER_FAULT
17.52000910487943,5.713125767482103,39.826473059876164,788.711177353038,56.543029700699,INVERTER_FAULT
19.024032121664078,6.14173009004794,47.89185140052197,901.8338321545803,79.85011473516535,INVERTER_FAULT
19.714460796659566,5.704884232465307,47.93674197518175,830.7960214617623,63.4954023815999,INVERTER_FAULT
21.89726485048838,6.176433034365012,41.055483655162,902.0032890466381,95.12769583767353,INVERTER_FAULT
18.37279586034092,6.209602838562747,46.114799386164016,882.6818091334922,63.97304465540101,INVERTER_FAULT
20.153405600319303,7.405640123567164,41.669314560519354,907.2358099735707,106.19484158693504,INVERTER_FAULT
17.884075486797627,7.008403731770701,41.34285011647384,883.2655626424986,85.92745724850192,INVERTER_FAULT
17.730439925974547,6.93173908716647,49.36946354409726,830.2010420949676,71.100424361087,INVERTER_FAULT
16.643751971222596,6.650763407219884,51.69337367041999,895.2130448031103,69.08310727591618,INVERTER_FAULT
19.75634631998471,6.059055770823638,40.28292214304089,847.4913621525183,75.2698142158887,INVERTER_FAULT
19.65350966962632,7.405609171127882,46.45453420202681,864.8080571271323,83.21811456497798,INVERTER_FAULT
22.975422063237744,7.045689888469337,50.28084681731607,838.0020576563392,102.85090232286497,INVERTER_FAULT
19.654586664135934,5.88818907857921,47.6528481885774,906.4167413064439,66.87221987778385,INVERTER_FAULT
16.60422791440315,6.976437811080684,41.82482564342175,867.3407558264261,77.41233612377236,INVERTER_FAULT
18.253375345072754,7.130289194851569,45.699845749599035,901.6599171132524,88.4720056490963,INVERTER_FAULT
22.08002942426218,5.540322764235788,41.409087650340325,792.6011116624314,76.47540874313083,INVERTER_FAULT
22.229720851307228,6.435080524533738,49.895982624125516,825.8049533227045,86.93536138294598,INVERTER_FAULT
22.26893211228814,6.3516342930234035,49.05671682912533,813.1300967034662,100.60865166042466,INVERTER_FAULT
20.022047725713996,7.018647137156804,39.253219797128395,848.972991616274,98.81577403545552,INVERTER_FAULT
22.139270403303133,5.593627914468455,42.25177856780525,842.0648009070712,71.73798525403184,INVERTER_FAULT
31.649991554949853,7.113670392517809,26.159676332438636,652.6561273715637,188.64008564398767,DUST_ACCUMULATION
31.69285519317447,8.434053432078862,23.39856025258237,661.9135432796122,215.8819005751921,DUST_ACCUMULATION
30.072383637037845,6.855866633851737,23.630888587512388,583.9554578097799,169.27531424854877,DUST_ACCUMULATION
32.49792608231048,8.061081945753076,33.666195618244494,639.8143020670481,211.9339517389079,DUST_ACCUMULATION
29.638275149608216,7.343721069596344,25.917931931959018,654.5928346223632,183.63505035840436,DUST_ACCUMULATION
29.927120890433223,7.053452606838818,22.26566995530575,563.7669355175385,167.37216307420732,DUST_ACCUMULATION
31.927225154261198,6.991246528283605,30.690738847682034,597.1317379552165,176.07012412229386,DUST_ACCUMULATION
32.06365024715793,7.7853719694022425,24.829138154362877,698.9362348665336,196.06513228398344,DUST_ACCUMULATION
29.009098040988814,8.078479777269964,30.51253516371867,577.8543387448956,184.53680043446633,DUST_ACCUMULATION
32.29039036112472,7.3332859847188345,24.348560979139183,623.2123644721954,210.5642739136917,DUST_ACCUMULATION
28.217732889216876,8.101866949652509,28.869678735264507,605.0898233103634,198.7337993672791,DUST_ACCUMULATION
32.82912212220816,7.189650558976575,23.723768380865437,702.5763490445394,203.05048730799606,DUST_ACCUMULATION
30.18993010780983,7.774541269449281,30.94736686211493,674.6063797411434,208.98534790334597,DUST_ACCUMULATION
30.134213944478113,7.2987985470329715,29.675971201478102,603.1455798559061,187.24934629457334,DUST_ACCUMULATION
30.09992899227975,7.060092837352896,27.6331210199075,658.1835643882066,186.1390011236971,DUST_ACCUMULATION
30.466631383982733,7.080904413357682,26.976252515793178,677.2587857683396,178.9584178983563,DUST_ACCUMULATION
31.48265396802111,7.662263258852753,24.89467750131276,679.2301016046149,190.5958996166268,DUST_ACCUMULATION
30.624451413775752,7.155114758213788,22.80478754249651,620.5867874166497,184.0505170653232,DUST_ACCUMULATION
31.534504508378603,8.066076178188238,30.733497864314764,601.911746583351,217.68175032830152,DUST_ACCUMULATION
30.8847262132198,7.516654985398763,29.16655233023192,709.4495753412525,186.45049839103885,DUST_ACCUMULATION
32.52886047892763,6.890874373771437,25.70067055481993,577.6290497223057,191.68692792239526,DUST_ACCUMULATION
28.656124758886452,8.299990940127582,31.942616901580493,650.4131639370555,198.60335340234263,DUST_ACCUMULATION
32.66478021071039,8.212269143024946,27.99178177697494,660.3746708908623,227.48614288951322,DUST_ACCUMULATION
30.939711191941324,7.3626593180437006,27.54501525549876,535.6242861579489,187.45129304708325,DUST_ACCUMULATION
31.47914257681076,8.420467251860517,33.55676935315624,631.1445738249784,226.0495064960121,DUST_ACCUMULATION
28.928605927504837,7.9820237837590025,22.847905512092634,576.937137159889,198.62859909059097,DUST_ACCUMULATION
29.551550657717446,6.884739685994572,31.982444912211566,582.0660014269126,160.23537901023127,DUST_ACCUMULATION
28.373940822514324,7.227989957940881,24.136191366658316,674.8600235560302,167.88428519799265,DUST_ACCUMULATION
32.023478925199164,7.095538196299359,27.914550154529003,657.6074267106258,195.01232008140636,DUST_ACCUMULATION
31.005647049651344,8.372196723282988,24.742301772480932,618.7438408924211,230.01317845933028,DUST_ACCUMULATION
28.389468827975787,6.895010056030228,24.799627450699496,646.6042439076037,158.78606246941533,DUST_ACCUMULATION
28.951199419043995,7.579963936109096,29.363176825232937,569.7115414033481,179.08862439500086,DUST_ACCUMULATION
31.06779652405757,8.407755317382069,30.096900729257058,676.580828716912,215.24189128333362,DUST_ACCUMULATION
29.36127179692233,7.572255163444458,31.685593944540084,611.2599283581112,196.00861382404247,DUST_ACCUMULATION
32.943859903475634,6.922445331741572,22.544921873004444,549.9179405826724,188.39936996132195,DUST_ACCUMULATION
28.655211045727164,8.280129611951885,22.277755012324764,583.1585432671645,190.3283861190311,DUST_ACCUMULATION
32.65769665078766,7.938117708313047,32.9443630774165,714.4657420620787,217.67186730094207,DUST_ACCUMULATION
29.17159554024013,7.129338936534202,24.675026340230087,661.7186615244005,163.22926981696003,DUST_ACCUMULATION
28.256805365163576,7.8338430020513545,29.70468576084888,653.052584864492,182.53862245313874,DUST_ACCUMULATION
32.029724443570764,7.70716179913525,23.265587560113033,679.4198614134691,220.78216919835987,DUST_ACCUMULATION
28.300181565011794,7.465297275790986,27.85019253801697,549.2941520156634,186.78845745029815,DUST_ACCUMULATION
29.42074822445022,8.131114517894872,30.05193378433979,639.6091644934047,192.1101185014483,DUST_ACCUMULATION
29.10351760275453,6.880492288069168,24.888549157387196,589.0887218921029,176.21242674101043,DUST_ACCUMULATION
29.831963333574027,8.08285703070153,27.27330737554585,676.9736623987777,216.32815676895436,DUST_ACCUMULATION
29.1992077902879,8.26598074033859,29.461889035669294,683.4588523177309,207.1328893788796,DUST_ACCUMULATION
30.119747536370753,7.187727397051043,22.84042270397398,627.1036728921434,194.5919617056934,DUST_ACCUMULATION
31.69020902507103,7.356487420378328,31.926457601040823,673.7968000352813,189.71921055109337,DUST_ACCUMULATION
28.071537448971174,7.000876485507714,32.52767428374469,687.3126070609744,160.25171267089962,DUST_ACCUMULATION
29.4259771314221,8.1478704780742,33.25284963874506,675.82745135952,204.43521550153343,DUST_ACCUMULATION
29.213356751659024,7.6937714539619435,24.802142303119176,681.6022840193548,185.7503404022059,DUST_ACCUMULATION
32.168486084970134,7.448735670570633,31.889792862398696,586.6635630330484,199.55481280279892,DUST_ACCUMULATION
31.077442096713288,6.919488943850862,33.37848474178557,634.7211572247606,180.83540820379122,DUST_ACCUMULATION
32.19696985559956,8.271796640824608,28.267124854348193,705.4524651587275,209.80386208425085,DUST_ACCUMULATION
28.566128961256087,7.814539991024548,26.248790341523005,612.8450332378397,182.90880299609228,DUST_ACCUMULATION
30.023626557224677,8.198498790148708,29.121714398251655,719.4689098566996,215.23867126623333,DUST_ACCUMULATION
29.368331270509135,7.249386700135384,26.030779241404083,688.6518961295485,166.76101701703118,DUST_ACCUMULATION
29.150906394356287,8.338361314585253,29.678757232999025,565.3694191002113,195.98734519840676,DUST_ACCUMULATION
32.31309050879715,8.31938776407098,25.073573091545384,604.1020716153065,236.60683817449436,DUST_ACCUMULATION
31.855037193049426,8.183657381162345,28.220778289455623,702.3098096610346,213.53545873678803,DUST_ACCUMULATION
28.78336067173759,8.00484496536027,28.47225299208276,690.9171537618962,181.96089767567256,DUST_ACCUMULATION
32.21846201719033,7.298600910454997,29.858268006018196,528.0257578156511,200.61790584254382,DUST_ACCUMULATION
31.58635844593668,7.426875364659554,24.584928463145683,627.526135320709,206.4333814458749,DUST_ACCUMULATION
29.617736791483253,7.229197805786175,25.34722370365225,709.8264305833329,176.23881318294335,DUST_ACCUMULATION
28.018021199441435,8.128858053531353,30.39129754402468,545.7136529205937,204.56649048984778,DUST_ACCUMULATION
31.040311426525555,7.6513251345990225,26.586631211474693,699.7345511127276,192.2025667246324,DUST_ACCUMULATION
29.42884450109951,7.008098371367163,31.10942914701112,639.1098560811706,175.94105917863203,DUST_ACCUMULATION
29.092352155097316,7.9069862615160424,31.185501366962367,591.5777061451379,201.54594451401252,DUST_ACCUMULATION
29.743952942660105,8.088835384565789,22.404761289492626,630.2329202947305,215.65473815809636,DUST_ACCUMULATION
32.90622300341195,7.278979383180959,27.296789092964268,532.5955815973266,211.9308156153577,DUST_ACCUMULATION
30.84286076570107,7.454671154198879,23.353246701869836,709.3534570993778,193.96941083898747,DUST_ACCUMULATION
29.414639645414518,7.395365721223566,25.248366171065772,640.3619617713962,193.9505962012017,DUST_ACCUMULATION
32.28346901663282,7.582647488224161,31.917992347612092,604.6210962552659,198.3510468041431,DUST_ACCUMULATION
32.91707557633214,7.316608865550397,25.8846907718429,717.9385735573044,191.7268999158154,DUST_ACCUMULATION
31.802669940048474,8.390881689420635,28.141539931305026,520.504352340564,220.15515124723356,DUST_ACCUMULATION
28.557844961924136,7.507519023587283,31.480321139707417,607.7423097767601,178.34337528241522,DUST_ACCUMULATION
30.783947384594235,7.788873994071056,32.27555570558766,581.6710878457903,210.66406383852964,DUST_ACCUMULATION
30.829668743460235,7.31090023451915,25.541512528072925,592.2275034211449,192.64830960774205,DUST_ACCUMULATION
29.154058656799744,8.364567054842855,28.898951010134805,704.0031553992013,191.5695873053215,DUST_ACCUMULATION
29.713056852307368,6.838773023168959,25.267021781175636,692.4012944537176,159.38935932968806,DUST_ACCUMULATION
30.180735499578724,6.9998640198044875,27.002087911124413,687.7703168528755,180.5792912003141,DUST_ACCUMULATION
31.683781726657116,7.393476996264288,33.3327723401217,661.8524187559001,194.5745152704905,DUST_ACCUMULATION
30.132324001135274,8.361763102503605,28.9168563212247,661.2758419806083,209.13740806273807,DUST_ACCUMULATION
29.11846382382357,8.030050796390512,29.29388526569665,620.2685760849558,199.8909746139298,DUST_ACCUMULATION
29.04142793032117,8.149695801104325,33.37795366024367,698.2206288335406,193.73870984719366,DUST_ACCUMULATION
30.03002886641038,8.174283909655854,29.141405569895248,629.5828887353298,218.76568499336094,DUST_ACCUMULATION
30.680124804885253,7.675395755298426,22.504223095196316,533.8833917180275,183.8857197271832,DUST_ACCUMULATION
32.566221128918166,7.494257322030091,27.622736513600948,689.0773895184924,208.2096123996703,DUST_ACCUMULATION
31.047507981952904,7.304108529903181,32.00690048709423,553.1659952078987,178.3303627691036,DUST_ACCUMULATION
28.958016787592662,7.25515327191676,25.38773269425048,654.1027197237536,169.36564207741586,DUST_ACCUMULATION
31.383291522474924,6.95492469449746,23.766429533174907,621.764289698199,194.39586462554345,DUST_ACCUMULATION
32.29783794405557,8.446880852152766,29.80574878333805,655.1629732832184,233.2584234428662,DUST_ACCUMULATION
31.114094614290988,7.050104586614894,28.52486747396714,597.2135866903452,182.74781380660937,DUST_ACCUMULATION
30.618002865296187,7.018273492063828,26.313852806225437,532.6899121753207,192.8726831816371,DUST_ACCUMULATION
28.59264014410063,7.239492055526423,32.69551512044077,616.5420092478283,164.82619520388226,DUST_ACCUMULATION
29.921152690196745,6.996975590125356,24.40259196501402,530.405969389969,174.3084579682873,DUST_ACCUMULATION
32.033180608626296,7.796147603789822,29.27614366581534,560.1168060166481,205.0995114654789,DUST_ACCUMULATION
32.22621051920416,6.949355513355075,32.2951678440224,616.7380052529571,197.17972720396935,DUST_ACCUMULATION
29.590032096972003,7.376033017691135,31.019258419877715,676.999234678444,176.25509041768245,DUST_ACCUMULATION
32.864356624109526,6.943633177216209,22.822035557225572,639.1008430572206,197.78583179847092,DUST_ACCUMULATION
32.80443064612487,7.488407827358064,22.303496907875598,640.5792678892814,200.1490671026769,DUST_ACCUMULATION
30.16473560597701,7.63039811982489,22.774151328856405,617.1963569128205,191.30684023716194,DUST_ACCUMULATION
31.562721326432964,7.897632049060986,24.222588617806732,561.2277836420794,201.93941251128038,DUST_ACCUMULATION
28.894752201485886,7.917262439436394,33.93316215040325,650.4216681031874,195.09319287194958,DUST_ACCUMULATION
30.04963966675536,7.331386440061593,32.932885082877746,713.8003748284306,184.97141029860677,DUST_ACCUMULATION
29.45100247753279,8.109207753038605,23.58948149040254,673.1176475287364,209.75312458232386,DUST_ACCUMULATION
28.624519723135837,8.46066449695416,33.82614748466174,707.3438958654702,203.31802856925637,DUST_ACCUMULATION
29.230370711384143,7.789415777499252,27.03920606165723,561.1897289434394,189.17215767603784,DUST_ACCUMULATION
31.319449178387952,6.920552628336185,26.0010160173522,523.558978002565,188.55754803110787,DUST_ACCUMULATION
31.203456338083505,6.906542628993342,33.576850715223614,524.5243114254201,183.3531898464528,DUST_ACCUMULATION
31.88183730899528,8.139423732176029,22.411421627118447,701.2830265280878,231.0103920815839,DUST_ACCUMULATION
30.806951865771865,7.619541438108149,22.538409556751198,632.3908285019737,194.62464443364533,DUST_ACCUMULATION
31.86403203704328,7.486602063706349,30.202969999896517,540.2816292475062,189.87754064396574,DUST_ACCUMULATION
28.698550953245793,6.877393349659564,28.495946311237645,678.7935452087272,168.40686703835098,DUST_ACCUMULATION
30.87477442776428,7.957060678284652,26.075743876864177,592.3908143296458,200.88941450193863,DUST_ACCUMULATION
31.560544664267876,7.074788570640316,22.156303363755093,639.2392893444985,199.41192303452618,DUST_ACCUMULATION
31.047039584981523,8.13096680999952,30.073488513592363,619.4873307046032,218.66743818251518,DUST_ACCUMULATION
32.12052061927611,7.182043795091887,26.033565765797746,564.7451465006568,192.45643591660664,DUST_ACCUMULATION
32.425322754583334,7.386852071420065,26.49360266956664,692.0734469343863,201.6395896714993,DUST_ACCUMULATION
30.67724499823717,8.263362045664762,27.88632084430568,656.311506925879,200.33308372163813,DUST_ACCUMULATION
28.893158565634426,7.487439541217618,27.9380688138385,713.1467402472459,193.94030790808458,DUST_ACCUMULATION
32.25598543739381,7.336518019985476,33.56833948998928,657.8681729352425,195.74291666123673,DUST_ACCUMULATION
31.508374584923832,6.828088640637095,23.753856187290562,685.9371423112735,184.4775386163224,DUST_ACCUMULATION
29.82097350645942,7.651133288378622,32.8617057957492,646.3156218958173,188.8693212085074,DUST_ACCUMULATION
28.601633286987674,7.299369562763453,33.740082793559,607.4726125703555,174.66456666045602,DUST_ACCUMULATION
30.492990161985077,8.30297683901196,29.247139412623717,658.7354072903844,209.31354859630957,DUST_ACCUMULATION
28.14543809294487,8.382653954212834,33.38953217099687,709.8306106696102,210.7457890182355,DUST_ACCUMULATION
32.07620970534781,7.963813285197755,32.134119019207425,640.1092478002072,203.36912622528124,DUST_ACCUMULATION
29.956090825207106,8.451201350353994,26.213653763147875,693.5655827462739,200.3004104211016,DUST_ACCUMULATION
29.670919211877347,7.396620652036545,22.619230517307763,543.818866037351,176.26948593063386,DUST_ACCUMULATION
32.18907795405057,6.907783382897671,25.584410816132646,522.0350005178535,191.99821040694846,DUST_ACCUMULATION
31.101515450216898,7.896469845490341,26.492593416575424,561.6535642535138,212.79050082585957,DUST_ACCUMULATION
32.055589363703476,7.035622546766943,27.841953135249057,569.7431363957725,180.46379884821562,DUST_ACCUMULATION
31.671626567474995,7.714764790303823,24.594223988544012,582.000002242309,218.92749691458167,DUST_ACCUMULATION
32.243397823542786,8.295909462884318,27.520145164968497,644.761452784175,220.73459700448353,DUST_ACCUMULATION
28.388559878444454,7.48181782811653,29.127769038485738,577.4288541536263,187.28283020265076,DUST_ACCUMULATION
28.755500795872994,7.424119452042763,23.498846863890435,600.9664267970451,167.53378057540428,DUST_ACCUMULATION
29.362746975308227,7.481249933693262,27.7379843593203,628.7392716950284,178.59151590253052,DUST_ACCUMULATION
30.61520667307436,7.6653078566555015,25.7941366105145,686.0400661312956,198.41228644487717,DUST_ACCUMULATION
29.661348593732725,8.41047547053732,32.14134895685393,716.5175623103602,215.3061765327899,DUST_ACCUMULATION
29.891114527530235,7.2774631333543205,29.95981412409377,716.1633164990608,186.03418888098997,DUST_ACCUMULATION
32.40807470494919,7.359475832781206,26.88344538969107,701.2550479178707,207.69713536164048,DUST_ACCUMULATION
32.90705160183953,8.11709915654481,27.38218848661878,626.2136039644727,237.21002628257855,DUST_ACCUMULATION
30.75823368049024,7.234175536079556,27.227437753239393,623.2631977698236,176.14070104445207,DUST_ACCUMULATION
31.718813371264453,6.985901686703454,26.85901256042567,680.9244883080809,185.26868126676962,DUST_ACCUMULATION
32.21007759859254,7.381198247495395,33.491635527981224,561.8936863610471,186.53586661088264,DUST_ACCUMULATION
32.3621327149521,8.078744617115694,24.783806044808472,716.9483214273348,219.6856761127504,DUST_ACCUMULATION
32.755327200720814,7.658548911357899,27.662495041255493,609.8277074288931,205.7502029822778,DUST_ACCUMULATION
30.66850748588276,7.569342925312565,22.44096251948265,572.0870466847005,187.00648186207889,DUST_ACCUMULATION
32.33717801160533,7.8180789612856305,31.16419720539673,711.3652075498561,216.73410122677834,DUST_ACCUMULATION
32.91304995702372,7.32999888780862,24.235206187754727,600.6619775985823,201.80683432987533,DUST_ACCUMULATION
32.476807714262925,7.751898746362349,25.506171993016203,668.5268565735041,211.65200467239387,DUST_ACCUMULATION
28.81065972637585,7.7805936389051285,32.936734441687406,688.524523495164,190.63295092937977,DUST_ACCUMULATION
29.88541586942494,6.9478638768091585,27.635787079979487,670.4158875059159,170.9359046950086,DUST_ACCUMULATION
29.17723412775832,8.38334552276062,31.85866840549591,647.655123884029,194.80512261730556,DUST_ACCUMULATION
28.724544202030867,6.975473305474824,29.39556000271292,543.1125592946672,176.5466787374241,DUST_ACCUMULATION
32.964825009096614,7.422791914004731,27.44403816360517,662.3334353971358,218.3765613487443,DUST_ACCUMULATION
32.470468867781925,6.897906108874743,24.02886163068118,670.9194397115584,193.218679903607,DUST_ACCUMULATION
28.666092970200616,7.653509789402665,31.369775573023546,563.7561364525387,194.06792006278917,DUST_ACCUMULATION
28.26485887410184,8.129731644615726,29.38982679747844,583.0398693308698,199.11206010022903,DUST_ACCUMULATION
31.9118289757558,8.387628251216748,26.413296065851164,657.203347195991,228.13423779502247,DUST_ACCUMULATION
30.626030347285443,8.313708006063564,22.038007769660805,576.4223212207195,215.04685303613283,DUST_ACCUMULATION
28.89146630818276,8.34337310734569,29.771141411356183,615.576598926398,211.5870670425735,DUST_ACCUMULATION
30.254430957325518,7.749710120281016,22.03301194664705,593.1401060390147,186.78614324752033,DUST_ACCUMULATION
31.448443403311455,7.614345830258747,25.62109068700277,613.5664678743485,192.80201238745374,DUST_ACCUMULATION
32.6254331624307,6.891753475336552,32.38500442355344,622.2717577466702,192.08037517936296,DUST_ACCUMULATION
29.51302810454352,8.443385948550347,25.38221150223388,637.7755994280609,224.07403925627406,DUST_ACCUMULATION
32.40547198191723,7.71176070298638,33.88449427560654,660.2739723465229,201.18312076267964,DUST_ACCUMULATION
30.027981052179033,7.368638667819637,26.128164499254268,672.0912878719732,188.10022338354105,DUST_ACCUMULATION
28.19046355794764,8.29166242220666,25.561553685761975,719.4149753826288,209.08629964658837,DUST_ACCUMULATION
32.70265358340983,8.178916926908755,24.64735998020251,626.5265488057564,215.82775220742676,DUST_ACCUMULATION
29.298377277944745,7.838618008041672,22.49000254423676,713.8917133641415,204.45161849201517,DUST_ACCUMULATION
29.9038378607886,7.676218161611752,27.59343303121311,696.439955723494,198.01583265789148,DUST_ACCUMULATION
29.390556237121782,7.559630132591004,27.147591708241166,711.8670336567837,177.97585880604046,DUST_ACCUMULATION
28.447881686472144,8.297052014674874,32.76023187407045,694.347817582433,198.57909585930594,DUST_ACCUMULATION
31.2987221413473,7.757717180853673,22.83337391265281,639.1669793801445,189.78584753907455,DUST_ACCUMULATION
29.62493704778543,8.384897378984384,25.648543235629692,707.9653285288496,201.20965920145903,DUST_ACCUMULATION
29.572811202307662,7.868292743945541,31.139523673471537,620.2775536009768,206.1271569903009,DUST_ACCUMULATION
28.201202108053096,8.36773122567843,24.355693598744896,696.8477490169312,195.41594899011,DUST_ACCUMULATION
32.16378527935519,7.941831434666281,24.111299589739147,703.6095139762897,206.76847821234296,DUST_ACCUMULATION
29.220700593474994,8.184104124283547,23.27047906687025,564.4071812740921,200.98755215144647,DUST_ACCUMULATION
32.15238514343312,7.050722757053355,28.57201881414816,662.2481183605879,200.2354716794598,DUST_ACCUMULATION
32.6778278010111,8.133887854597186,29.833940778664022,606.7240170625532,210.8981093004227,DUST_ACCUMULATION
31.548685962627605,8.487653417608328,30.841127136785197,523.3422187475453,224.810244457759,DUST_ACCUMULATION
31.073233162414517,7.972446141874833,30.6367100272085,631.6216882433048,199.86910670868227,DUST_ACCUMULATION
32.71100330738273,7.984332995028225,24.842080442432913,584.4643664540546,232.61111874481418,DUST_ACCUMULATION
32.43742593353668,7.488748945208752,22.45968666389741,529.6994737787876,197.75046319398282,DUST_ACCUMULATION
31.145611096695,7.793130880068755,29.605933443327313,663.4565943864213,189.87736761663422,DUST_ACCUMULATION
28.525427975862215,7.411121868106261,23.858319970258982,535.0640085089108,181.15663191078005,DUST_ACCUMULATION
32.07668238745549,8.079465317638281,31.80447734331015,653.1713088115755,225.01557221953536,DUST_ACCUMULATION
29.358893871041506,8.48811366168308,24.197987853926644,562.8987748778765,203.0172448716711,DUST_ACCUMULATION
32.876662150532894,8.48009060190164,31.53872499647797,645.8115197119267,234.86074839903074,DUST_ACCUMULATION
32.853104228434226,7.982558764859021,33.33676153991236,583.3101598955247,215.06039760138037,DUST_ACCUMULATION
32.27362297059218,7.054753364995,33.35113433555291,621.4948709326815,202.90369301569277,DUST_ACCUMULATION
29.683963943629067,8.017130137036975,27.794501463672276,645.3607260490946,200.02823762813503,DUST_ACCUMULATION
32.835578086856806,7.976579176283659,25.015827623515786,701.9353843810169,213.53547558434084,DUST_ACCUMULATION
29.858025496504283,6.973610286634362,32.79959823755429,577.2224046455726,168.87958660880275,DUST_ACCUMULATION
32.60131298997477,8.169395666088556,23.69294705823249,673.8649007807362,236.920263575249,DUST_ACCUMULATION
28.39255609105372,8.202865491337775,28.56904062247667,653.8394898757601,195.43656038949626,DUST_ACCUMULATION
31.489015424526393,6.85796636483348,31.152480678679403,526.6687395717917,180.24014824997653,DUST_ACCUMULATION
28.754824965651473,8.200076271497222,25.763930910108023,610.8187089208665,196.0490780742596,DUST_ACCUMULATION
31.862509828423534,7.617945411653158,31.467500020124152,534.701655360535,194.90755150948712,DUST_ACCUMULATION
30.7576712482318,8.410050152079581,22.897094160661364,528.6168432313729,206.62483745824406,DUST_ACCUMULATION
31.205765644300783,7.47828795833942,31.906628553012233,534.3866302962732,187.52560446712488,DUST_ACCUMULATION
29.50013202732448,7.865441147370935,30.222072283618566,544.8406587927548,207.26370739797818,DUST_ACCUMULATION
29.705220675951047,8.01238689710048,28.290492627372387,564.5516227094213,209.81685035944724,DUST_ACCUMULATION
32.09119014095965,7.4733221516583725,29.063291028326265,571.5651391871879,206.91915767185105,DUST_ACCUMULATION
29.545134063102157,8.2349338484498,24.608621251327293,522.9606845636928,197.61516762206423,DUST_ACCUMULATION
28.955262432297435,7.664086947532371,24.444439499878914,672.637974143899,179.5218767284928,DUST_ACCUMULATION
31.534840899563278,7.783400569123331,33.83499827766261,719.9801954018463,217.060516640938,DUST_ACCUMULATION
31.799916846493755,7.456975903800975,31.039320725575642,711.3351074158982,185.62757299953347,DUST_ACCUMULATION
30.689573500988693,7.170597117460339,28.694515790426205,613.2894179517782,186.85341594620036,DUST_ACCUMULATION
30.754811107093623,8.432181966586555,28.626233307216832,689.2464176249734,212.23021328630338,DUST_ACCUMULATION
30.190503443955244,7.599702909276177,25.344736520024558,595.9580522955911,195.44096715923394,DUST_ACCUMULATION
30.90093881652266,7.881940085774917,26.221814985041693,583.1662990306114,207.85212206514768,DUST_ACCUMULATION
28.664308742137624,7.230153624004638,22.505532843435944,534.522170519216,167.70580239733653,DUST_ACCUMULATION
28.097646401484596,7.217198006548684,29.85971587674431,532.2214156937866,168.80100114768658,DUST_ACCUMULATION
32.56554393459775,8.145184209173182,25.665250027538285,704.9610958383294,217.3895774096868,DUST_ACCUMULATION
28.36257748168781,8.489895126505793,32.44027032627006,613.1865566602185,207.0755813761687,DUST_ACCUMULATION
31.35614038928335,7.130619792241783,24.40058359784359,613.9161406703652,198.85729398230535,DUST_ACCUMULATION
28.049968874292855,8.130259581113911,22.69032140457585,615.6444229766236,195.33805000261745,DUST_ACCUMULATION
31.433796335412325,6.899414748147049,27.02324340860762,636.7674521004649,170.88117596855707,DUST_ACCUMULATION
28.67547278297655,7.928203282156865,28.259658359087823,552.365732253658,191.9311593964176,DUST_ACCUMULATION
32.56346186722208,6.826498894118118,29.711605281830256,534.7300869210684,173.56170144638565,DUST_ACCUMULATION
28.753272443303167,7.518941274151663,31.628127987783436,576.3570993209117,184.8634780854397,DUST_ACCUMULATION
30.055783189776534,7.198364046342213,28.170965371394303,679.4928980745246,190.36833946841796,DUST_ACCUMULATION
32.23259765938619,7.375548281343465,31.521472776589036,562.4356910217816,206.49757147459042,DUST_ACCUMULATION
32.74192213136308,6.8233645189746275,27.284367174145576,649.5541976828009,193.07390726862445,DUST_ACCUMULATION
28.880438791346013,8.452711567905608,29.383184415651677,552.8681202456536,191.01324465372622,DUST_ACCUMULATION
31.91632099394888,6.935498057057281,23.69261105284284,634.9660053711382,188.68807160099752,DUST_ACCUMULATION
31.434435592961993,7.468973821528155,31.286784027601875,714.8717199231777,190.7685390192045,DUST_ACCUMULATION
31.51514308268973,8.378396709071767,30.235441151404512,656.2218997288519,213.04652962811855,DUST_ACCUMULATION
30.675651001598464,7.756288834127786,30.401554749471433,719.3642899792366,186.54536505942804,DUST_ACCUMULATION
28.326163306337435,6.932515118032562,30.915749613867483,547.2707590221515,167.83763430592307,DUST_ACCUMULATION
29.62334438946729,7.5774439255582084,24.587957917808968,693.2213122609085,190.8747256807172,DUST_ACCUMULATION
32.72281631791127,7.77681362449736,23.48689636716336,554.1740867676951,228.6976658479884,DUST_ACCUMULATION
31.62782598665434,6.883773875049452,30.445372060415977,602.4346093619223,177.84687079869502,DUST_ACCUMULATION
28.770303968652673,8.227836722746162,22.766096547869207,577.9670924759281,193.3426816463299,DUST_ACCUMULATION
28.804526419817503,7.663914301587679,22.14043152173071,580.1951030820818,196.92168057063176,DUST_ACCUMULATION
29.55264784671003,7.412780958081478,27.677980578808857,632.338674970295,192.13189289418497,DUST_ACCUMULATION
28.951606115780088,8.281968841227346,31.09059228572667,664.530066932311,189.52315534686082,DUST_ACCUMULATION
28.108203449872924,7.809821591543743,32.35760755027793,636.8882928281272,176.84276178426242,DUST_ACCUMULATION
28.452599489746067,7.98931396979015,30.661243327813715,554.5063401374217,178.07604116259307,DUST_ACCUMULATION
30.041417566115985,7.790621793626137,30.472028914806295,681.9890018305805,199.69914989709926,DUST_ACCUMULATION
28.554403042992426,7.9603888426421054,33.81011971473858,701.1169169194808,201.07331349148802,DUST_ACCUMULATION
29.510850766791705,8.076339899971801,32.21324135158174,655.6652409262526,193.07119250369513,DUST_ACCUMULATION
32.76916985937479,7.566392999479749,23.557666703990552,541.9555790114784,212.6624917588569,DUST_ACCUMULATION
30.188548232083697,6.960622587804238,30.884374865873134,679.865033451724,182.19413608592308,DUST_ACCUMULATION
29.011304388420065,7.972618275193318,22.12867363473262,581.0224279356819,191.48042498252835,DUST_ACCUMULATION
32.17623474442751,7.463670434217987,22.135233354272778,590.4692823656019,201.6973563384832,DUST_ACCUMULATION
32.74502393336387,8.399758316442226,24.17048845865694,557.0293083478903,219.93179792398269,DUST_ACCUMULATION
31.944609662070516,6.8102374686262905,23.52612637830253,627.5919263288198,176.1521610970982,DUST_ACCUMULATION
28.46178229119631,7.4117926209675185,25.290491260722938,622.2208613028569,189.33185731594156,DUST_ACCUMULATION
28.621523184074594,7.433635398217961,33.1838202144697,695.3746086987645,176.02064070502604,DUST_ACCUMULATION
31.494766322598682,6.9493569230882875,30.550492666523382,714.5715458969482,184.8340293227439,DUST_ACCUMULATION
30.49245113517207,7.118441653493248,29.605458386887502,638.087456155783,186.28674450345142,DUST_ACCUMULATION
28.13041643342361,7.732829930193425,29.139218121968476,561.5060270825604,175.10980712573996,DUST_ACCUMULATION
29.381090842554748,8.009926705936303,29.27519276238846,689.1525292235609,191.91514789403993,DUST_ACCUMULATION
32.56034029944159,8.06430047537171,26.740140040164363,539.0524131250912,212.90690724914256,DUST_ACCUMULATION
32.783841086074254,7.3276177390029344,25.958811521788775,557.9177862195434,210.63673531121574,DUST_ACCUMULATION
29.378221151211388,7.361439022227055,26.97217730117952,606.745655954922,179.36254967257688,DUST_ACCUMULATION
30.518718476873644,8.184671895347886,31.831420488904264,679.6626267526694,197.86398858734486,DUST_ACCUMULATION
31.99839401637407,7.00442801492718,23.496685240627095,709.5725543269922,196.85998970701098,DUST_ACCUMULATION
30.762052334340044,8.287449347612366,33.87237571062235,642.1284133263555,217.60258354666175,DUST_ACCUMULATION
31.77213514579964,7.194636219021065,24.005498338225593,671.9161500030145,187.7603555044509,DUST_ACCUMULATION
28.67535178152967,7.335292134060174,26.303642414494902,713.0455319011381,181.68406012868908,DUST_ACCUMULATION
30.65428158699867,8.447084335760428,32.83767688569017,622.400171322832,230.11458171225414,DUST_ACCUMULATION
30.021523290313283,7.191715131106262,24.792138121865023,652.4631048884253,181.38897504764117,DUST_ACCUMULATION
31.294754235027234,7.966329139245689,22.26787447477261,530.8079184695805,210.3932263368392,DUST_ACCUMULATION
28.955177388800383,7.875307406967547,28.626228870047775,637.1520716741783,186.14042143891433,DUST_ACCUMULATION
31.199217531389483,8.210137482024539,33.976855043106845,687.6888772344429,216.93328276739618,DUST_ACCUMULATION
28.96714795839978,7.958457989403696,33.25184542669574,562.3733079464605,186.89826558446822,DUST_ACCUMULATION
28.745042717058254,8.052426794164884,26.878738041083913,532.5391277772768,204.8472176337351,DUST_ACCUMULATION
30.788359523512835,7.362860296400605,26.127795712733164,578.0502440381814,189.208861489088,DUST_ACCUMULATION
29.685208442440725,7.731508716920036,31.28220702725553,654.8922566888747,187.12867664609433,DUST_ACCUMULATION
30.643705057698895,8.228214471850826,22.818474816912705,535.659453397381,213.49964762262485,DUST_ACCUMULATION
31.195575641949016,7.159402126819037,30.942641520298217,649.2526754081455,198.9515791802913,DUST_ACCUMULATION
28.844771009292682,8.077336251108619,23.003717086999202,633.0584819035795,197.16160727030487,DUST_ACCUMULATION
29.941925223233703,8.235770951036564,22.052447737432146,624.0358803797042,198.7698469502497,DUST_ACCUMULATION
31.717493095582164,6.873214624720365,31.97865625817893,687.6184453413903,191.82877573623153,DUST_ACCUMULATION
28.76284263366335,7.871691081553776,22.172408310200677,689.59251825784,196.24437475493212,DUST_ACCUMULATION
30.655768654496264,8.04200543626425,23.131889159821267,625.7311664353713,200.91355145309686,DUST_ACCUMULATION
32.86309731611487,8.257100516060634,30.79930835000772,706.7495270499464,222.95011420513342,DUST_ACCUMULATION
32.504399494940905,7.352904994581407,30.793560636293837,667.2833823552899,186.94765222119483,DUST_ACCUMULATION
29.805298491390975,6.8330355430944465,33.96510421132298,544.4393523658476,172.1212251818512,DUST_ACCUMULATION
31.952781193813188,7.142148123843517,27.82063201714567,641.4857521842301,182.39223508381292,DUST_ACCUMULATION
31.892777299557693,7.308871977221921,24.532276916066085,631.6577492874834,193.2954804327488,DUST_ACCUMULATION
32.601429723182086,8.296106586936862,27.800207960666597,591.8527549451195,221.52759398181288,DUST_ACCUMULATION
29.337818115407536,7.725731351311211,31.659743256814522,582.1513216407116,181.96207715818073,DUST_ACCUMULATION
30.377419030916435,6.917358508556033,30.41534807355648,623.6716532603867,176.4190462774998,DUST_ACCUMULATION
29.502226897750113,8.337944843803953,23.085835502194634,693.9648017774063,202.99038613801525,DUST_ACCUMULATION
32.403117579875115,8.038894479165052,23.25004871994446,686.3072573018708,224.5021293531716,DUST_ACCUMULATION
28.161509564576743,7.027294559586439,29.62753667002834,652.520100576057,172.09280250828226,DUST_ACCUMULATION
31.60122700387491,7.921183922938924,31.19486682095707,635.0171411784746,203.0826511734576,DUST_ACCUMULATION
32.56188306865359,6.830963852584362,26.39874063845788,665.7740586194327,184.8960853450592,DUST_ACCUMULATION
28.124172037400072,6.912167535297562,29.783648429659465,712.97291988106,164.50501929190975,DUST_ACCUMULATION
30.533789090118844,7.3411528621956545,25.08028808639276,524.196996351257,182.18155155055717,DUST_ACCUMULATION
30.245552204326263,7.136514631183215,23.04817586177715,663.5455734509205,191.53352495391061,DUST_ACCUMULATION
32.68386034843543,7.850597838444882,22.63329499119138,668.1725259923546,203.5284118882192,DUST_ACCUMULATION
31.34874058843912,8.124921920771389,30.710376529917674,710.3767611522261,221.23197495294895,DUST_ACCUMULATION
31.466048889909043,7.2449633927112735,33.09722423723082,555.9087741588334,202.57164450161756,DUST_ACCUMULATION
29.563312716729552,7.0212781095920365,31.920196327254047,520.4990907201658,182.63255989139495,DUST_ACCUMULATION
29.31155921022988,8.304026163684556,30.29775018689895,653.236666570118,200.525511735685,DUST_ACCUMULATION
28.297014869453854,8.211124266949481,24.050845542118335,594.4517283789504,197.97234962060205,DUST_ACCUMULATION
30.41126869280311,7.1377230797912405,23.687396282587407,544.6492544500582,191.7921132834267,DUST_ACCUMULATION
28.157797745306667,8.46092424131982,24.38234428462497,542.0644593758157,202.32297098225297,DUST_ACCUMULATION
28.39992978970348,7.824170547378111,32.207519737763356,529.579604293485,194.64885970459932,DUST_ACCUMULATION
29.972387204910593,7.071134077513057,24.113157763209507,703.7529087388452,168.12523709155616,DUST_ACCUMULATION
32.33391393557829,7.725215855672145,22.46867414579727,612.8952291434676,219.33598130292125,DUST_ACCUMULATION
31.6310139381955,7.63093011006402,32.320598556354604,544.0729523560459,214.62810381166378,DUST_ACCUMULATION
32.23220604241674,8.0040706036173,31.81465290554499,628.7631013685332,222.13343091196916,DUST_ACCUMULATION
30.802990353538895,7.404228501863514,28.82632956833413,571.4930665063852,189.9463178686605,DUST_ACCUMULATION
29.403877036301218,7.0089092420843615,25.862342276678874,690.3974436369541,170.17389371799626,DUST_ACCUMULATION
31.740018244844347,7.097836352204874,27.0930299100117,542.9712138670353,179.47017227325128,DUST_ACCUMULATION
31.087181899450346,7.8327190896633185,24.560462888258346,614.8846388577597,215.1532995302728,DUST_ACCUMULATION
28.871007543382415,6.832657906224975,29.82394168796287,530.699641617737,177.06429376798127,DUST_ACCUMULATION
31.048101418994406,7.599673799834752,27.159910480291682,634.6141317033863,186.6112449454055,DUST_ACCUMULATION
32.65009529409748,7.863591516538192,24.207741971330904,632.5162107529326,204.36825481784646,DUST_ACCUMULATION
28.08776358779156,7.871878874863796,29.781800102441533,636.7393165606832,177.32896164931907,DUST_ACCUMULATION
31.017149292473835,6.8960685995716835,29.310860266863067,630.8034038215237,183.6579807268538,DUST_ACCUMULATION
32.47737802876197,8.245608778907211,33.76785029875047,715.248206587315,233.69955974146217,DUST_ACCUMULATION
32.78209811088864,8.274382606011491,30.730989398739673,535.076850928751,213.1728488824869,DUST_ACCUMULATION
32.187997837528854,7.6324149583818865,31.77528021249905,582.5836541310439,203.34726158855736,DUST_ACCUMULATION
31.50093360505966,8.356055452784558,23.05313769374663,692.2956289269213,230.363122222298,DUST_ACCUMULATION
29.577696353649273,7.403868244023651,22.557537726662915,523.1481222233436,183.34681842248762,DUST_ACCUMULATION
28.477698227486552,7.129803084505862,32.16120639431996,634.2056782500905,173.8098534678027,DUST_ACCUMULATION
28.9373966541596,8.208725067572512,32.415757269276966,624.6655187426087,211.2927058448928,DUST_ACCUMULATION
32.22414312477291,8.043251100346545,30.808910988323543,541.0786947901727,210.58941976214558,DUST_ACCUMULATION
28.33423609908838,6.814758055684725,23.899714376606923,696.097436529388,156.1690532795263,DUST_ACCUMULATION
32.85076981295861,7.815394699254051,24.847101851616284,619.4261606968425,207.00864528201285,DUST_ACCUMULATION
32.919867790911866,8.240350472638438,22.31486546538795,709.5552062934942,235.06408132102578,DUST_ACCUMULATION
28.41190626010639,7.940084168754957,29.763120375588226,563.7577491615167,196.49450847050332,DUST_ACCUMULATION
28.435323516564836,7.632056808093121,22.119078485957054,713.7474977789493,188.8481245834074,DUST_ACCUMULATION
28.79426038079828,7.380845867917181,23.926748533698117,673.3234928258629,167.27231828509977,DUST_ACCUMULATION
32.20203327781857,8.401733776020741,30.1195353136756,562.5930900002868,222.72208112659055,DUST_ACCUMULATION
30.386199374044658,7.827862112743832,30.02395707774025,630.8429430637766,195.55758394235372,DUST_ACCUMULATION
32.45458640282452,6.938366498630529,27.595072650921942,675.1129676934961,177.28670578961055,DUST_ACCUMULATION
31.526676084056504,8.193509758680653,29.929975582324627,522.5873784550712,207.068852653133,DUST_ACCUMULATION
29.710565394459753,7.197273060584678,33.55182568272913,650.3187828227587,174.41167651443783,DUST_ACCUMULATION
32.64848749332723,8.059010139109517,25.4152865419245,595.7763138803911,211.5260182763452,DUST_ACCUMULATION
32.85536999132911,7.6794040430131245,32.75268024997582,589.2999542033696,222.86537407532106,DUST_ACCUMULATION
28.26943424213582,8.46955353979129,32.94441240439963,592.6405889553309,209.01395940506018,DUST_ACCUMULATION
31.76128963236913,8.332133155074985,25.687059773545734,613.1040010628299,233.8881960828831,DUST_ACCUMULATION
31.89289727067608,7.468893421858475,32.148702794945464,529.3908078464802,208.15407545534566,DUST_ACCUMULATION
29.033829297168502,7.286405543300438,27.918578123147125,609.9469002139948,178.2260922752803,DUST_ACCUMULATION
30.723877978360118,7.363597074753544,24.10273015620436,673.6962458574612,187.32463011073574,DUST_ACCUMULATION
30.529204312295295,7.895984421196901,32.91565506767987,661.510566228044,189.3403327441593,DUST_ACCUMULATION
32.19280181699009,8.481903525716783,27.669820304456586,713.9180672909201,230.9180499637819,DUST_ACCUMULATION
30.29807997935975,7.363388100036674,29.890658510000065,565.964084105009,176.82454192505972,DUST_ACCUMULATION
28.13618551292107,7.297046191615948,26.749249986004457,630.4153392562496,167.35518808405337,DUST_ACCUMULATION
32.920297861927054,7.295966786009985,27.291704661356903,540.65523310638,194.85645382930585,DUST_ACCUMULATION
28.241660698944955,7.751164676843458,31.01277619758918,559.1419628672136,180.41103394286426,DUST_ACCUMULATION
28.0830811336358,8.22718749472776,31.359562299180034,532.6508061748585,190.3310141711053,DUST_ACCUMULATION
32.776433069247474,7.466445995334261,28.31450412068819,591.048572202071,208.39078543803538,DUST_ACCUMULATION
32.89078437818411,8.495754255918035,31.296579736134294,600.8622196040878,234.53619937838278,DUST_ACCUMULATION
29.783656640561528,8.475476870837388,30.493123669904847,609.7862890867023,197.2629324526501,DUST_ACCUMULATION
30.602417071952743,8.47267794289275,28.276730907676622,556.4853370978227,202.92927855667435,DUST_ACCUMULATION
29.773518790621047,8.360987694684232,33.95864929811057,709.0735949624005,215.9595684782103,DUST_ACCUMULATION
30.790713642203276,7.804166448849829,28.46790410910353,661.4098609845977,199.50918637164935,DUST_ACCUMULATION
31.346020024778827,7.0067405954272415,25.188343678737805,687.2006077617259,195.1332936018874,DUST_ACCUMULATION
30.6950411878015,6.853780549261985,33.12368284950122,660.4128516054573,174.54635756671274,DUST_ACCUMULATION
30.991894715997482,7.530617218550322,27.58407072078461,697.3619731318804,186.55413234907178,DUST_ACCUMULATION
28.518345677411183,6.804638865672127,25.76800450734552,549.4827532968854,156.4872620101139,DUST_ACCUMULATION
28.056194913326884,7.186232204969095,25.99253898318849,526.3134992819763,171.97005234492343,DUST_ACCUMULATION
30.84400174441879,6.964960823466872,29.14011733022081,719.7307837217755,191.91298745919974,DUST_ACCUMULATION
28.013354966838317,8.152143129261612,26.243263314837833,532.7302740669255,186.23892836610602,DUST_ACCUMULATION
29.60868258156481,7.689515206825397,29.933005207226255,669.8111224416816,184.30596245188204,DUST_ACCUMULATION
29.608852851242485,7.32424890166155,26.352842417450518,719.9312617912677,189.39765184159043,DUST_ACCUMULATION
32.87495232634348,7.978288801229997,26.87524841976741,597.948836725395,219.96072523772395,DUST_ACCUMULATION
30.084348916822186,8.208154618357668,27.580024156320313,579.1228720421692,215.57184950990353,DUST_ACCUMULATION
32.27210204690697,7.514729225438767,30.013702862866385,531.7609067776609,204.57101521954536,DUST_ACCUMULATION
28.22490568872754,6.849624428840595,29.35509820627287,580.6670764789974,168.02396820225107,DUST_ACCUMULATION
32.48041280316296,7.036964995341596,30.694274062947088,622.9039996576687,181.35471634940788,DUST_ACCUMULATION
31.257963032403623,7.836093565281004,28.18770240880939,705.2942409119316,206.36946341353766,DUST_ACCUMULATION
32.95257557725106,7.665688983541789,23.390224459616412,614.0942502150061,202.5581138014513,DUST_ACCUMULATION
30.985667426087137,7.978324697829122,27.621223344485124,539.5405935366297,206.72924802653318,DUST_ACCUMULATION
28.407271073672003,7.959614124361108,31.48441869838105,712.4760654454078,180.40400822735347,DUST_ACCUMULATION
30.66210167766652,7.7648135248102115,33.06971840537176,645.4553281193029,189.86393984869062,DUST_ACCUMULATION
30.181756619815946,7.9130962984606255,30.403413184831567,692.6147997181147,191.4615810276544,DUST_ACCUMULATION
32.75771073377749,6.900537000426507,33.80514561482683,691.5534185732818,194.22594640380737,DUST_ACCUMULATION
31.674977501322108,6.923576410061954,22.497758354733428,540.3531593102731,173.356223220528,DUST_ACCUMULATION
30.736906167347176,7.166254778090042,32.32246764648072,609.1497246136145,190.19331651791546,DUST_ACCUMULATION
31.264365464850798,7.343750166180507,24.91801088230875,588.491257059327,201.0355080753301,DUST_ACCUMULATION
30.93138424209809,7.231015726282598,31.81415731672516,530.9518772220614,193.22492348534902,DUST_ACCUMULATION
30.195504028746555,8.04319365631201,33.12953536292112,670.0068195893807,202.31798765539963,DUST_ACCUMULATION
28.754878407569404,8.170796658869238,27.52846632305646,535.0624646914259,203.53427694736155,DUST_ACCUMULATION
29.459259829582948,6.883109990158815,32.833012179688936,616.620218418782,164.99813542030265,DUST_ACCUMULATION
31.581932789424556,8.30603404206036,22.003684900405066,657.5704370084308,228.75443186275416,DUST_ACCUMULATION
29.049637136397465,7.6323605133972965,23.07143078701523,669.3499765030695,195.48697624168676,DUST_ACCUMULATION
28.540933286623304,8.187982430835818,31.258842045814404,589.3826640741795,201.63814663837448,DUST_ACCUMULATION
28.00024061947156,8.384056012592197,28.604598823700474,644.0677728123999,201.83325805291153,DUST_ACCUMULATION
30.806845086091833,8.256498608817088,29.31642198581853,701.5519982480945,216.17259752768132,DUST_ACCUMULATION
28.855612109902832,8.353056344926815,30.17952998031732,659.8477988871113,216.50937395082474,DUST_ACCUMULATION
28.375982771047894,7.528607432061791,24.869144715839383,646.0852929427315,187.31593500534598,DUST_ACCUMULATION
32.83155354446206,7.572813381823024,31.43461876771125,703.4103184080759,214.31643483733646,DUST_ACCUMULATION
29.213662762248855,7.833352056883245,33.63942457380624,717.5107657723131,196.13569055402897,DUST_ACCUMULATION
32.43493878935995,7.140593918542624,24.9529432594266,710.5775225769719,184.4102250620045,DUST_ACCUMULATION
28.955532190467395,7.514932618504088,29.075011453040204,640.7634437936543,177.35115927204774,DUST_ACCUMULATION
32.60306948975174,8.355669842933366,26.704816636628472,606.8583538860594,235.4529305205183,DUST_ACCUMULATION
31.314979481994506,7.449904925433636,26.970931018252042,589.6077886843078,188.55868194914805,DUST_ACCUMULATION
30.290691814620697,7.966938024234318,30.903600463771518,675.7747296511925,199.0845925362449,DUST_ACCUMULATION
31.823179971424867,6.811077736676188,27.724599252602587,678.7808800265382,185.45259376090658,DUST_ACCUMULATION
30.370315620772537,7.895891411230794,32.883352037783965,633.2763601220415,210.0592731245195,DUST_ACCUMULATION
32.90371362612599,7.999465943528463,28.87990916666876,527.4971894250681,217.13352184653198,DUST_ACCUMULATION
30.82721366757559,8.155251171900256,27.257257475770913,712.0116551529547,204.2944565431583,DUST_ACCUMULATION
31.72283597605158,7.512353409043016,27.831861934790872,680.5004067730881,194.3553001187992,DUST_ACCUMULATION
28.484060282975715,7.684434493842826,28.345535341644986,679.4335544450747,196.16337596110344,DUST_ACCUMULATION
28.276503431641743,7.805872105363285,30.1753423637776,717.1602701497043,197.12989480955738,DUST_ACCUMULATION
31.56225382355989,7.687041999115592,23.938287067591133,596.8353110408834,206.27940061941544,DUST_ACCUMULATION
31.626001982978767,7.880179247714491,30.569473621932893,605.8305009103796,216.15106778418553,DUST_ACCUMULATION
28.718706280098598,7.076396729997293,23.953985749953553,698.1729914071552,160.36971051372745,DUST_ACCUMULATION
32.00754186366738,7.197070526679453,27.62115928594301,703.1913190931356,195.87843594692637,DUST_ACCUMULATION
29.050588431161792,7.282953102541972,33.045359486749426,605.4287850219956,179.93068619544772,DUST_ACCUMULATION
30.299660983126945,7.443344749682364,24.679349523188822,657.2383000969204,195.3523273391665,DUST_ACCUMULATION
29.374425458037,8.141318433193211,32.254422403620154,704.135019247926,191.16071726852488,DUST_ACCUMULATION
29.519618418066333,8.262600690756283,24.382482433934726,520.693691848699,215.7371745861038,DUST_ACCUMULATION
29.632247208756848,7.5046457927362145,27.356008308647656,689.6549201334457,182.47286021332067,DUST_ACCUMULATION
32.46139942928241,7.848796534681681,28.32744068840421,585.1229014254925,206.18190638918065,DUST_ACCUMULATION
31.120292213886742,7.559720072096179,32.92619211918408,618.3277432228099,197.95197170689775,DUST_ACCUMULATION
30.083616405680004,8.141747094885185,27.098070377311245,573.868399949951,216.38469055023558,DUST_ACCUMULATION
30.9841411068262,7.805567373607303,29.329866485967116,663.7679496411333,197.72787885839878,DUST_ACCUMULATION
28.169221854165013,8.178008373490917,23.54686064657965,664.3639474421088,181.96268169663975,DUST_ACCUMULATION
29.87653921014246,6.907144318713615,28.266564155532695,650.627154556315,165.2072885130506,DUST_ACCUMULATION
29.85813809219201,8.381407134773191,27.308669405289482,680.5087137953113,223.04122030466576,DUST_ACCUMULATION
32.87172912488643,8.327147433475329,25.80886394990763,712.5145772322386,240.19264627246352,DUST_ACCUMULATION
32.18587791819744,6.825794073092119,33.45086635981953,675.6180447697482,191.60761453430464,DUST_ACCUMULATION
28.407623654642933,7.195366519824663,33.54713998165479,620.1354149610953,169.19336335049746,DUST_ACCUMULATION
32.19970408573457,6.948478703993705,27.00330419525271,595.1401548844167,183.90943350890447,DUST_ACCUMULATION
29.538461218265365,7.157127426543132,24.074929635886267,648.0812233839348,188.22458430098897,DUST_ACCUMULATION
30.544258226249408,7.306556738989295,23.909922372666717,686.0286730105188,200.092554591596,DUST_ACCUMULATION
29.74577700733926,7.294615723438619,29.217915435699297,675.0657961906852,181.10534520073307,DUST_ACCUMULATION
31.150365749304747,8.018133415639596,33.52710745427415,553.0074661040167,224.71255742406382,DUST_ACCUMULATION
29.960783276206143,8.029440242635141,28.868972535675965,617.333723401768,207.79546692609907,DUST_ACCUMULATION
29.978769251117974,7.014386968272571,27.86672059745488,624.3831741364637,169.11528023302694,DUST_ACCUMULATION
32.67809678164328,7.186708599298695,26.91073112900917,550.9859373689446,198.2810980016221,DUST_ACCUMULATION
29.538188040500447,7.631763283959343,24.695402997498423,530.7550255897431,196.91338156678688,DUST_ACCUMULATION
31.20543141979829,7.379256904708722,22.569930696187868,693.1150125394242,184.30476079643918,DUST_ACCUMULATION
32.65371109140714,7.613612143613129,26.084640518901807,668.3518953781928,220.07710776349072,DUST_ACCUMULATION
29.853567818228555,7.492484378689318,27.197898632166368,704.4646122957338,193.05767337777314,DUST_ACCUMULATION
29.238230585228276,7.114499485753365,24.764411961097792,572.7127778371034,167.9977983137447,DUST_ACCUMULATION
31.292532235961982,6.9970869681177605,26.64830187649553,645.0107145940733,178.4284084681661,DUST_ACCUMULATION
28.32637192350829,6.939100668838146,23.511601315656236,687.1686049736311,168.8335684283713,DUST_ACCUMULATION
28.322612055488225,7.4648170945574135,25.343022074164786,635.6080223257601,178.17402425321072,DUST_ACCUMULATION
30.405620116848574,7.3346710296334425,23.65359726452789,668.4752765745276,197.49844659826397,DUST_ACCUMULATION
32.72075454616409,6.899652250043086,30.878904539066596,665.3006918813925,201.7527693332289,DUST_ACCUMULATION
29.26457297248883,8.061704365101766,22.655515465197816,646.2491441523239,193.95216240065108,DUST_ACCUMULATION
31.844547197737377,8.267617286940169,26.377852506610196,625.1172185398601,209.06644880651305,DUST_ACCUMULATION
30.084534826117384,7.413360668540587,24.19748151741421,698.8957249533552,177.9247749887655,DUST_ACCUMULATION
31.178696787650935,8.313242493915808,32.94362295835871,678.6479399681136,207.6515429885112,DUST_ACCUMULATION
32.08715704606935,7.2701601811065615,33.06877632919011,661.8173362847699,203.93979198531937,DUST_ACCUMULATION
28.425162267509688,7.790700692854026,31.853705522784153,692.3180705544999,173.49337202754958,DUST_ACCUMULATION
32.69579616277559,6.873675846614216,29.374224156098197,658.6775055230625,178.19241501768613,DUST_ACCUMULATION
28.240059328045962,8.13435066256624,26.616047497569205,541.4225030630247,200.20085221800136,DUST_ACCUMULATION
32.245815350718104,7.798556524289973,23.934841701215746,523.0444942982981,217.29499909843102,DUST_ACCUMULATION
30.750698374126586,7.906355140924135,31.758216042395148,606.8455553985945,193.27098777937928,DUST_ACCUMULATION
32.69991642695413,7.726945616319657,29.383529429062484,706.6822859103502,225.32901348610238,DUST_ACCUMULATION
30.86047303364087,7.305939422026424,33.96536360815287,656.1634179907072,186.91307090364774,DUST_ACCUMULATION
30.799184014267947,7.506917885455651,32.65966182755977,616.4998749731492,203.1900749854292,DUST_ACCUMULATION
32.20088148911502,8.201364974149921,30.666263349708093,690.9755433615164,218.262791700749,DUST_ACCUMULATION
28.5733160307098,8.232172147433275,27.978020988248144,545.4752065055702,186.72681967388382,DUST_ACCUMULATION
28.796211970049463,8.07665454143408,30.53028008159537,560.7637360369766,205.04709847119065,DUST_ACCUMULATION
29.406473977641223,8.14807549163541,27.865670892819303,666.3097365077132,197.8587529959721,DUST_ACCUMULATION
29.73570298547388,8.230311318230864,22.423627054168836,714.9473894515015,209.92838875527926,DUST_ACCUMULATION
30.16241694099721,7.867692702955723,23.472891357507795,622.8104910587095,213.15332959488768,DUST_ACCUMULATION
29.176347189233535,8.027872768361794,27.219656509980407,650.4916296975907,188.45346322907557,DUST_ACCUMULATION
30.35232491308801,8.466157613560767,24.343445812192115,647.2890055697515,218.18389633325523,DUST_ACCUMULATION
30.825257931452015,7.845709592407749,28.026855684258738,523.3861500515316,214.7620770110845,DUST_ACCUMULATION
32.134894137420154,7.096085057565906,26.95927812854643,674.1097961387136,204.68317643028678,DUST_ACCUMULATION
32.75568523220893,8.328910639449497,23.900486767589676,702.895021201801,241.55775067841583,DUST_ACCUMULATION
29.88474955583195,7.470688410711645,27.51890706346193,651.2351261932833,181.1306169552985,DUST_ACCUMULATION
28.114742147199724,7.040090191815311,27.281390890921283,576.4005138852403,172.5441708885492,DUST_ACCUMULATION
28.533450352746357,8.359690883443166,32.74392615932693,701.7513633866577,207.22441729239534,DUST_ACCUMULATION
28.534999857417997,7.544833871328263,23.576864461665565,717.5398385522166,176.53168441886345,DUST_ACCUMULATION
30.92665270945031,8.124968192215178,33.047393010707744,671.109545168272,216.33545514604631,DUST_ACCUMULATION
30.329908910190756,7.829180227375891,23.129965706233957,696.7845083922525,200.7124257975654,DUST_ACCUMULATION
28.20067525217471,8.363833613621825,27.871623686042426,693.7178283122004,208.2285523428403,DUST_ACCUMULATION
32.07875793728557,6.904385132802105,24.964799745090506,695.1095744930861,196.65106444529005,DUST_ACCUMULATION
30.29034431184403,7.548070495012144,24.101687606633796,713.6821577382302,184.18192567973637,DUST_ACCUMULATION
28.954683921753826,7.923239249253596,24.914131636005372,707.7543222028779,179.24387997012496,DUST_ACCUMULATION
28.028766311616508,7.658290562440519,27.856749518961664,552.6728043801821,180.16687997833142,DUST_ACCUMULATION
30.05830552584993,8.313560193082028,22.111047042603563,715.2539610065904,213.63905094171017,DUST_ACCUMULATION
28.75921722822638,6.879492023478982,28.457267902710782,566.978033194364,161.47229731925455,DUST_ACCUMULATION
29.225660824172568,7.905292933073269,28.642347545393605,535.5948847043624,194.80685896374897,DUST_ACCUMULATION
31.9559488278165,6.938030804394551,32.67686771476504,635.6613298895459,198.22656770338136,DUST_ACCUMULATION
28.74070608861188,8.489060498900637,29.73127439163612,633.4988398962125,205.39189156790277,DUST_ACCUMULATION
28.118271865491565,8.397386625634283,29.72793367425038,538.3252968998582,184.76726725164022,DUST_ACCUMULATION
28.253918196183758,7.835972797834809,29.368184978735023,619.9334583562882,180.83965031888332,DUST_ACCUMULATION
30.658713658073207,7.677713095489638,22.232986718518788,576.4938460654996,185.10557781942825,DUST_ACCUMULATION
32.50077375723828,8.03287937673473,33.95338204231495,580.4342526610576,231.1604018282858,DUST_ACCUMULATION
31.01527133966241,7.570313191736128,24.670877335463622,667.6784330572286,208.61490959248843,DUST_ACCUMULATION
29.176541990376855,7.098163569455141,30.354662980058404,715.3946325451038,180.1757688450837,DUST_ACCUMULATION
29.422903695238244,7.513924221051235,26.61181162550046,690.4190036094091,192.9078397762137,DUST_ACCUMULATION
30.9448771738076,7.267430487674735,33.25586233266468,650.6630449538293,201.6040294990761,DUST_ACCUMULATION
30.900585165210153,8.196027689218145,31.75726455273432,587.4657553667184,226.84238420200577,DUST_ACCUMULATION
28.10970733798782,8.106808544904604,33.58668502916853,587.7816406567446,195.4693863071014,DUST_ACCUMULATION
30.81111624922105,8.09456242645009,32.39413505974063,640.6089138599095,218.9525906634058,DUST_ACCUMULATION
29.561427879446278,7.188597999798189,27.16801227439408,655.5473199161567,170.52898715299222,DUST_ACCUMULATION
31.401760960759457,7.469959202572515,31.546903286711583,527.3671634206606,201.7671334712579,DUST_ACCUMULATION
31.24911168324984,8.399590309413034,30.560410642768844,679.2603792846562,233.22661111239609,DUST_ACCUMULATION
31.37525959145994,7.293261179431957,32.437285595002265,669.515623895195,190.14059403266913,DUST_ACCUMULATION
31.55264586324981,8.275071091207941,33.70782557669526,710.470300791811,213.8514889557515,DUST_ACCUMULATION
30.108468568590908,6.986212228461531,24.97053144421655,696.4842416973901,173.17675858796292,DUST_ACCUMULATION
31.102763292974405,7.932141551121957,31.381951301719745,556.5600060491262,201.45909588528662,DUST_ACCUMULATION
30.2416817072909,7.420229804105065,33.79486279431627,686.9881606427425,187.94919583460606,DUST_ACCUMULATION
32.39634313043234,7.391010010891605,31.429939886683176,564.7351196212908,208.95565526729158,DUST_ACCUMULATION
30.28226701597864,6.982748845686812,25.27914945466699,600.454924804713,183.94657264058787,DUST_ACCUMULATION
28.364913573654754,7.921229891657488,30.592163691194123,650.7842739851503,195.7636280281386,DUST_ACCUMULATION
28.89084308011419,7.7980757036071635,33.29373936644656,642.1568539609075,192.25610014925468,DUST_ACCUMULATION
31.682198210566344,7.3664471946139605,30.405710815858487,703.246766662643,182.3456284099939,DUST_ACCUMULATION
32.35056520554433,7.17165116314006,27.471079284404503,690.4695601905275,203.90383810452687,DUST_ACCUMULATION
32.45963739063028,8.398708547475294,27.365883481261104,651.2727621602014,225.41706915101165,DUST_ACCUMULATION
29.75358358746083,7.533712198016038,30.91691361739211,620.2881494283106,196.7379090426838,DUST_ACCUMULATION
31.726092385980778,6.834813383911479,29.56285788527394,607.3142246617182,181.0186551252402,DUST_ACCUMULATION
32.091865269349476,7.730933576343951,32.627461881507365,662.5611184783381,209.97721938037637,DUST_ACCUMULATION
31.772689880755518,6.865193386573193,22.325003857938494,536.6698653841704,181.59132220970434,DUST_ACCUMULATION
29.177250728134716,8.473244200506834,28.507481668136403,652.4831492162317,201.1080464587992,DUST_ACCUMULATION
29.608984542938042,7.370285254039965,30.384828461803608,614.7412415378617,183.77348155366792,DUST_ACCUMULATION
30.960014910796726,8.10697981560497,23.08443698214974,675.3747824437644,212.73804262473246,DUST_ACCUMULATION
31.345477224276287,7.3568380002292955,26.91264204179739,566.233163930784,206.97041877214372,DUST_ACCUMULATION
30.485014862551584,8.493330756854217,27.877431736735197,563.9502528768135,217.7237723928338,DUST_ACCUMULATION
28.19797785899539,8.338108662417318,31.822603014333293,665.1641041388569,200.59762082832117,DUST_ACCUMULATION
30.899171168351817,8.494437963935088,25.335969208239256,675.9368730731155,223.0396856842833,DUST_ACCUMULATION
32.879402718794424,8.207265411607029,33.98230135587511,637.6649988924893,217.1065301142317,DUST_ACCUMULATION
30.51843517847367,8.008888927885977,31.292324634179057,520.1019978031887,205.45920214884578,DUST_ACCUMULATION
29.17617289985323,8.28735011653314,23.834865328602742,653.2912499149667,196.31850683448164,DUST_ACCUMULATION
29.78271071607136,8.398950743286637,24.885377504896955,539.0005523645862,197.1916861367102,DUST_ACCUMULATION
30.52307555049731,7.890909519883289,25.927523722850648,658.0519483586162,189.63079729185756,DUST_ACCUMULATION
32.28667322461438,8.188164256556703,33.82595525670503,707.3009961803691,217.50757602302656,DUST_ACCUMULATION
29.996376920077886,8.068140240713042,23.608993263459798,582.802942048967,192.21432288734923,DUST_ACCUMULATION
30.274432245364157,7.73840727580504,24.53392563955303,525.326337382821,202.9585187169273,DUST_ACCUMULATION
28.100025822130842,8.454784435178205,24.659287080908747,652.7800184232582,197.70671566631853,DUST_ACCUMULATION
28.298369301685536,7.602712131278595,28.201127611561596,690.9366416185737,186.71988959490383,DUST_ACCUMULATION
28.39651237376693,7.155576561834851,25.742652210579372,543.2815372929639,169.6315324249007,DUST_ACCUMULATION
32.92154595431268,7.674841745104194,30.902586019878033,656.5875595398693,222.8501865909967,DUST_ACCUMULATION
29.078617452328047,8.081504644878148,32.576262883668996,554.3019645960485,193.07898619892643,DUST_ACCUMULATION
32.850508821657805,8.127339338165648,25.39108999045039,632.7883539288974,221.20403096162354,DUST_ACCUMULATION
30.44982588163565,7.403782525364204,25.351972222364086,654.9526082782837,196.90833255791162,DUST_ACCUMULATION
32.369785613736724,7.06406094444092,31.874266283742887,570.9601648954127,190.08234622502783,DUST_ACCUMULATION
32.50721842924624,7.572656121670423,24.364762408531796,551.9737310474236,205.98137144636144,DUST_ACCUMULATION
31.813362119882772,8.495248744756312,31.44890354117082,695.4023917885706,235.05800964867714,DUST_ACCUMULATION
32.47717550378053,6.929699023633653,33.15917918777974,599.2812307451312,200.43439362760802,DUST_ACCUMULATION
28.378664187297378,8.015913027105931,30.828264984042455,719.3821778595545,198.42309211970556,DUST_ACCUMULATION
29.912868529078033,7.747322537751527,26.398611257999082,559.2037290609717,187.67150951558796,DUST_ACCUMULATION
29.110052671371605,7.732986061277462,32.87392761438272,702.5453252176795,177.06328192003352,DUST_ACCUMULATION
28.399497004759468,7.216702397192984,25.0607134296337,538.9778350478502,169.4154610164953,DUST_ACCUMULATION
30.938626963456436,7.7828757410190885,28.521156175103112,587.7343849774994,208.23038360552047,DUST_ACCUMULATION
32.13241970490536,7.3886662530115945,23.026424311593544,579.2660502183713,189.09788302681628,DUST_ACCUMULATION
30.336793636135905,7.065089757237333,27.554137091895726,564.2005784649295,186.17915349354473,DUST_ACCUMULATION
28.137841204179228,7.743068716514274,24.03385929904068,520.1983728939255,192.6661781396218,DUST_ACCUMULATION
31.357638939070338,6.9682027974858896,29.968868412206266,642.3294665475197,182.84675730990136,DUST_ACCUMULATION
30.09629049212807,8.30801859695675,24.941776238769414,599.6620114026766,204.90668557551498,DUST_ACCUMULATION
31.85600514518317,8.357991020595318,32.19738038488276,679.5407860599537,239.20491972558554,DUST_ACCUMULATION
31.485722752051927,8.076791445063007,33.79363047646023,521.3981570798348,217.70571600319911,DUST_ACCUMULATION
31.69485765976645,8.360305991387232,32.60613165021211,688.3921362467588,236.75713850088337,DUST_ACCUMULATION
30.686895939568537,6.811764162494205,22.132652784364115,628.9278111235716,173.96317432446963,DUST_ACCUMULATION
30.256225266827244,7.4806880532570625,33.01270970909483,591.834070233958,199.7986984734123,DUST_ACCUMULATION
32.5143239689582,7.649153008998223,27.36325644838106,672.2041208430894,215.12079012301197,DUST_ACCUMULATION
29.64267558298103,6.974331814071899,25.178228802189764,546.2057011624598,168.56740542300452,DUST_ACCUMULATION
29.309107827903993,7.8841094206074125,33.45395234145735,657.1487464660968,205.93464258013563,DUST_ACCUMULATION
31.920661293042215,8.037391957520995,26.968743282560098,584.9589005726738,226.17031135372088,DUST_ACCUMULATION
32.526966164645025,7.568200239206584,22.108757178239735,678.506211781294,200.43413048846463,DUST_ACCUMULATION
28.049439325084602,8.168480550259407,28.208970265802776,657.0421492676938,203.86360412983328,DUST_ACCUMULATION
30.70586915069053,7.655429923384242,25.487945456179162,581.0387668879905,205.82082607325086,DUST_ACCUMULATION
30.245146227929684,7.077994554633804,23.134345168005947,614.5840233723559,178.92271314106665,DUST_ACCUMULATION
31.26729139102698,7.6008147121667395,23.721708449610578,621.5605769597028,211.2329427443049,DUST_ACCUMULATION
28.797207058101062,7.972582889662173,29.126311179586317,669.7171453423605,183.22785784640337,DUST_ACCUMULATION
32.70802668452997,7.855642927204169,32.164853652293644,569.3213527360472,223.2136097441878,DUST_ACCUMULATION
31.905153521669597,7.475639963058028,26.607441434601064,651.5592530051499,188.71237983121694,DUST_ACCUMULATION
31.678120751087544,6.872907491726998,24.287083613449912,652.8287514482735,172.39107169601814,DUST_ACCUMULATION
32.85921045738395,8.276273556085231,29.515627988880837,683.8114911338699,241.08789595029916,DUST_ACCUMULATION
29.297378247859093,8.243999699513843,24.33752540365122,602.668452829763,204.57172198837637,DUST_ACCUMULATION
31.56945481537016,6.8512402401282975,25.486112953338267,641.7038196420781,177.98156609628433,DUST_ACCUMULATION
31.87512527814747,7.907808673956217,24.81281744468483,549.1857959184666,215.63575668122115,DUST_ACCUMULATION
30.25233663852379,7.087226969872241,25.91649046382053,580.6093496637174,170.01812392735164,DUST_ACCUMULATION
30.73454509632614,8.098202677651342,28.905602666235843,685.2582729874705,197.94790313562225,DUST_ACCUMULATION
30.17805928911112,7.836005676218768,30.11201873130289,659.1572612846854,205.13673698578532,DUST_ACCUMULATION
31.257149060980083,6.9601877511994745,30.34366813122756,664.9565313548775,195.62984619234692,DUST_ACCUMULATION
31.46681218350563,7.967611672777633,28.177759482183664,693.5845817170227,225.54857720480797,DUST_ACCUMULATION
31.89522435098716,7.841250642358274,22.947457923178817,665.3478263459256,216.34200764603025,DUST_ACCUMULATION
31.87784073904716,7.0117441602791315,29.844790001513722,579.144780990335,194.7372578620138,DUST_ACCUMULATION
29.20186977015733,7.962763750594698,25.539915363807758,521.7988585634862,199.04430291284342,DUST_ACCUMULATION
28.56634541579461,7.9207955037399636,33.10731338028325,713.849186842218,182.89500717564246,DUST_ACCUMULATION
32.04626613825327,7.401040570683149,32.80548487297579,677.4979137258747,187.10095067321953,DUST_ACCUMULATION
30.035684969386388,7.373440304216446,31.422172248679324,602.0571421306319,190.93733110040958,DUST_ACCUMULATION
31.0121762779522,8.458585822465977,33.253419481619375,605.5399029477437,227.3859515497957,DUST_ACCUMULATION
32.14730046990611,8.328105781565647,22.817611165317803,580.4157598546993,219.1144462690603,DUST_ACCUMULATION
30.172229756099394,7.087750076216212,27.954470559400097,652.6428654596912,179.56905985369434,DUST_ACCUMULATION
31.328965475988078,6.91295077409043,32.51184798048892,707.8138384202136,184.98780523661546,DUST_ACCUMULATION
32.406954993184485,7.023458228301961,31.56938704091572,543.8296386945188,188.6789488049994,DUST_ACCUMULATION
29.619092672791375,7.795506102874772,25.618174422874404,647.4627259334266,190.27812042466215,DUST_ACCUMULATION
32.303951905152324,7.877602528373339,24.583579567857353,587.2258844056174,224.37056621827617,DUST_ACCUMULATION
29.932398749937292,7.710858411461596,29.78730323142799,589.5619299171833,188.1696916738783,DUST_ACCUMULATION
30.376274513040144,7.165297652557741,25.41052704302876,532.4156968064073,177.71021761784172,DUST_ACCUMULATION
29.603520466817848,8.435116382695243,29.076745905590563,677.4764850831612,196.1328633452527,DUST_ACCUMULATION
28.53268346804186,8.184712833466406,29.48259459301163,558.1964061080406,193.4987330021514,DUST_ACCUMULATION
30.693362499908115,8.23413670953365,22.72494390033393,639.3444578734725,218.87827371461987,DUST_ACCUMULATION
32.8894592895523,8.172172133096714,25.31472776278328,661.915838775653,234.26539764719465,DUST_ACCUMULATION
31.648677499591976,8.19424491551818,32.84475971456365,539.6859737978681,205.54316898518172,DUST_ACCUMULATION
31.98199994385323,7.2290332100865005,22.702497063400934,600.2458361961212,203.08173370662075,DUST_ACCUMULATION
28.632825119069903,7.9421313520675945,22.043390341258814,541.94748944249,186.95065575151747,DUST_ACCUMULATION
28.41801140512207,8.238032834643093,32.36884603774563,671.1141406199049,189.4166240754497,DUST_ACCUMULATION
30.6162353761999,7.113120493389731,25.37534140087733,623.2010584347582,189.074327329315,DUST_ACCUMULATION
28.473271901968197,7.304384385967746,33.11945618286307,605.8246635563776,185.656086236081,DUST_ACCUMULATION
32.95700270776068,7.695321704389407,25.456528117418205,678.1553617145158,202.66792189279315,DUST_ACCUMULATION
29.260234298360352,8.13429584614878,27.20375109678436,560.3075873975333,204.24593599857232,DUST_ACCUMULATION
31.663809306908416,7.012621107065967,25.32376311969921,564.2553510744467,183.31754969856226,DUST_ACCUMULATION
31.817224477880323,8.013303773866351,29.95028692460445,521.2571091737183,203.21856789468742,DUST_ACCUMULATION
29.116487745510334,7.262324938266044,23.7571184997868,602.063110294778,166.84131094710932,DUST_ACCUMULATION
31.750110951938904,8.139125338403378,28.891200275210778,537.9409754083936,229.16777904410725,DUST_ACCUMULATION
32.828179143540574,7.144018052547041,30.455677833288636,688.3877261284972,198.12240447854987,DUST_ACCUMULATION
29.616615497633745,7.613549815636599,28.147225009413425,600.1274088376056,201.04046217745503,DUST_ACCUMULATION
31.719415554712512,7.210212791833438,29.02668624783842,657.7378301862335,182.23542957846848,DUST_ACCUMULATION
29.792128711900745,8.339432078726658,28.80607720222242,563.3995492120633,197.45125605110945,DUST_ACCUMULATION
30.59113446737439,7.731065729149545,26.01297341625535,646.0832056838237,186.42090407815687,DUST_ACCUMULATION
28.7256984663307,7.728665495719141,22.74178832613345,696.1817529982202,176.95579767827746,DUST_ACCUMULATION
31.369599370422684,7.465045850914523,26.79745297050698,672.9779057222288,196.69230340529515,DUST_ACCUMULATION
31.628277318219332,7.658825088879707,29.114864096863162,672.1429255739329,206.59705054434156,DUST_ACCUMULATION
31.078075546943943,8.141673305426911,33.389041789832476,595.3432307870673,214.88466370650997,DUST_ACCUMULATION
28.431365788667726,7.409966596967074,26.94459071067263,687.0474633648103,177.3059695469081,DUST_ACCUMULATION
31.65533186649229,6.8323125800436415,27.573912035539788,700.2635330327169,174.51944511330544,DUST_ACCUMULATION
28.157610926535565,7.53679484731291,30.453181847771145,610.892701368294,177.2440357034758,DUST_ACCUMULATION
31.349025206191598,7.232460974081183,31.02267749970373,550.6227061811467,187.61732180375324,DUST_ACCUMULATION
31.28004054235459,8.208227312291337,31.498372853980662,664.3371198615396,211.33179111298682,DUST_ACCUMULATION
28.61152158146862,7.1686181700780836,32.378005774917824,691.4662740265319,183.4023523463177,DUST_ACCUMULATION
28.37994325947771,7.712575444971675,29.784196538850804,662.1314754133714,187.63995749262273,DUST_ACCUMULATION
31.850056949511412,7.41110167969188,24.153193265625784,560.9166744300877,184.453627982759,DUST_ACCUMULATION
29.751609360531113,6.955964886495961,25.857864313482292,645.6420154332495,183.6354884957917,DUST_ACCUMULATION
32.198027254952585,7.229546160327881,23.608997706376563,558.6144547593462,208.68897463167534,DUST_ACCUMULATION
30.747372398427455,7.110253779100977,32.08895385624178,599.038248862511,194.11559273696747,DUST_ACCUMULATION
29.303385634172432,7.468476989967201,28.059373153481015,698.5230668178064,193.51977670749358,DUST_ACCUMULATION
30.87177535151939,7.1770183666275145,26.840283660854503,715.1266130731011,188.98201356544422,DUST_ACCUMULATION
31.905488775620984,7.564769982114413,28.384087305601675,605.7908224465089,208.6176394030717,DUST_ACCUMULATION
32.25735506943439,7.662518023481758,27.77040950363471,588.0572934196794,198.04741368882722,DUST_ACCUMULATION
32.696238614375545,7.337335521755159,31.608297562891426,663.0694042574949,209.8937994690126,DUST_ACCUMULATION
32.68384066686051,7.8597302923755255,32.77540412058454,553.5394645824588,219.69046998915735,DUST_ACCUMULATION
31.861378064573064,7.261789922265096,30.88904561550358,675.6953658232474,203.54659276490642,DUST_ACCUMULATION
29.564414562979664,7.958731203286126,25.651039400917146,667.8080774996911,196.6025377077415,DUST_ACCUMULATION
30.9877218726361,7.506927968431967,23.94379512315789,555.6059059210727,183.61093855205112,DUST_ACCUMULATION
31.09036339860831,8.2426852765202,22.250041915144973,533.2479004176707,213.95720545749077,DUST_ACCUMULATION
31.68860368084095,7.068102996010317,25.259815834590327,566.4012402563615,185.4285437288377,DUST_ACCUMULATION
29.124993385087855,7.39941775352608,30.74251118394333,642.2018496908379,170.19567140635095,DUST_ACCUMULATION
31.18872833122859,7.611031191650663,33.21478689648566,577.8608634208107,205.84028500284415,DUST_ACCUMULATION
31.65430411522285,7.176551327715618,32.83868349965123,618.2366400859206,195.6981451593576,DUST_ACCUMULATION
28.729277794417523,7.238266658886348,29.033285415246674,583.8054536746699,174.67048290192488,DUST_ACCUMULATION
29.870025996866445,7.888941454294882,27.845744353369707,520.9219871946336,202.17257147690336,DUST_ACCUMULATION
30.11060778525091,7.380887178833379,23.129761027398683,564.0739381132983,179.31735819976572,DUST_ACCUMULATION
32.676847497023644,7.53527205706913,22.50479016658204,547.7633364486642,194.39378576603832,DUST_ACCUMULATION
30.944346951036056,7.117256535663605,27.98269168338131,594.0124125739951,193.03168495121847,DUST_ACCUMULATION
29.60244818632681,7.579051320074574,30.65542658317391,606.6702413861278,196.35536498907908,DUST_ACCUMULATION
31.308421781183323,7.497899493709417,28.047783108236352,713.4406911684387,201.74036128086126,DUST_ACCUMULATION
32.52497612986163,7.103889455900809,27.798833874941824,701.7323339690101,189.16688176714473,DUST_ACCUMULATION
32.8383209907321,6.965031733805217,32.832054043300445,609.0424244131717,180.42557066462533,DUST_ACCUMULATION
32.39760796293044,7.228298361095493,22.2670015059427,547.1614211138385,201.18221504072457,DUST_ACCUMULATION
32.88905744569097,6.9894856372919785,27.543376577497142,556.1273101895065,199.85658858521637,DUST_ACCUMULATION
28.590294498809072,7.2077309724175125,24.356871611788858,630.5039560733956,182.32806403487797,DUST_ACCUMULATION
30.555451005782093,6.899013869711501,28.760667167161976,679.5041998636019,167.76899712286232,DUST_ACCUMULATION
28.363556071722957,7.119273221847867,30.95303587385953,638.3360839064003,170.6031035954546,DUST_ACCUMULATION
29.247399473158843,7.364802211919661,33.59062015532011,568.1250453458772,191.3188965109612,DUST_ACCUMULATION
30.902657522288685,7.009603992831121,27.607748537860815,709.7097434721752,179.8401355266695,DUST_ACCUMULATION
32.316932823946814,7.235928780907903,28.851065821604475,688.7704116403947,208.23314732455913,DUST_ACCUMULATION
30.429116835756503,7.887469773647229,22.035761569387972,570.6446615026779,195.23401751614415,DUST_ACCUMULATION
28.467465058272154,7.27548152270686,25.85346439669767,713.7532079136387,178.16659351915914,DUST_ACCUMULATION
30.13002539708172,8.479692583182366,23.838787842815336,615.2102387860969,219.12322639171006,DUST_ACCUMULATION
28.277903172420384,8.018898058741302,23.19840823506388,548.0564617199354,181.2162435354705,DUST_ACCUMULATION
32.64444913327759,7.961500426734885,29.86513001323725,631.0986992929984,211.8530518223204,DUST_ACCUMULATION
31.10444852299676,7.497254523810687,23.744993801111377,657.9194580655467,185.52061035244597,DUST_ACCUMULATION
28.953342905105867,8.19008883014093,29.921405153501848,646.1982308427284,196.86198500070117,DUST_ACCUMULATION
29.981402591196854,7.973446435615182,30.880066463308548,622.0426404728621,214.2680355710089,DUST_ACCUMULATION
32.77849779459436,7.5011301330216895,31.847467051397842,628.653568319683,206.88251167789215,DUST_ACCUMULATION
28.274820306893258,7.775757007796127,32.806935166757974,676.0267698390185,192.23472931839882,DUST_ACCUMULATION
28.799645192881695,7.409364060127058,24.79845899980283,583.1830564911272,181.28184703236553,DUST_ACCUMULATION
29.82391906685124,7.7531862896892525,27.262014979294925,577.3231116899456,183.00693323790662,DUST_ACCUMULATION
32.45919228672391,6.819334722207903,22.019829857703655,685.3595479527091,199.1303794739184,DUST_ACCUMULATION
31.635514138568283,6.825965524706904,24.720282720022162,714.3645400523923,189.38896897664515,DUST_ACCUMULATION
30.833999219023553,7.20266320604861,22.172442471120988,524.1722945274818,189.53734390067245,DUST_ACCUMULATION
28.109159381762115,8.489171241273134,24.200606001924857,662.1414723738554,190.5664112092595,DUST_ACCUMULATION
30.700467105488574,6.93703919039257,31.20134109439892,636.984218944966,168.31898194459066,DUST_ACCUMULATION
32.24293094600003,7.729931645120393,33.059107720159815,703.3246747356225,221.93461187348407,DUST_ACCUMULATION
28.38892600100234,7.005628194982689,33.85246971659437,617.5201642797412,160.8133490407577,DUST_ACCUMULATION
31.84832244249329,7.249284876061219,30.726588256223707,687.4571555699522,201.8127565257134,DUST_ACCUMULATION
29.370239040989677,7.482751575934703,26.959012038799315,618.2545836208943,175.83478578275037,DUST_ACCUMULATION
30.262350252071712,7.668331083876316,28.38050795897263,683.9800859968916,195.4145665578614,DUST_ACCUMULATION
29.153919612568377,7.927318855015118,31.5677697290395,583.8743332876523,198.16427050846474,DUST_ACCUMULATION
28.734689979730064,7.381274717782709,32.91068715459561,702.2616326325142,180.08000705465244,DUST_ACCUMULATION
31.511757304325535,8.2518262058501,33.50263822375152,617.977288057954,220.34619885287836,DUST_ACCUMULATION
30.07820783323915,6.922369292995929,27.07364166938582,678.1254678766154,182.51618355677329,DUST_ACCUMULATION
32.4618855729665,6.887493398799148,28.325855074967606,541.4848975874153,179.77905473602766,DUST_ACCUMULATION
32.501082511903036,7.644545139330483,31.10253905075936,532.8768211857362,206.2232391446097,DUST_ACCUMULATION
31.371201403321688,7.026791018172963,25.909814549268198,532.9095610047766,189.17200082977575,DUST_ACCUMULATION
32.85445629529059,8.20597733494281,33.69547740169079,689.1209590196793,237.95787525813188,DUST_ACCUMULATION
30.885885976856713,7.681028929402457,26.87505119713393,683.618979009176,190.22674486774122,DUST_ACCUMULATION
28.281124579120966,8.411419498563948,22.045338222441725,715.3658643751703,206.35577595446682,DUST_ACCUMULATION
29.642494598489137,7.986293733246727,31.814501886221528,569.0724111972872,206.55189731115863,DUST_ACCUMULATION
32.0218481250412,7.223902871213087,22.503116252535804,560.8244569116196,186.0014108596265,DUST_ACCUMULATION
28.326202270877417,8.034212553913832,26.559699093500896,696.8772334907717,184.39806290677117,DUST_ACCUMULATION
30.266160825499636,7.8863296291754965,32.52957939606134,624.9242203238749,196.87610112616804,DUST_ACCUMULATION
32.33507539236005,7.327418921968938,22.953084395590917,609.008421502048,207.12916963211813,DUST_ACCUMULATION
28.153904158767617,7.795999816482307,29.133568582326834,705.7083526854763,178.74557367818326,DUST_ACCUMULATION
29.39418306605348,7.5488222072774525,26.282978817658183,667.2691725378654,190.16325706533914,DUST_ACCUMULATION
31.79460518953133,8.194071045037772,33.075773592809774,606.1873463569295,233.9961187431695,DUST_ACCUMULATION
29.078304067018262,8.014420775310459,28.40811180768627,683.3801189369767,195.10881813608452,DUST_ACCUMULATION
31.919693176812157,8.381286814901053,30.787531193681048,675.2188572436648,210.8284786635057,DUST_ACCUMULATION
29.0247883111614,8.456316358856109,30.318244045448733,632.2898034622009,202.25398261354286,DUST_ACCUMULATION
28.221945006034588,7.427531043539029,27.98695447947491,562.2919018773773,167.85824972842642,DUST_ACCUMULATION
30.542082756787586,7.796037200566825,24.879015026254297,637.4778948912426,211.4489192010694,DUST_ACCUMULATION
30.36586629010677,8.257563288298208,33.12725733439982,538.4788057874172,198.4664370596727,DUST_ACCUMULATION
30.380220914438006,7.799774155340095,27.11060157358035,585.2901540835006,203.05462064983672,DUST_ACCUMULATION
28.010407561749602,8.445724577468361,24.784949058256267,703.4197537166015,187.6179167678973,DUST_ACCUMULATION
29.190435910222863,7.19928529184875,33.95383485040775,520.9201091451769,180.0476327508854,DUST_ACCUMULATION
32.348432905304264,7.942865211842053,26.35280581860333,711.661872540587,227.96227454560824,DUST_ACCUMULATION
30.16977460124759,7.774658437438978,33.61023025366289,716.512072385294,195.61780939059705,DUST_ACCUMULATION
32.23675014071544,7.313366385821691,26.461754475167975,552.9643765980453,189.8102107839843,DUST_ACCUMULATION
31.284366511296795,7.668328750612037,24.773582327507235,600.5819232723305,197.8642216122668,DUST_ACCUMULATION
32.93680102267667,8.251061923259345,26.65559600060589,702.7833157792066,223.14949481456318,DUST_ACCUMULATION
31.339507563674296,8.443304994359591,26.683346367862626,655.9769930209868,215.7915293546786,DUST_ACCUMULATION
29.331561577989874,7.776066332933638,33.75117517639862,610.6267697440339,203.56886925877853,DUST_ACCUMULATION
32.571817601223806,7.231396440986491,26.82183288501193,648.6604956988366,198.36343245757695,DUST_ACCUMULATION
28.479792649315872,8.489286651216169,31.03184801453536,607.5388076449424,206.51782131971058,DUST_ACCUMULATION
28.43786408633115,7.642012811272337,33.16998898980985,699.3201916109956,178.31002163745848,DUST_ACCUMULATION
30.656839319106695,7.985551990948999,26.080111202894862,532.9758436187877,205.8017605820032,DUST_ACCUMULATION
31.008178679116682,6.809930720206567,23.146904482462368,561.4581287188305,173.5270826012078,DUST_ACCUMULATION
30.705256114152903,7.299532961891431,25.314205772878044,693.8698687626163,178.725836850403,DUST_ACCUMULATION
30.4773006658618,8.419802018791431,29.50015898939255,663.4410959788877,213.43732715399,DUST_ACCUMULATION
28.0996608355986,7.898421626224249,29.58309137713749,542.0855272926666,185.42428756014627,DUST_ACCUMULATION
32.57664472332825,7.148644214352357,27.533185055609323,612.2206370401041,204.30260050412076,DUST_ACCUMULATION
32.12287935164722,8.090758013427767,26.385449910259283,534.407385003704,213.62039577083243,DUST_ACCUMULATION
31.3989560063567,7.9946691766314295,33.58000251372063,610.7282462887417,214.84972863664663,DUST_ACCUMULATION
30.69595435361266,7.056051552192503,27.534429665585634,628.9670309377989,193.652942370268,DUST_ACCUMULATION
29.83269527204478,8.466168475283562,28.507600888289012,568.4938486606115,202.8125361764822,DUST_ACCUMULATION
28.708474586301158,7.56998587997487,22.26311715746708,609.0090566629731,195.28808162981449,DUST_ACCUMULATION
31.35053397861133,8.091636406040688,23.428064688619152,614.6201722980181,206.5811455355852,DUST_ACCUMULATION
32.47048763994515,7.108197202423651,27.504799925640903,637.6095436691276,194.26646194146207,DUST_ACCUMULATION
32.151217639852035,7.193470391243388,26.528693325084294,678.4168593147905,195.05329779188938,DUST_ACCUMULATION
30.010586928239785,6.850052275066213,31.040625088187312,714.4364155933521,175.64958207274836,DUST_ACCUMULATION
32.28270610344397,7.678688763431374,24.780171585080375,522.8884208470291,212.7897226575483,DUST_ACCUMULATION
30.465544241241222,8.129566850048922,30.336189009223656,717.5904736413129,208.35070614836624,DUST_ACCUMULATION
30.135873948365045,7.2874574720468015,27.722335501495294,694.5742956245845,172.41728427211993,DUST_ACCUMULATION
32.88950023643095,8.488622230323257,29.17385654305482,586.3088407390803,225.23817586621007,DUST_ACCUMULATION
29.382451978424395,6.885179225058452,27.701331501800304,531.4648541728811,175.23866670452563,DUST_ACCUMULATION
29.85964727766427,7.138920043970177,28.538242694032462,714.7518614486028,184.05056100731187,DUST_ACCUMULATION
30.458734250520802,8.12075430873266,30.849717662787864,698.3470922115587,199.00629203683573,DUST_ACCUMULATION
32.29438788129366,7.311744347970888,33.291987133901166,576.213029789347,210.44270168777146,DUST_ACCUMULATION
32.8189535723204,7.047335307676924,33.693998599153396,537.1445936858564,186.46941756878638,DUST_ACCUMULATION
30.220843904364024,8.489115521709907,27.86275661398455,630.0818886356972,221.48604277528588,DUST_ACCUMULATION
32.84146779136476,8.131697380211216,24.689848053084383,580.598186132871,211.4330396693069,DUST_ACCUMULATION
31.2222618208237,7.107258521116677,25.08885866175239,697.6227310360754,181.7866892508564,DUST_ACCUMULATION
30.833233591770835,7.475862214941601,22.888375448870963,592.572765979341,191.08131628847823,DUST_ACCUMULATION
32.47850550955759,7.351566111198777,26.550893437144815,676.5793537344668,207.98468326349132,DUST_ACCUMULATION
31.991426383242455,8.421410258129207,31.546689980737412,601.5216406435782,236.70108415022435,DUST_ACCUMULATION
30.54337316044969,7.272113855281561,25.63500481757215,564.7684777126797,177.11422331036187,DUST_ACCUMULATION
28.922452059268252,6.907402684921493,32.66141037918864,706.2015619298246,169.89456783593172,DUST_ACCUMULATION
32.202447783043425,7.11207087451035,32.82008590272382,621.2723119261017,180.4862552380074,DUST_ACCUMULATION
28.7065637224708,7.325259983337589,22.522690964257016,581.8586756034887,165.53305560408634,DUST_ACCUMULATION
29.180138025964126,7.25163858495595,33.93242771640153,567.1093347527329,171.12450736820554,DUST_ACCUMULATION
31.433944841791924,8.260907713477968,26.64466495122504,695.1236039881385,213.1439560820071,DUST_ACCUMULATION
28.985079398075097,7.36038600135713,29.312276487135907,593.4286318624147,183.63300120173298,DUST_ACCUMULATION
29.18467939711241,7.991687919781553,26.1692603589816,611.1736743203869,197.53345531451572,DUST_ACCUMULATION
31.431125015929968,7.205813276142847,32.031346448929725,664.368549951048,183.02212911211925,DUST_ACCUMULATION
32.87487281301455,7.930154884751779,27.429122637600468,551.5054651107033,220.0296770388369,DUST_ACCUMULATION
28.82387943413559,7.5301358537863345,26.904550272874225,663.9879288694921,174.30798770448968,DUST_ACCUMULATION
32.109356774354225,7.354424955927482,27.3278635236253,674.4681951107685,201.91582546486845,DUST_ACCUMULATION
29.540126759009688,7.456544971727998,25.669441767875323,638.9540334554314,180.60043753484157,DUST_ACCUMULATION
31.628488473915702,7.7856381695923345,23.748479340970107,582.0537237359765,198.61713223206735,DUST_ACCUMULATION
29.951566062757426,7.677172946555917,28.08115428740932,670.9047353126577,184.57567259951375,DUST_ACCUMULATION
32.732364146487235,7.382836681699686,25.602986162993663,657.035715636044,211.85212035576274,DUST_ACCUMULATION
29.892358824068268,8.06963985731976,32.60483147363266,673.3607330413915,189.14191224265565,DUST_ACCUMULATION
32.13684455683094,8.116617629372424,30.03148285783823,672.0044838175806,234.11422348325743,DUST_ACCUMULATION
30.155564439091748,6.9142794994228165,27.5306796355326,529.2867310782096,169.99540726158725,DUST_ACCUMULATION
30.934398958983795,7.326358917974465,30.22474295091446,684.3972655371442,188.21090172978364,DUST_ACCUMULATION
32.50068975646502,6.93572618329568,32.0813579704054,685.7146290878597,184.53429492637062,DUST_ACCUMULATION
29.493575935623074,7.318661467960972,31.736724548132933,686.330697522039,176.9063377699498,DUST_ACCUMULATION
30.96295173722231,7.036186490048772,27.625344859372266,719.7585701711076,174.0842447349208,DUST_ACCUMULATION
32.73781319980029,8.201233027340514,33.66657581135524,555.9157521221066,216.3018598704436,DUST_ACCUMULATION
28.084335908674294,8.031993081956529,29.72913632123423,555.6130876649464,197.36242094905188,DUST_ACCUMULATION
29.495977530658628,7.02949246786208,27.070751980232178,538.1939696853713,168.27633457320047,DUST_ACCUMULATION
29.856666792136732,8.248169096674054,31.510584895518654,608.5508571501236,213.49732143012272,DUST_ACCUMULATION
30.843248180895024,7.379431153632716,30.710492121943417,656.6998308932756,194.44151407992396,DUST_ACCUMULATION
31.089777605216252,7.96106938695586,26.614546151710456,693.8151630135405,197.87684028337108,DUST_ACCUMULATION
32.41942731619577,7.38187913315439,23.50037938730347,640.005480535826,197.46427767999057,DUST_ACCUMULATION
32.0774986355176,7.532335296498904,30.022750306745316,581.6515979009652,194.53531827021862,DUST_ACCUMULATION
29.94024515474412,7.8315733188241365,29.883360870536222,635.6413330596037,210.6952203006669,DUST_ACCUMULATION
31.455450932475827,8.38358336691476,23.415198338742094,532.2745859626958,215.5347952590322,DUST_ACCUMULATION
28.68294469188212,7.693976497988055,28.227775042279344,635.00943328879,191.87035831562474,DUST_ACCUMULATION
32.8566485010616,8.293039775446548,23.42040687490698,587.7027377541315,220.9004092418069,DUST_ACCUMULATION
28.884086788898966,7.7260322903148335,28.639172824392766,565.4489655776123,193.12830851764517,DUST_ACCUMULATION
31.664571495847525,6.835665991217686,26.7490924446678,698.0281282403242,182.34443669401583,DUST_ACCUMULATION
29.73813900719497,7.231249457711721,24.920254239019386,539.9536067701613,188.822990139183,DUST_ACCUMULATION
28.433287026970856,7.296901101965087,22.548108862796237,676.2773139447401,162.8084543698125,DUST_ACCUMULATION
29.541505519341044,7.774605529147329,26.914736323521325,576.4542134498201,186.72980889027988,DUST_ACCUMULATION
31.988951530031247,8.455762761648316,26.17649284538552,527.8291027218033,212.1698539974622,DUST_ACCUMULATION
31.79606707605359,7.739028696735516,31.403111889007967,659.499402057715,218.73241097603002,DUST_ACCUMULATION
32.429121455233116,8.140156572556002,27.702269920505724,581.6252815207705,221.96421615297143,DUST_ACCUMULATION
30.51035803659912,7.837468433111874,24.23317081339485,651.1239760889978,199.6188020102755,DUST_ACCUMULATION
31.101024159704295,7.207328198963228,27.212738726528258,562.040242890504,198.3856385720439,DUST_ACCUMULATION
30.43980522520769,7.182468406475481,22.494504348898555,655.1477329307083,176.16510124460058,DUST_ACCUMULATION
32.94791096159389,7.7072906348057915,25.467723954976385,651.5354867585261,206.45921076511308,DUST_ACCUMULATION
32.10137146954873,7.324001286580901,33.85897278875091,641.0289570890587,207.20976890404089,DUST_ACCUMULATION
28.36407734789211,7.39210900955652,30.849845033993795,651.0118034681166,168.4301171652844,DUST_ACCUMULATION
29.78101465254855,7.24785379272882,29.360442037142114,588.913645891755,176.36684832198165,DUST_ACCUMULATION
29.03688990218171,7.495346105554902,24.346031082358643,712.5139174755265,173.79552237950776,DUST_ACCUMULATION
32.566523574793884,7.52840426686619,26.534391898740665,566.2639601809698,209.94019232167335,DUST_ACCUMULATION
31.427640075054182,7.59487063582911,22.66848274832109,703.7020301377099,214.25654865982523,DUST_ACCUMULATION
30.155217076059174,7.8432233725958564,27.40358351492496,584.3759301772241,186.67543882981772,DUST_ACCUMULATION
30.280338651986494,8.191253745811068,22.204377533056043,636.4215366360445,219.68183606820313,DUST_ACCUMULATION
29.08774715007179,7.111534969971405,31.267319508423316,571.0172862238587,166.11528425203048,DUST_ACCUMULATION
29.889946252846176,7.467253420859371,32.489212756198796,643.6886943867354,184.96579386452103,DUST_ACCUMULATION
30.671939821428836,8.421740896652967,23.358576119318744,561.5431043449382,231.3185067192405,DUST_ACCUMULATION
32.78662424263602,7.101181216150113,23.74130580550358,604.2170268677239,182.99160494297647,DUST_ACCUMULATION
31.2745176614257,6.931743236824961,22.69635552513137,617.0373872417698,194.0100770073967,DUST_ACCUMULATION
30.133979680315797,7.406017969722937,33.97548058602743,626.3937921558366,184.12402093869164,DUST_ACCUMULATION
29.92930406670801,7.131431143256968,28.146676689370466,607.7710056336011,173.41802730472597,DUST_ACCUMULATION
28.8027004330088,7.329106076734841,28.10419993225275,531.6666544569604,168.5510841769454,DUST_ACCUMULATION
32.738286334845476,7.722854096753276,22.761391643920454,658.6175517539145,199.08484348947457,DUST_ACCUMULATION
31.694371135231865,8.074936626924046,29.812947708991032,666.44090892387,202.32700019577197,DUST_ACCUMULATION
31.633902761776337,7.032370143530601,26.074070887262124,708.5490507001266,186.94426508079545,DUST_ACCUMULATION
32.83713216041507,6.951168180107453,27.73067919475816,532.4804640553741,195.3019592167677,DUST_ACCUMULATION
28.393535006842583,7.098125264318641,25.105963720831365,669.7487703328966,161.16728530973683,DUST_ACCUMULATION
32.23316026646534,7.024236696012362,22.422933388841876,599.0090837939335,203.213450056501,DUST_ACCUMULATION
28.551711138943887,6.97292135486737,31.01399812954749,582.4323387987131,172.42562382697776,DUST_ACCUMULATION
29.000052947216815,7.582122390136877,25.183478532987014,610.3056429758174,191.8011898832298,DUST_ACCUMULATION
31.81004970238831,7.67681288904533,33.140462124652615,572.7568204896548,197.51792170697962,DUST_ACCUMULATION
31.06903200587717,7.856204958168542,22.55848047477969,641.5555424773795,201.35334867172025,DUST_ACCUMULATION
31.737212626602794,8.173779629726964,28.625845834564437,520.341006300453,222.15191231633025,DUST_ACCUMULATION
31.744406398329673,7.223271552593574,27.575752013689467,713.1453246823577,187.0556975495744,DUST_ACCUMULATION
29.115766255208705,7.158453143812617,28.705610012247956,709.9574202616013,177.79446652907492,DUST_ACCUMULATION
29.5166156011883,7.885568622714672,29.49810757117345,639.3850271459308,186.00200762210892,DUST_ACCUMULATION
31.17283399672497,7.531279569274649,22.2231047034764,627.952897429499,210.99181175913517,DUST_ACCUMULATION
29.748697954219917,8.44145067114172,23.154468899951134,666.4900231734613,199.32058523485887,DUST_ACCUMULATION
29.367857867776372,7.770429420047611,29.113356327720986,675.0422634468342,194.84642766428337,DUST_ACCUMULATION
30.968073521902802,8.351000247881535,27.425929026509884,565.053155739011,206.74012667344132,DUST_ACCUMULATION
29.9999729840475,8.011679683829282,22.51052181915881,545.8106773018812,190.5336624088136,DUST_ACCUMULATION
30.926250765257294,7.212869905903153,23.99511313961676,638.5541439486044,194.3710547000588,DUST_ACCUMULATION
29.660774582263322,7.7829478296502135,23.177492958393522,707.038206091514,189.39427153399447,DUST_ACCUMULATION
32.987528465867506,8.463599184944629,31.34588139202974,524.0134190813933,235.97885234746414,DUST_ACCUMULATION
28.434182102200058,8.321734644134578,31.475635031768835,714.4680753191366,201.83973462586349,DUST_ACCUMULATION
30.61086402242169,7.682255555105459,26.637380493452138,613.7380134458282,201.3560459223233,DUST_ACCUMULATION
32.66473803778138,7.813003375035253,32.28539130780841,692.5559822605001,214.95290897411337,DUST_ACCUMULATION
29.737348207488107,7.887275584664538,27.350528102978114,536.2881734643865,193.58005870245282,DUST_ACCUMULATION
32.97036069024662,6.882470179044688,30.36000294281112,688.2377410142494,194.6605420209863,DUST_ACCUMULATION
30.848741155816448,8.002842508863887,27.152112847595866,538.2723474617753,221.0751067641983,DUST_ACCUMULATION
30.16150384992098,7.93116170318563,28.375725242671543,530.934614395511,213.93773686567218,DUST_ACCUMULATION
31.962686130571615,7.053466420597971,33.7797865154592,667.3802744343416,188.6272934598395,DUST_ACCUMULATION
31.056850282797868,6.981452359424815,28.724938120187332,534.7322144034118,183.29748573400082,DUST_ACCUMULATION
30.763478443813927,8.286545934773265,30.70069000326753,569.910478443024,226.0175507124151,DUST_ACCUMULATION
30.86621332424003,7.830845113575857,24.02777643066614,691.5547191938228,215.53532369015346,DUST_ACCUMULATION
31.87495324747454,8.399279169496511,25.62759884946815,692.2238336725543,224.53353773292037,DUST_ACCUMULATION
28.819586014717924,7.936961018356782,30.209443248470546,577.384902751338,179.1718047286727,DUST_ACCUMULATION
28.999236295427817,7.479621831045607,24.010754932718424,558.8059896479208,179.37186246943008,DUST_ACCUMULATION
32.8089330715428,8.099213976193003,25.83698081471877,710.3208137837096,227.85458488467097,DUST_ACCUMULATION
30.2772482232007,7.59611033822375,26.9289336140247,566.5984105091879,190.06222114383345,DUST_ACCUMULATION
30.639481920216962,7.697646496241376,31.140842826550216,591.7595714314705,204.25146381805607,DUST_ACCUMULATION
30.890459193843423,8.435137187695618,26.62341911240779,700.243292852158,228.90061640286424,DUST_ACCUMULATION
31.188321422947283,7.912674593461599,23.015799215276928,710.0449211186865,195.65757085956176,DUST_ACCUMULATION
30.816166543717536,7.361120360763563,27.15822373947822,642.0366021673634,201.67620494722405,DUST_ACCUMULATION
30.287835617861507,8.47914024402095,29.113744784218,552.1107885284349,206.17121261589133,DUST_ACCUMULATION
31.580555177946255,6.8856762502137485,27.76409891466672,549.6438219607033,180.9183013445645,DUST_ACCUMULATION
31.749587110358597,7.579981978010438,23.961413307771124,570.3850740713285,198.33011906375305,DUST_ACCUMULATION
28.347805917432073,7.793373981337907,29.2904054953366,532.4303854265135,182.9872193881298,DUST_ACCUMULATION
30.070003414423624,7.367493266539422,28.69287688397334,589.1914980120223,183.87181197102993,DUST_ACCUMULATION
31.987617737208026,7.0755859042313425,29.429376343641053,621.1188803381691,184.82395226916756,DUST_ACCUMULATION
31.637673282452052,7.737020211219951,27.728338323528344,653.53386295424,214.49570918979177,DUST_ACCUMULATION
32.86334395016788,7.869895626239835,32.493279824804596,520.2183082045914,218.1884997347585,DUST_ACCUMULATION
29.07323774385099,6.960127177041333,28.383652204772705,669.3653012298188,167.84664826177752,DUST_ACCUMULATION
31.350537246722176,7.6325227315296145,27.24503039151311,578.0513280871721,197.6270832482771,DUST_ACCUMULATION
29.74897815397214,7.898518212825298,23.392222135349673,538.5272737375612,201.88903547312532,DUST_ACCUMULATION
30.731490349394402,7.5313401644625175,23.82931461289484,602.2054223738623,202.46440428963444,DUST_ACCUMULATION
32.44810617894628,7.994380168939174,22.71894611057057,654.0819553202236,209.83541894164543,DUST_ACCUMULATION
29.576256215132027,7.132984453531973,31.309069487442457,649.7204245274559,180.04348004256758,DUST_ACCUMULATION
31.33986304834638,7.202512844386636,27.33573297190434,646.6507443097978,193.30957854773763,DUST_ACCUMULATION
31.959259313775654,7.288076743369788,31.24403346036187,608.0368961233871,200.4105151621857,DUST_ACCUMULATION
30.278596900326434,8.412637288644603,24.151627176899733,655.0010177164714,216.30662245152857,DUST_ACCUMULATION
28.863655204738723,6.9122107708798355,31.589732667659963,551.490266729253,160.08433248054996,DUST_ACCUMULATION
32.892171119945196,8.019343447510272,25.005842099214668,638.1897920303203,222.64957459342946,DUST_ACCUMULATION
32.22236633756924,8.03984527131546,31.98065350591823,562.3013175954725,221.9718555194205,DUST_ACCUMULATION
28.2012042920919,6.917199040874674,30.562324392455167,524.8840205287863,165.72881159141093,DUST_ACCUMULATION
32.20202549222265,7.445901074310648,22.538085242078953,662.7694899257453,213.772670947007,DUST_ACCUMULATION
31.585856960291338,7.783360313104718,24.76034595854872,523.0751248088994,212.25212748236277,DUST_ACCUMULATION
29.155130879221463,8.258876551210008,27.596369425991334,626.1271164744912,209.59985029687124,DUST_ACCUMULATION
31.897153039016715,7.892506416236966,33.26118178495292,716.4596872640839,224.96905544877376,DUST_ACCUMULATION
32.12089592671972,7.999562874415227,29.959910294580013,540.7500353841068,208.79448891459973,DUST_ACCUMULATION
28.028441117646885,7.033596779397786,27.27075372603026,549.3073101578146,175.10034003950653,DUST_ACCUMULATION
32.02849592667641,6.921740250552181,24.986964585607193,683.8143769223018,194.2840427386559,DUST_ACCUMULATION
32.727252750588946,8.495831194749513,33.71524075889346,602.0275971442883,225.22758268519308,DUST_ACCUMULATION
31.792050952135313,7.3087639176648524,31.676804321575958,626.7909460795848,203.37855367129075,DUST_ACCUMULATION
29.37939939858505,7.663646436441495,28.768285523226183,708.6216135440264,182.8226368618753,DUST_ACCUMULATION
32.683441196424475,8.168260156291717,30.770728649040343,677.374053837025,227.6295535114462,DUST_ACCUMULATION
29.220400052312428,7.122141447027749,32.39609723020469,665.0278805191666,167.65166122001355,DUST_ACCUMULATION
31.075466829372008,7.56082901840418,23.903862039557126,626.3714218714329,191.2032690935858,DUST_ACCUMULATION
28.48122062078786,7.593829107527198,29.081302625122742,529.3812820762301,179.13541511851454,DUST_ACCUMULATION
29.288309599183428,6.8521060042022945,23.50795059533807,547.8068317636755,160.93959897988427,DUST_ACCUMULATION
32.01688785718961,7.547136173012836,23.76503190724464,540.0593933855779,197.11510392393666,DUST_ACCUMULATION
31.990077593522262,7.419581741497394,23.918768323527257,600.823236309232,200.95191998021744,DUST_ACCUMULATION
28.14792091819007,7.866991062448294,26.741209036177473,521.9451750262389,190.62984810625582,DUST_ACCUMULATION
31.56193817781324,7.869027640549761,26.103162611181066,625.9209708131922,205.26079634704018,DUST_ACCUMULATION
31.503108650798474,7.7920863165972705,22.9815893659294,648.6187116437995,211.71443181701537,DUST_ACCUMULATION
29.8535109030735,8.288835827631498,32.11617225813956,555.0333047799476,219.86303966926593,DUST_ACCUMULATION
30.204361857475387,8.030374409478299,31.76916408360683,621.022484213938,200.80719377407388,DUST_ACCUMULATION
32.57725684307549,7.192451039990219,25.083640932629734,592.3240628026874,206.92785806876944,DUST_ACCUMULATION
32.69394132106538,7.174115115083265,32.36644177157494,571.6405918937139,210.2687569264291,DUST_ACCUMULATION
30.987039459907912,6.81204699466055,22.409558848854136,549.4969061609416,169.3977012472651,DUST_ACCUMULATION
31.838095614132982,7.178701989908815,33.629699440598316,647.2224114405876,197.26733673534068,DUST_ACCUMULATION
29.08908259642604,8.317600733961644,30.013774873839175,692.8811248683728,216.49270227654927,DUST_ACCUMULATION
28.628204885547984,6.964198291457207,31.64089391907563,693.225211818834,169.47686308455815,DUST_ACCUMULATION
29.830002738752604,7.90947038132788,25.667968871109487,567.6771384306936,197.85355780183508,DUST_ACCUMULATION
29.080769138031897,7.6222961341357935,33.479278065562866,687.956807123478,197.94342426579595,DUST_ACCUMULATION
32.03164487423679,7.40307659110867,31.744542862618708,704.5831487106428,211.91230258352772,DUST_ACCUMULATION
31.415989253424986,7.159323294485692,22.47674984037629,549.4400456320311,201.49561032427476,DUST_ACCUMULATION
30.310484120963846,8.253476225214499,27.58052984269949,652.1635166919679,195.85485754182392,DUST_ACCUMULATION
29.249324713596835,7.541657776072402,29.567572565849957,554.3042376106357,192.2970916405034,DUST_ACCUMULATION
29.822023530681186,8.189639957697604,23.17562908474081,655.9513175364743,199.0974827383129,DUST_ACCUMULATION
31.97691587061309,7.483689725972098,29.984195587162798,706.8610537272947,187.25047460491365,DUST_ACCUMULATION
28.055583911671867,8.109474728700413,29.756716618096938,578.5959441008865,190.9605001283754,DUST_ACCUMULATION
28.209678327994343,7.127157529114109,27.093956494326008,686.8088832442965,168.39548857300696,DUST_ACCUMULATION
30.931812522629894,8.285381446389426,25.705826963066144,660.1398642204111,226.3994182583965,DUST_ACCUMULATION
29.013078503480884,7.406012880751315,33.75772208667226,716.6437129592422,173.35544467012076,DUST_ACCUMULATION
28.33222919446314,7.26056673922709,26.772783487644247,608.2011201862327,175.72748391531624,DUST_ACCUMULATION
32.49751380065773,7.3615916202421765,32.1998144259905,538.6957841853254,187.8042110335483,DUST_ACCUMULATION
30.520225915617306,6.901425779662028,26.70987761481076,699.3556233738468,170.39751537576615,DUST_ACCUMULATION
31.529878875624515,7.314021167063114,22.539040662905627,631.3381162820618,202.97904496338083,DUST_ACCUMULATION
30.047342241713096,7.849399504978748,32.80028317189271,677.9389025473976,189.4529762428262,DUST_ACCUMULATION
31.666919796825027,7.653218142772259,30.951601694633016,618.9031101044436,192.75733755978172,DUST_ACCUMULATION
30.849547233446195,7.6366277870754775,28.215060803697302,695.7804907291741,209.05486188651213,DUST_ACCUMULATION
30.26768553382859,7.57474447017615,28.182243506471394,623.9178556668514,204.97801662317707,DUST_ACCUMULATION
31.24700233688747,7.271676891309505,28.37844156344788,645.4447165815966,194.67424791198144,DUST_ACCUMULATION
30.926271131190912,7.102151462856614,22.40311826895409,587.5686104733709,182.589861168458,DUST_ACCUMULATION
28.309021197880433,8.185444474633739,26.128929250123285,702.726549235701,185.0367233142916,DUST_ACCUMULATION
28.284674784686565,7.619937377456747,24.26955204190848,707.4798551155723,168.3778912929637,DUST_ACCUMULATION
30.063098375295176,8.375471211286786,26.61301848075722,538.6218561200922,205.55024483892473,DUST_ACCUMULATION
30.490051969172168,7.114757868483666,27.598740461719142,687.2686391571675,191.92045552739634,DUST_ACCUMULATION
28.246303673553662,7.073535708689374,25.30348162920165,638.9731701775204,164.5002293372652,DUST_ACCUMULATION
32.220204567230375,8.018342176080994,23.205472277362098,644.9115005024182,205.01870067137918,DUST_ACCUMULATION
29.2751783481823,7.1023800770081875,24.07674339040846,643.2791049553718,176.2426870409802,DUST_ACCUMULATION
28.880140763938634,8.483293769211334,27.062040788419523,539.4138656309873,194.64371074638842,DUST_ACCUMULATION
30.919468568632972,8.464417985751904,28.863413219430374,709.8082953233275,218.08630235808957,DUST_ACCUMULATION
30.179205518260062,7.650012510837,30.369105497866663,593.5231932902666,204.01319277716524,DUST_ACCUMULATION
28.146406923840733,7.547599131548352,28.131902199759015,641.4064476526192,172.73925428169866,DUST_ACCUMULATION
30.13739985492918,7.623714175363896,30.24291974419856,674.7088369471628,199.55464894150404,DUST_ACCUMULATION
29.707915261447926,8.499065889086339,32.183983741446156,572.0046746289938,202.85329356589142,DUST_ACCUMULATION
29.57010625291695,7.568986250099396,32.20959253983537,675.672452758907,197.4389400252184,DUST_ACCUMULATION
29.359785574551644,7.808884078168122,25.398988747328495,541.8046321438986,197.65207544335388,DUST_ACCUMULATION
28.714987755977194,7.935086194901001,29.77557165886491,682.0496888848033,181.5434051364717,DUST_ACCUMULATION
31.917400742544054,8.498770094108604,32.21250938303083,670.3624152655333,233.13591740713338,DUST_ACCUMULATION
30.108907423427148,8.041850285415723,30.690136421685438,646.2996565374576,211.99890681921408,DUST_ACCUMULATION
30.243819442134175,7.006129610625064,28.70881273131085,573.0087057422685,175.05085399912826,DUST_ACCUMULATION
28.087074519706132,7.450743999460402,31.705613273625456,628.544473387651,163.47640379770917,DUST_ACCUMULATION
30.349219101199235,7.2954678009971925,27.730607864766053,600.9385442895754,197.46330365426164,DUST_ACCUMULATION
28.20588649481508,7.962099619179285,32.2123191556209,711.8477169300951,179.95808521620052,DUST_ACCUMULATION
30.65652400983097,6.87410228143926,27.99020229346106,545.0916179081964,185.56315112196083,DUST_ACCUMULATION
28.569350013026824,7.672590212657042,28.253152827913045,714.330099586321,188.20539804352347,DUST_ACCUMULATION
29.43920146538401,7.209358826894835,23.53897846774078,671.3029448098118,183.13801623908657,DUST_ACCUMULATION
31.049385636540528,6.86942875301498,31.153946396731534,648.3775154296959,191.03812432713005,DUST_ACCUMULATION
30.93601064938406,7.316718241324904,26.57824662627184,555.1681410756465,196.18885866426533,DUST_ACCUMULATION
31.538608300108628,7.141105026312049,23.901871878187343,535.4009866404389,200.31947863632658,DUST_ACCUMULATION
29.165349168474254,7.385077995478067,25.366054100529887,602.7249205221582,186.4586726896494,DUST_ACCUMULATION
32.352978168631424,7.110417874198518,30.23694812489398,590.5124284484971,206.5013237396853,DUST_ACCUMULATION
29.494595796420384,6.812228025213361,28.18767968823814,550.1462168551875,157.79345073607348,DUST_ACCUMULATION
31.49134615973854,8.044840780264376,27.52838815739803,655.3771033513154,213.97053025019727,DUST_ACCUMULATION
31.149005538609657,7.814396754419534,29.98987316866711,559.9261297346343,197.70906405519935,DUST_ACCUMULATION
30.19981574753846,7.558417616012616,31.292940539042853,593.4787318459064,182.49626529994333,DUST_ACCUMULATION
29.257329852455378,7.165046954053188,30.779920231072264,614.0679229251964,181.33755334470214,DUST_ACCUMULATION
30.081098403788136,8.312550524256638,33.80224369267282,653.9685017405224,220.9591342407606,DUST_ACCUMULATION
30.539666335860314,8.388855428601644,31.979037828073935,718.3557143532078,218.9862785339906,DUST_ACCUMULATION
31.896033701341143,7.722875837962963,25.109441251257074,590.9510342259515,218.56305100201163,DUST_ACCUMULATION
28.279739732993104,7.805515806326493,26.4698083900493,597.3385076011111,195.6066180281748,DUST_ACCUMULATION
32.26911187273113,7.818032038473197,25.27502616885201,615.0912692324048,209.13969882468064,DUST_ACCUMULATION
29.768090146012476,6.974735483547404,28.517366640583845,580.3662595748967,178.41114718335788,DUST_ACCUMULATION
29.596019679127654,7.532977938329163,22.62832449033289,718.5076139810956,187.4783818666864,DUST_ACCUMULATION
28.121187970820863,7.720092119893945,32.444247991667794,674.5104268532405,187.59643240535505,DUST_ACCUMULATION
28.697323272995174,7.918153034278703,31.195580536147123,634.4838127930993,201.58234297856137,DUST_ACCUMULATION
29.38494890892443,7.211645989556726,32.43483693931175,645.0796485982905,165.32960451135838,DUST_ACCUMULATION
29.76565704255526,8.258355175884947,22.32783413970092,520.6495856523018,200.0325296799031,DUST_ACCUMULATION
32.57000018504639,8.332511888499027,28.225143349618094,630.6473742279245,222.49656779193964,DUST_ACCUMULATION
29.21868331013905,8.1858771521606,23.275538325995697,617.4708741757272,204.769089072401,DUST_ACCUMULATION
28.518401451855148,7.683332062302989,28.930255454949318,668.499212101473,177.08552173065684,DUST_ACCUMULATION
29.46663751645379,7.768185949276157,33.79751691977937,563.498636564023,205.62488997480867,DUST_ACCUMULATION
31.571712665272408,8.20433951837104,23.07569521883607,580.0840374861265,203.8341560342269,DUST_ACCUMULATION
29.857734975015877,8.468192421864089,23.263276746476063,632.4745564742399,197.40020345253697,DUST_ACCUMULATION
31.563414080220312,7.135227577032469,23.555014445497154,587.4035624321575,196.50329580764767,DUST_ACCUMULATION
28.533065431556054,7.190726292857782,22.101573059407713,713.6829725391236,174.61440943519605,DUST_ACCUMULATION
31.599498181923497,7.907351390965225,23.732374706436094,638.9879877987988,198.83769353240817,DUST_ACCUMULATION
30.00618226981564,7.767237331072998,28.70657336922587,543.8146851965482,182.7539073761325,DUST_ACCUMULATION
31.99117156936907,8.03406814289321,22.981826854776855,545.4831037603107,228.0043626253372,DUST_ACCUMULATION
31.8456445081089,8.493472503568347,25.04784939046026,617.560597773763,218.64939601409534,DUST_ACCUMULATION
31.114000692386547,6.99620420645524,23.5269180729164,534.3775782810245,187.90789406199553,DUST_ACCUMULATION
30.470362887166033,7.850143067802871,32.55161255907231,668.0656969510717,199.8265444774557,DUST_ACCUMULATION
32.92177994197113,7.575635371941354,23.349408078802398,718.5309494505432,195.21764061630236,DUST_ACCUMULATION
30.74941779743876,7.325462330789506,28.042625812203816,631.7425905189043,182.18778610964853,DUST_ACCUMULATION
30.78429377868631,8.085303890409413,25.19811804692798,596.6852266627814,202.15417347433018,DUST_ACCUMULATION
32.10279865494101,8.032469840656315,32.45435724662089,554.0099785803319,203.41134586307328,DUST_ACCUMULATION
28.596917519293367,7.073731165801202,28.396991928097627,714.182414072553,166.45547291463626,DUST_ACCUMULATION
32.79254134680102,6.864941351481606,33.1224664337759,556.2305214609943,200.2425618905674,DUST_ACCUMULATION
28.281137150577305,8.411973060741555,24.40957917182633,580.5428120146321,199.57755948511942,DUST_ACCUMULATION
29.903604406177376,7.934797547747355,33.697693207000924,641.2852981609882,205.62086102788646,DUST_ACCUMULATION
28.440026251528508,7.867281129419009,27.44619732455696,697.1564715839256,184.94489870500018,DUST_ACCUMULATION
31.397270720249594,7.187861338040435,25.112470402290352,595.2244861844547,184.2642970383889,DUST_ACCUMULATION
29.269394196950373,6.884436800031375,32.04095598102951,532.8603061782569,178.62941870973577,DUST_ACCUMULATION
28.6273269453403,6.910944953006521,28.756057167768365,620.4883585149444,165.97907943714938,DUST_ACCUMULATION
30.87252163750699,7.287996230402564,29.955391281155336,620.4804439414366,184.53710688847724,DUST_ACCUMULATION
32.13250333490364,8.037125863755406,26.723324103335464,689.5235570457746,229.9564509745077,DUST_ACCUMULATION
30.684331335421813,7.165419165266766,32.98950587856385,557.8959240191034,172.77314983164638,DUST_ACCUMULATION
29.637435044365652,8.035842785583768,33.07928903624259,647.4571293628879,212.96916570618376,DUST_ACCUMULATION
